Year,District,Season,Rainfall_mm,Temperature_K,Area_hectare,N,P,K,Production_tonnes,Yield_tph,Crop
1997,BANGALORE RURAL,Kharif     ,1017.719873,300.3654188,11240,101,68,69,26256,2.33594306,Rice
1997,BANGALORE RURAL,Rabi       ,1014.831997,300.2537697,195,142,22,98,422,2.164102564,Rice
1997,BANGALORE RURAL,Summer     ,1017.462387,299.3068834,4350,64,39,47,12398,2.850114943,Rice
1997,BELGAUM,Kharif     ,1016.181507,299.8139011,58549,121,39,61,181319,3.096876121,Maize
1997,BELGAUM,Rabi       ,1016.66236,298.9816069,26432,110,72,99,50103,1.895543281,Maize
1997,BELGAUM,Summer     ,1017.597475,299.5418226,3484,70,49,95,6721,1.929104478,Maize
1997,BELGAUM,Kharif     ,1017.629134,299.8367439,2501,132,54,88,2525,1.009596162,Ragi
1997,BELGAUM,Kharif     ,1015.291614,299.8557169,63734,136,54,20,91677,1.438431606,Rice
1997,BELGAUM,Summer     ,1017.704124,299.6194202,40,124,68,58,114,2.85,Rice
1997,BELLARY,Kharif     ,1014.565313,304.070975,73445,124,58,36,217603,2.962802097,Maize
1997,BELLARY,Rabi       ,1016.580843,303.9058292,600,137,46,54,1225,2.041666667,Maize
1997,BELLARY,Summer     ,1017.3833,304.7202412,267,149,45,65,578,2.164794007,Maize
1997,BELLARY,Kharif     ,1014.054475,304.6447795,17185,73,33,61,12676,0.737620017,Ragi
1997,BELLARY,Rabi       ,1015.422314,304.9688856,31,52,36,58,37,1.193548387,Ragi
1997,BELLARY,Kharif     ,1017.245517,303.7372282,34112,71,37,68,96733,2.835746951,Rice
1997,BELLARY,Summer     ,1014.990501,303.4412473,23573,102,64,81,65571,2.781614559,Rice
1997,BENGALURU URBAN,Kharif     ,1017.645989,301.859833,5972,51,71,57,16426,2.750502344,Maize
1997,BENGALURU URBAN,Rabi       ,1017.211012,301.3810473,339,137,48,42,694,2.04719764,Maize
1997,BENGALURU URBAN,Summer     ,1016.396372,301.0696239,440,79,39,41,953,2.165909091,Maize
1997,BENGALURU URBAN,Kharif     ,1014.646441,301.4644615,178931,87,72,23,309672,1.730678306,Ragi
1997,BENGALURU URBAN,Rabi       ,1014.98716,302.270269,961,51,46,68,1303,1.355879292,Ragi
1997,BENGALURU URBAN,Summer     ,1017.4401,302.4201205,2040,113,37,78,3777,1.851470588,Ragi
1997,BENGALURU URBAN,Kharif     ,1015.782673,302.5170381,3507,109,23,92,11033,3.145993727,Rice
1997,BENGALURU URBAN,Summer     ,1014.995942,301.3597427,1252,70,20,87,3490,2.787539936,Rice
1997,BIDAR,Kharif     ,1017.124114,300.0654074,292,82,69,90,522,1.787671233,Maize
1997,BIDAR,Rabi       ,1014.787479,299.9131339,38,125,20,21,68,1.789473684,Maize
1997,BIDAR,Summer     ,1015.161542,299.2802345,18,107,77,68,39,2.166666667,Maize
1997,BIDAR,Kharif     ,1016.235731,300.3484292,9385,71,45,50,6109,0.650932339,Rice
1997,BIDAR,Rabi       ,1016.600812,299.657153,2,138,64,59,3,1.5,Rice
1997,BIJAPUR,Kharif     ,1016.505061,301.1153391,37593,98,39,67,132035,3.51222302,Maize
1997,BIJAPUR,Rabi       ,1015.058575,300.6906508,15892,140,71,70,35590,2.239491568,Maize
1997,BIJAPUR,Summer     ,1014.82847,301.3223694,2758,108,42,62,6624,2.401740392,Maize
1997,BIJAPUR,Kharif     ,1014.759705,301.494105,450,91,29,74,635,1.411111111,Rice
1997,CHIKMAGALUR,Kharif     ,1015.810559,297.3385884,340,141,78,68,742,2.182352941,Maize
1997,CHIKMAGALUR,Kharif     ,1016.391085,298.2107292,53900,109,30,99,60319,1.119090909,Ragi
1997,CHIKMAGALUR,Kharif     ,1017.645742,297.3780054,48109,129,60,76,112905,2.346858176,Rice
1997,CHIKMAGALUR,Summer     ,1017.366582,297.8980744,3431,64,60,96,12040,3.509180997,Rice
1997,CHITRADURGA,Kharif     ,1017.262111,301.8376841,109411,111,24,34,261359,2.38878175,Maize
1997,CHITRADURGA,Rabi       ,1015.323896,301.7074979,494,111,77,46,1010,2.044534413,Maize
1997,CHITRADURGA,Summer     ,1016.34402,301.2287503,45,96,20,87,97,2.155555556,Maize
1997,CHITRADURGA,Kharif     ,1014.387891,301.5390261,62426,111,36,99,53619,0.858920962,Ragi
1997,CHITRADURGA,Rabi       ,1016.135387,302.7343646,44,100,41,83,60,1.363636364,Ragi
1997,CHITRADURGA,Summer     ,1017.457269,302.6042455,1197,104,53,49,2072,1.730994152,Ragi
1997,CHITRADURGA,Kharif     ,1014.814018,302.6276473,39725,113,75,55,136465,3.435242291,Rice
1997,CHITRADURGA,Rabi       ,1016.808614,300.8788358,355,52,64,86,756,2.129577465,Rice
1997,CHITRADURGA,Summer     ,1014.430011,300.9327748,32958,100,60,68,110865,3.363826689,Rice
1997,DAKSHIN KANNAD,Kharif     ,1016.214518,300.1642955,92885,56,48,95,180119,1.939161329,Rice
1997,DAKSHIN KANNAD,Rabi       ,1015.03543,299.9741536,40539,70,23,74,78462,1.935469548,Rice
1997,DAKSHIN KANNAD,Summer     ,1015.194353,300.197321,5312,122,24,75,10650,2.004894578,Rice
1997,DHARWAD,Kharif     ,1014.813631,300.1840652,109236,88,30,87,281572,2.577648394,Maize
1997,DHARWAD,Rabi       ,1016.068937,300.251668,1789,67,75,63,3654,2.042481833,Maize
1997,DHARWAD,Summer     ,1015.454796,299.5151681,143,53,70,50,309,2.160839161,Maize
1997,DHARWAD,Kharif     ,1016.54113,300.5238662,5389,138,40,77,3889,0.721655224,Ragi
1997,DHARWAD,Kharif     ,1015.118561,299.7780161,89655,109,54,72,103406,1.153376833,Rice
1997,DHARWAD,Rabi       ,1017.614289,299.8237039,19,63,31,98,30,1.578947368,Rice
1997,DHARWAD,Summer     ,1016.761722,299.1350211,2464,58,45,42,6181,2.508522727,Rice
1997,GULBARGA,Kharif     ,1016.623967,301.2858293,1267,139,70,47,3407,2.689029203,Maize
1997,GULBARGA,Rabi       ,1014.498713,300.316426,228,102,38,35,462,2.026315789,Maize
1997,GULBARGA,Summer     ,1014.371214,301.7472584,126,51,64,56,271,2.150793651,Maize
1997,GULBARGA,Kharif     ,1016.686202,301.4189104,76,133,79,40,99,1.302631579,Ragi
1997,GULBARGA,Kharif     ,1016.479304,301.3711262,6591,141,26,98,12179,1.847822789,Rice
1997,GULBARGA,Rabi       ,1014.113334,301.3345054,1846,109,66,36,3963,2.1468039,Rice
1997,GULBARGA,Summer     ,1017.106586,302.0445732,636,120,74,56,1792,2.817610063,Rice
1997,HASSAN,Kharif     ,1016.381345,298.5651006,4808,93,26,96,13259,2.757695507,Maize
1997,HASSAN,Rabi       ,1016.826963,298.5484876,9,57,45,38,18,2,Maize
1997,HASSAN,Kharif     ,1014.58705,296.9860271,106980,96,59,49,143458,1.340979622,Ragi
1997,HASSAN,Rabi       ,1016.238025,297.1201778,15851,84,24,64,18853,1.189388682,Ragi
1997,HASSAN,Summer     ,1017.840792,297.3820893,788,127,40,37,1459,1.851522843,Ragi
1997,HASSAN,Kharif     ,1017.97094,297.9661388,53948,130,33,97,147084,2.726403203,Rice
1997,HASSAN,Rabi       ,1015.618077,298.0516566,4744,85,23,81,12700,2.677065767,Rice
1997,HASSAN,Summer     ,1015.873451,297.9239773,8904,99,42,55,27796,3.121743037,Rice
1997,KODAGU,Kharif     ,1016.546048,307.0201763,1510,53,61,71,3295,2.182119205,Maize
1997,KODAGU,Summer     ,1016.599739,306.8670757,40,51,39,38,88,2.2,Maize
1997,KODAGU,Kharif     ,1015.209722,307.8054763,360,55,34,63,470,1.305555556,Ragi
1997,KODAGU,Summer     ,1015.500526,307.8654547,20,103,69,26,37,1.85,Ragi
1997,KODAGU,Kharif     ,1016.563242,307.1587504,39414,53,71,63,87476,2.219414421,Rice
1997,KODAGU,Rabi       ,1015.413922,306.9996691,83,103,64,87,180,2.168674699,Rice
1997,KODAGU,Summer     ,1015.394012,306.1339106,835,142,48,53,2380,2.850299401,Rice
1997,KOLAR,Kharif     ,1016.533659,302.1975293,11503,112,27,85,40636,3.532643658,Maize
1997,KOLAR,Rabi       ,1014.608395,302.3525078,239,67,60,88,489,2.046025105,Maize
1997,KOLAR,Summer     ,1017.380187,301.08545,740,139,67,74,1601,2.163513514,Maize
1997,KOLAR,Kharif     ,1017.791832,302.4601541,100225,93,38,29,142957,1.426360688,Ragi
1997,KOLAR,Rabi       ,1016.747198,301.9829193,187,83,67,61,254,1.35828877,Ragi
1997,KOLAR,Summer     ,1014.650102,301.7257524,574,123,58,60,1063,1.851916376,Ragi
1997,KOLAR,Kharif     ,1017.168341,302.2246363,12130,111,65,96,26791,2.208656224,Rice
1997,KOLAR,Rabi       ,1014.503493,301.6344908,330,149,47,88,714,2.163636364,Rice
1997,KOLAR,Summer     ,1015.0638,301.6035303,7914,63,65,29,22059,2.787338893,Rice
1997,MANDYA,Kharif     ,1017.706987,299.970462,102,144,76,29,251,2.460784314,Maize
1997,MANDYA,Kharif     ,1017.69196,299.9692931,78428,97,46,79,137349,1.751275055,Ragi
1997,MANDYA,Rabi       ,1016.31508,300.4175099,2953,64,23,70,4006,1.356586522,Ragi
1997,MANDYA,Summer     ,1016.493204,300.2675252,3386,121,77,40,7000,2.06733609,Ragi
1997,MANDYA,Kharif     ,1016.489332,299.1695739,57997,127,34,27,150905,2.601944928,Rice
1997,MANDYA,Rabi       ,1017.557908,299.8858862,1619,136,54,84,3502,2.16306362,Rice
1997,MANDYA,Summer     ,1017.287846,300.1245272,25359,111,56,97,84560,3.334516345,Rice
1997,MYSORE,Kharif     ,1015.636631,299.4703731,20029,89,20,49,65080,3.249288532,Maize
1997,MYSORE,Rabi       ,1015.341702,299.0884097,1338,134,22,68,2712,2.02690583,Maize
1997,MYSORE,Summer     ,1016.699406,299.6478509,945,129,66,28,2045,2.164021164,Maize
1997,MYSORE,Kharif     ,1017.181773,299.5183856,90302,131,43,36,133034,1.47321211,Ragi
1997,MYSORE,Rabi       ,1017.124759,300.0684722,6089,102,46,88,7875,1.293315815,Ragi
1997,MYSORE,Summer     ,1016.099264,298.8611261,4857,73,59,77,8407,1.73090385,Ragi
1997,MYSORE,Kharif     ,1014.989215,298.5512554,105069,75,55,76,306717,2.919195957,Rice
1997,MYSORE,Rabi       ,1015.624183,298.8389833,817,138,53,81,1767,2.162790698,Rice
1997,MYSORE,Summer     ,1017.736782,299.2271267,20560,109,48,71,56994,2.772081712,Rice
1997,RAICHUR,Kharif     ,1014.105397,303.4920035,9911,90,43,80,34724,3.503581879,Maize
1997,RAICHUR,Rabi       ,1014.557883,304.2939858,336,78,43,59,658,1.958333333,Maize
1997,RAICHUR,Summer     ,1014.777218,304.1142099,339,64,61,57,734,2.16519174,Maize
1997,RAICHUR,Kharif     ,1017.12642,302.9567304,92636,94,23,62,287526,3.103825726,Rice
1997,RAICHUR,Summer     ,1015.619191,303.6228304,79540,114,22,82,190102,2.390017601,Rice
1997,SHIMOGA,Kharif     ,1014.459645,299.7674994,55694,138,53,38,131489,2.360918591,Maize
1997,SHIMOGA,Rabi       ,1016.795666,299.9196402,2,120,76,69,4,2,Maize
1997,SHIMOGA,Summer     ,1014.65977,300.172171,6,58,68,52,13,2.166666667,Maize
1997,SHIMOGA,Kharif     ,1014.370362,301.4951189,20950,137,42,32,19094,0.911408115,Ragi
1997,SHIMOGA,Summer     ,1017.361268,300.5268002,59,50,72,97,109,1.847457627,Ragi
1997,SHIMOGA,Kharif     ,1015.195235,299.9156156,162939,57,75,81,370499,2.27385095,Rice
1997,SHIMOGA,Summer     ,1015.526243,300.0194679,38347,137,71,62,119344,3.112212168,Rice
1997,TUMKUR,Kharif     ,1015.189075,301.0565262,3049,112,42,68,7239,2.374221056,Maize
1997,TUMKUR,Rabi       ,1015.674538,302.4059235,1104,60,64,55,2239,2.02807971,Maize
1997,TUMKUR,Summer     ,1014.885984,300.687635,379,130,24,29,820,2.163588391,Maize
1997,TUMKUR,Kharif     ,1014.129355,302.0274246,180184,57,50,25,195029,1.082388003,Ragi
1997,TUMKUR,Rabi       ,1015.853541,301.2371588,972,84,72,76,1286,1.323045267,Ragi
1997,TUMKUR,Summer     ,1017.263249,302.0615179,600,84,60,20,1111,1.851666667,Ragi
1997,TUMKUR,Kharif     ,1017.570391,301.3196772,22589,82,76,90,57865,2.561645048,Rice
1997,TUMKUR,Rabi       ,1016.964828,301.8219273,909,54,76,77,1963,2.159515952,Rice
1997,TUMKUR,Summer     ,1017.991052,301.8362983,10102,90,79,40,31535,3.121659077,Rice
1997,UTTAR KANNAD,Kharif     ,1017.213049,297.1890587,86,77,73,99,174,2.023255814,Maize
1997,UTTAR KANNAD,Rabi       ,1017.950908,296.8660261,4,56,25,75,6,1.5,Maize
1997,UTTAR KANNAD,Kharif     ,1015.693525,297.0082404,84,122,56,39,92,1.095238095,Ragi
1997,UTTAR KANNAD,Rabi       ,1016.500092,297.0786662,16,121,76,73,22,1.375,Ragi
1997,UTTAR KANNAD,Kharif     ,1014.272682,296.9010631,85415,61,29,44,128113,1.499888778,Rice
1997,UTTAR KANNAD,Rabi       ,1017.214207,297.8786819,2431,83,59,47,4888,2.010695187,Rice
1997,UTTAR KANNAD,Summer     ,1014.715284,297.1451637,2467,82,26,24,4888,1.981353871,Rice
1998,BAGALKOT,Kharif     ,1016.080035,302.5988463,30630,97,58,40,92831,3.030721515,Maize
1998,BAGALKOT,Rabi       ,1014.913778,303.1684041,10520,72,57,37,24026,2.283840304,Maize
1998,BAGALKOT,Summer     ,1014.783911,301.8745581,2252,111,40,66,5016,2.227353464,Maize
1998,BAGALKOT,Kharif     ,1016.248325,302.9400204,197,137,39,89,316,1.604060914,Rice
1998,BANGALORE RURAL,Kharif     ,1014.61694,300.4792468,4870,86,22,76,15072,3.09486653,Maize
1998,BANGALORE RURAL,Rabi       ,1016.686546,299.3687716,68,148,70,38,139,2.044117647,Maize
1998,BANGALORE RURAL,Summer     ,1014.310703,300.8288828,430,93,41,84,978,2.274418605,Maize
1998,BANGALORE RURAL,Kharif     ,1015.153154,299.5156383,145038,135,66,22,242901,1.674740413,Ragi
1998,BANGALORE RURAL,Rabi       ,1016.639979,300.9050424,216,140,23,61,314,1.453703704,Ragi
1998,BANGALORE RURAL,Summer     ,1017.726219,300.3159195,1754,84,47,40,3946,2.249714937,Ragi
1998,BANGALORE RURAL,Kharif     ,1014.375011,299.4309067,14305,114,31,59,39567,2.765955959,Rice
1998,BANGALORE RURAL,Summer     ,1017.934061,300.5215201,6662,148,57,86,21506,3.228159712,Rice
1998,BELGAUM,Kharif     ,1015.560856,299.9917051,75232,96,70,44,239651,3.185492875,Maize
1998,BELGAUM,Rabi       ,1016.82402,299.9104036,30633,127,55,74,58696,1.916103548,Maize
1998,BELGAUM,Summer     ,1017.855984,300.0879328,3505,52,66,71,8044,2.295007133,Maize
1998,BELGAUM,Kharif     ,1017.643576,298.2437819,2625,50,60,63,2325,0.885714286,Ragi
1998,BELGAUM,Kharif     ,1017.503716,298.3504711,62701,54,24,75,114050,1.818950256,Rice
1998,BELGAUM,Summer     ,1016.560149,299.5639493,30,139,32,74,97,3.233333333,Rice
1998,BELLARY,Kharif     ,1014.158619,305.0518203,30252,63,42,89,95976,3.172550575,Maize
1998,BELLARY,Rabi       ,1016.112357,304.6286968,1217,76,77,96,2472,2.031224322,Maize
1998,BELLARY,Summer     ,1017.807993,305.0937103,621,58,69,92,1412,2.273752013,Maize
1998,BELLARY,Kharif     ,1014.953539,304.1223221,6531,128,49,85,5804,0.888684734,Ragi
1998,BELLARY,Summer     ,1015.911022,304.843353,16,64,56,38,36,2.25,Ragi
1998,BELLARY,Kharif     ,1014.130498,305.0590625,39395,139,44,26,124945,3.17159538,Rice
1998,BELLARY,Summer     ,1016.97353,304.3205839,29459,91,67,82,99742,3.385790421,Rice
1998,BENGALURU URBAN,Kharif     ,1017.399115,301.0755367,977,126,46,61,3216,3.291709314,Maize
1998,BENGALURU URBAN,Rabi       ,1017.864498,302.908543,165,100,70,61,338,2.048484848,Maize
1998,BENGALURU URBAN,Summer     ,1017.781899,301.9098534,273,112,33,78,621,2.274725275,Maize
1998,BENGALURU URBAN,Kharif     ,1016.803026,301.4614365,47929,145,76,39,102625,2.141188007,Ragi
1998,BENGALURU URBAN,Rabi       ,1015.075854,301.5685572,278,101,67,92,404,1.45323741,Ragi
1998,BENGALURU URBAN,Summer     ,1017.587345,301.438965,252,145,78,36,567,2.25,Ragi
1998,BENGALURU URBAN,Kharif     ,1014.569644,302.0356891,5124,53,66,46,14255,2.782006245,Rice
1998,BENGALURU URBAN,Summer     ,1014.548556,302.8985522,2121,143,73,66,6847,3.228194248,Rice
1998,BIDAR,Kharif     ,1016.787399,301.2146951,233,72,55,21,585,2.510729614,Maize
1998,BIDAR,Rabi       ,1017.986737,299.9052885,47,64,58,82,78,1.659574468,Maize
1998,BIDAR,Summer     ,1015.501581,300.6550433,26,92,35,81,52,2,Maize
1998,BIDAR,Kharif     ,1014.306323,299.4792119,9587,78,75,38,5825,0.607593616,Rice
1998,BIJAPUR,Kharif     ,1014.047714,300.3938512,5751,85,41,36,21373,3.716397148,Maize
1998,BIJAPUR,Rabi       ,1014.503147,301.5878349,4216,62,40,88,9629,2.283918406,Maize
1998,BIJAPUR,Summer     ,1014.99874,301.0200256,2203,81,73,58,4918,2.23241035,Maize
1998,BIJAPUR,Kharif     ,1017.513077,300.3367686,394,120,40,90,541,1.373096447,Rice
1998,CHAMARAJANAGAR,Kharif     ,1017.303789,295.3069467,7137,108,27,58,30038,4.208771192,Maize
1998,CHAMARAJANAGAR,Rabi       ,1015.355308,294.6256721,1508,135,68,55,3093,2.051061008,Maize
1998,CHAMARAJANAGAR,Summer     ,1016.533318,294.9210275,484,77,35,59,1100,2.272727273,Maize
1998,CHAMARAJANAGAR,Kharif     ,1014.357698,294.9563122,20767,115,78,64,29866,1.43814706,Ragi
1998,CHAMARAJANAGAR,Rabi       ,1014.952888,296.2630167,975,91,74,23,1416,1.452307692,Ragi
1998,CHAMARAJANAGAR,Summer     ,1014.3387,296.1659385,1742,94,50,44,4056,2.328358209,Ragi
1998,CHAMARAJANAGAR,Kharif     ,1014.234339,295.3622729,16108,111,61,88,52488,3.258505091,Rice
1998,CHAMARAJANAGAR,Rabi       ,1016.168757,295.4237276,70,106,29,49,153,2.185714286,Rice
1998,CHAMARAJANAGAR,Summer     ,1017.957093,295.5494413,2287,55,51,95,6709,2.933537385,Rice
1998,CHIKMAGALUR,Kharif     ,1015.985836,297.9457989,460,77,78,87,1567,3.406521739,Maize
1998,CHIKMAGALUR,Kharif     ,1016.64946,296.951411,61058,77,53,48,104235,1.707147303,Ragi
1998,CHIKMAGALUR,Kharif     ,1017.617526,296.8013939,46109,93,28,92,108109,2.344639875,Rice
1998,CHIKMAGALUR,Summer     ,1015.654094,297.101084,3732,133,36,87,10704,2.868167203,Rice
1998,CHITRADURGA,Kharif     ,1017.129536,302.6164371,32832,79,30,70,103976,3.166910331,Maize
1998,CHITRADURGA,Rabi       ,1014.677676,301.0510075,374,111,51,43,767,2.050802139,Maize
1998,CHITRADURGA,Summer     ,1015.004197,302.1894843,180,124,29,33,409,2.272222222,Maize
1998,CHITRADURGA,Kharif     ,1017.033638,302.7067485,61386,141,41,88,95832,1.561137719,Ragi
1998,CHITRADURGA,Rabi       ,1014.381646,300.7783273,51,138,76,37,74,1.450980392,Ragi
1998,CHITRADURGA,Summer     ,1016.673126,300.7500322,972,111,36,61,2263,2.3281893,Ragi
1998,CHITRADURGA,Kharif     ,1015.567645,300.984013,3235,146,23,76,9914,3.064605873,Rice
1998,CHITRADURGA,Rabi       ,1015.384347,302.5894323,730,50,67,31,1518,2.079452055,Rice
1998,CHITRADURGA,Summer     ,1014.139866,302.0255323,5457,76,71,36,16109,2.951988272,Rice
1998,DAKSHIN KANNAD,Kharif     ,1017.410456,301.2823134,39173,111,66,49,79829,2.037857708,Rice
1998,DAKSHIN KANNAD,Rabi       ,1016.828867,300.9104887,24984,126,44,94,52455,2.099543708,Rice
1998,DAKSHIN KANNAD,Summer     ,1014.61118,300.9128597,3597,52,78,42,8927,2.481790381,Rice
1998,DAVANGERE,Kharif     ,1017.11247,302.2723308,103618,119,40,20,383191,3.698112297,Maize
1998,DAVANGERE,Rabi       ,1017.761083,301.4892033,1,121,56,98,2,2,Maize
1998,DAVANGERE,Summer     ,1017.75425,301.1509353,61,76,57,51,139,2.278688525,Maize
1998,DAVANGERE,Kharif     ,1017.905466,302.0126661,35678,58,68,28,61106,1.712708111,Ragi
1998,DAVANGERE,Summer     ,1015.983879,301.7223595,63,111,20,34,142,2.253968254,Ragi
1998,DAVANGERE,Kharif     ,1016.920097,300.992093,66853,86,44,47,217686,3.256188952,Rice
1998,DAVANGERE,Rabi       ,1014.327876,301.0130442,99,146,70,43,216,2.181818182,Rice
1998,DAVANGERE,Summer     ,1014.356925,302.26333,51226,100,55,79,172906,3.375356264,Rice
1998,DHARWAD,Kharif     ,1016.746779,300.5918625,18467,93,36,54,65095,3.524936373,Maize
1998,DHARWAD,Rabi       ,1015.230135,300.7608145,76,73,60,46,154,2.026315789,Maize
1998,DHARWAD,Summer     ,1014.317773,298.8238131,26,128,43,95,53,2.038461538,Maize
1998,DHARWAD,Kharif     ,1016.584888,299.0492501,165,108,21,39,148,0.896969697,Ragi
1998,DHARWAD,Kharif     ,1014.507208,299.0425093,36998,81,59,84,33695,0.910724904,Rice
1998,DHARWAD,Rabi       ,1014.652717,299.4056359,2,145,34,68,3,1.5,Rice
1998,DHARWAD,Summer     ,1015.39266,299.5957812,633,137,51,20,2032,3.210110585,Rice
1998,GADAG,Kharif     ,1014.578306,300.6211653,17956,101,58,29,64872,3.612831366,Maize
1998,GADAG,Rabi       ,1016.039289,301.0752096,17,111,78,66,35,2.058823529,Maize
1998,GADAG,Summer     ,1015.968669,300.819997,90,107,25,78,205,2.277777778,Maize
1998,GADAG,Kharif     ,1016.675248,301.6776338,18,101,20,81,26,1.444444444,Ragi
1998,GADAG,Kharif     ,1017.08612,301.5597453,815,61,66,37,1884,2.311656442,Rice
1998,GADAG,Rabi       ,1015.417474,300.6475174,2,88,42,65,3,1.5,Rice
1998,GADAG,Summer     ,1015.383221,300.1473685,227,51,77,51,678,2.986784141,Rice
1998,GULBARGA,Kharif     ,1015.618204,300.6748299,1312,52,58,46,4287,3.267530488,Maize
1998,GULBARGA,Rabi       ,1017.150201,300.7711748,163,105,76,37,331,2.030674847,Maize
1998,GULBARGA,Summer     ,1014.940986,301.8855794,546,130,36,58,1241,2.272893773,Maize
1998,GULBARGA,Kharif     ,1015.983917,302.1121025,5,108,53,68,4,0.8,Ragi
1998,GULBARGA,Kharif     ,1014.293153,301.4313827,13228,51,78,63,17439,1.318339885,Rice
1998,GULBARGA,Rabi       ,1014.480958,300.5696452,4595,51,60,91,9858,2.145375408,Rice
1998,GULBARGA,Summer     ,1017.094869,300.56406,4379,141,48,73,14038,3.205754739,Rice
1998,HASSAN,Kharif     ,1014.194984,297.2772724,5057,103,28,53,16901,3.342100059,Maize
1998,HASSAN,Rabi       ,1015.394454,296.8976334,156,136,32,90,304,1.948717949,Maize
1998,HASSAN,Summer     ,1017.153166,297.4905201,29,145,25,55,66,2.275862069,Maize
1998,HASSAN,Kharif     ,1014.772326,297.7217939,115642,146,25,37,215818,1.866259663,Ragi
1998,HASSAN,Rabi       ,1017.703237,298.1464923,18889,50,39,57,24563,1.300386468,Ragi
1998,HASSAN,Summer     ,1016.298345,297.3852274,488,68,71,78,1098,2.25,Ragi
1998,HASSAN,Kharif     ,1014.712035,297.8354866,55878,51,72,28,129213,2.312412756,Rice
1998,HASSAN,Rabi       ,1017.422274,297.2341205,2937,102,22,92,7771,2.645897174,Rice
1998,HASSAN,Summer     ,1014.119722,296.7676112,7869,93,36,91,19264,2.448087432,Rice
1998,HAVERI,Kharif     ,1015.519513,299.8677225,53828,139,68,70,174707,3.24565282,Maize
1998,HAVERI,Rabi       ,1014.244955,300.3321688,80,81,31,54,164,2.05,Maize
1998,HAVERI,Summer     ,1016.345559,300.7401477,175,119,67,24,387,2.211428571,Maize
1998,HAVERI,Kharif     ,1017.263917,300.4408624,4756,81,66,33,4079,0.85765349,Ragi
1998,HAVERI,Kharif     ,1014.497975,300.3767859,52395,117,64,49,78129,1.491153736,Rice
1998,HAVERI,Summer     ,1016.167393,300.3872559,1980,104,74,23,5204,2.628282828,Rice
1998,KODAGU,Kharif     ,1015.817425,306.5994699,1495,124,20,58,5800,3.879598662,Maize
1998,KODAGU,Kharif     ,1016.049945,307.165524,425,105,36,83,460,1.082352941,Ragi
1998,KODAGU,Kharif     ,1016.644623,306.5528012,40092,66,22,44,83315,2.078095381,Rice
1998,KODAGU,Rabi       ,1014.835944,307.4183141,24,87,45,47,52,2.166666667,Rice
1998,KODAGU,Summer     ,1015.311988,306.6025195,550,73,34,95,1775,3.227272727,Rice
1998,KOLAR,Kharif     ,1016.63684,300.5921482,13482,118,55,85,45983,3.410695742,Maize
1998,KOLAR,Rabi       ,1016.046132,302.2958863,64,147,51,97,131,2.046875,Maize
1998,KOLAR,Summer     ,1017.464498,301.5708115,475,119,51,41,1080,2.273684211,Maize
1998,KOLAR,Kharif     ,1014.073389,302.5017061,117395,135,23,50,220794,1.880778568,Ragi
1998,KOLAR,Rabi       ,1017.624251,302.3378915,150,60,37,42,218,1.453333333,Ragi
1998,KOLAR,Summer     ,1017.649698,300.677426,899,65,68,67,2022,2.24916574,Ragi
1998,KOLAR,Kharif     ,1014.123554,300.8897953,13466,146,38,39,34437,2.557329571,Rice
1998,KOLAR,Rabi       ,1017.417043,300.6518674,260,122,62,57,568,2.184615385,Rice
1998,KOLAR,Summer     ,1017.608437,302.2317189,15541,108,71,74,44823,2.884177337,Rice
1998,KOPPAL,Kharif     ,1014.750214,302.3888267,14984,119,54,87,54206,3.617592098,Maize
1998,KOPPAL,Rabi       ,1017.930624,302.6106464,285,129,59,98,583,2.045614035,Maize
1998,KOPPAL,Summer     ,1016.036983,303.2964615,395,142,33,20,898,2.273417722,Maize
1998,KOPPAL,Kharif     ,1015.800893,303.5124384,35128,52,77,26,119948,3.414598041,Rice
1998,KOPPAL,Summer     ,1017.910043,301.892869,33719,69,52,76,113461,3.364898129,Rice
1998,MANDYA,Kharif     ,1016.64601,299.31025,22,108,33,31,77,3.5,Maize
1998,MANDYA,Kharif     ,1015.427855,300.1502239,80593,85,53,24,156027,1.935986996,Ragi
1998,MANDYA,Rabi       ,1016.059732,298.6798351,2401,68,74,69,3488,1.45272803,Ragi
1998,MANDYA,Summer     ,1015.769206,299.2322737,2473,139,23,61,5244,2.120501415,Ragi
1998,MANDYA,Kharif     ,1015.82616,299.8211616,60785,116,43,31,178974,2.944377725,Rice
1998,MANDYA,Summer     ,1015.076046,300.2082625,19107,68,78,37,66689,3.490291516,Rice
1998,MYSORE,Kharif     ,1017.889465,299.0335118,17459,69,48,85,74847,4.287015293,Maize
1998,MYSORE,Rabi       ,1014.773011,299.0721969,109,145,38,93,215,1.972477064,Maize
1998,MYSORE,Summer     ,1016.40817,298.6207138,34,120,25,98,77,2.264705882,Maize
1998,MYSORE,Kharif     ,1014.667589,298.3162664,71644,101,76,36,115488,1.611970298,Ragi
1998,MYSORE,Rabi       ,1017.238944,300.0147608,10701,82,52,87,14587,1.363143631,Ragi
1998,MYSORE,Summer     ,1016.880134,299.8377259,1325,89,68,90,3085,2.328301887,Ragi
1998,MYSORE,Kharif     ,1014.289307,299.2798509,95399,88,59,81,291632,3.056971247,Rice
1998,MYSORE,Rabi       ,1015.283576,299.248163,612,131,38,60,1336,2.183006536,Rice
1998,MYSORE,Summer     ,1017.1177,299.3314654,13655,50,72,53,40058,2.933577444,Rice
1998,RAICHUR,Kharif     ,1014.591439,304.5750829,216,60,20,89,741,3.430555556,Maize
1998,RAICHUR,Summer     ,1014.838277,303.6234232,33,141,24,64,75,2.272727273,Maize
1998,RAICHUR,Kharif     ,1016.761519,303.0308125,66264,106,46,77,225260,3.399432573,Rice
1998,RAICHUR,Summer     ,1015.407129,304.6917952,51083,138,35,70,170193,3.331695476,Rice
1998,SHIMOGA,Kharif     ,1015.201956,300.9065868,8268,99,25,53,32073,3.879172714,Maize
1998,SHIMOGA,Rabi       ,1016.929254,300.38863,1,72,59,63,2,2,Maize
1998,SHIMOGA,Summer     ,1017.569697,301.5029976,26,80,32,34,59,2.269230769,Maize
1998,SHIMOGA,Kharif     ,1016.089514,301.5000473,8654,143,67,97,12441,1.437601109,Ragi
1998,SHIMOGA,Summer     ,1015.557525,299.7904516,48,91,54,89,108,2.25,Ragi
1998,SHIMOGA,Kharif     ,1015.816656,301.5639297,136875,148,38,69,315137,2.302370776,Rice
1998,SHIMOGA,Summer     ,1015.295002,300.211389,21758,56,31,51,68480,3.147348102,Rice
1998,TUMKUR,Kharif     ,1016.06817,301.0020963,5889,65,35,86,15450,2.623535405,Maize
1998,TUMKUR,Rabi       ,1016.661141,302.4840495,220,139,78,22,444,2.018181818,Maize
1998,TUMKUR,Summer     ,1015.199788,302.0484975,110,109,62,93,250,2.272727273,Maize
1998,TUMKUR,Kharif     ,1014.671962,301.0356501,205777,51,29,70,294692,1.432093966,Ragi
1998,TUMKUR,Rabi       ,1017.892737,302.1320083,152,50,44,86,221,1.453947368,Ragi
1998,TUMKUR,Summer     ,1016.848036,302.2647731,639,97,39,95,1437,2.248826291,Ragi
1998,TUMKUR,Kharif     ,1017.826655,302.2206777,29765,61,50,67,81706,2.745036116,Rice
1998,TUMKUR,Rabi       ,1016.08985,302.5565997,1301,118,23,36,2828,2.173712529,Rice
1998,TUMKUR,Summer     ,1017.151409,301.9429094,16382,86,63,26,52369,3.196740325,Rice
1998,UDUPI,Kharif     ,1017.796441,303.2355684,54300,81,42,32,94221,1.73519337,Rice
1998,UDUPI,Rabi       ,1014.403868,303.6156714,13680,58,21,85,24573,1.79627193,Rice
1998,UDUPI,Summer     ,1015.650802,303.9475873,1618,148,75,23,3312,2.04697157,Rice
1998,UTTAR KANNAD,Kharif     ,1017.876822,296.4553137,45,68,41,29,92,2.044444444,Maize
1998,UTTAR KANNAD,Rabi       ,1014.507573,297.6144109,2,97,70,36,2,1,Maize
1998,UTTAR KANNAD,Kharif     ,1017.045658,296.6700446,87,129,76,71,96,1.103448276,Ragi
1998,UTTAR KANNAD,Rabi       ,1015.58796,298.2224594,20,52,56,25,16,0.8,Ragi
1998,UTTAR KANNAD,Summer     ,1016.079737,297.6632976,2,69,27,88,4,2,Ragi
1998,UTTAR KANNAD,Kharif     ,1015.440859,296.9293376,84624,73,26,93,146655,1.733019002,Rice
1998,UTTAR KANNAD,Rabi       ,1015.61031,296.2925539,2486,103,33,28,4738,1.905872888,Rice
1998,UTTAR KANNAD,Summer     ,1017.564299,298.2315177,2758,82,75,96,5646,2.047135606,Rice
1999,BAGALKOT,Kharif     ,1014.201401,302.4508446,30462,73,74,40,101371,3.327785438,Maize
1999,BAGALKOT,Rabi       ,1014.11477,303.3094643,15401,124,22,43,41391,2.687552756,Maize
1999,BAGALKOT,Summer     ,1014.45496,301.8975506,416,121,69,23,760,1.826923077,Maize
1999,BAGALKOT,Kharif     ,1017.841908,302.7817164,128,85,35,43,202,1.578125,Rice
1999,BANGALORE RURAL,Kharif     ,1015.523729,300.6940225,5099,87,74,78,15076,2.956658168,Maize
1999,BANGALORE RURAL,Rabi       ,1014.249862,300.6092056,61,133,38,22,149,2.442622951,Maize
1999,BANGALORE RURAL,Summer     ,1014.098792,300.74072,193,148,70,87,353,1.829015544,Maize
1999,BANGALORE RURAL,Kharif     ,1017.362001,299.3343401,147095,138,37,59,302839,2.058798736,Ragi
1999,BANGALORE RURAL,Rabi       ,1015.226262,299.3088863,432,148,71,67,560,1.296296296,Ragi
1999,BANGALORE RURAL,Summer     ,1016.083797,301.1059134,2431,74,35,73,4859,1.99876594,Ragi
1999,BANGALORE RURAL,Kharif     ,1014.519644,300.2535175,11541,142,27,54,32410,2.808248852,Rice
1999,BANGALORE RURAL,Rabi       ,1016.028689,299.8650207,812,67,79,75,1729,2.129310345,Rice
1999,BANGALORE RURAL,Summer     ,1014.132099,299.8715843,7949,131,52,59,21764,2.73795446,Rice
1999,BELGAUM,Kharif     ,1015.770477,299.1933989,77884,115,68,96,224182,2.878408916,Maize
1999,BELGAUM,Rabi       ,1017.583207,299.5987437,35256,103,31,87,77615,2.201469253,Maize
1999,BELGAUM,Summer     ,1014.285505,300.0659357,4068,84,72,65,7244,1.78072763,Maize
1999,BELGAUM,Kharif     ,1016.800466,299.7536807,2296,129,30,97,1509,0.657229965,Ragi
1999,BELGAUM,Kharif     ,1017.321675,299.9110925,63427,110,24,32,119657,1.886530973,Rice
1999,BELGAUM,Summer     ,1016.763675,298.631706,23,90,46,46,32,1.391304348,Rice
1999,BELLARY,Kharif     ,1015.803951,305.0713875,43028,149,31,25,139783,3.248652041,Maize
1999,BELLARY,Rabi       ,1015.976822,303.3918067,1513,82,36,36,3647,2.410442829,Maize
1999,BELLARY,Summer     ,1017.127464,304.5325313,591,117,25,55,1080,1.827411168,Maize
1999,BELLARY,Kharif     ,1014.302944,303.8163685,5501,82,52,21,4146,0.753681149,Ragi
1999,BELLARY,Rabi       ,1014.752339,303.688487,29,63,24,96,29,1,Ragi
1999,BELLARY,Summer     ,1014.580218,303.952508,8,70,76,71,16,2,Ragi
1999,BELLARY,Kharif     ,1015.000568,303.4514767,47915,97,47,85,162081,3.382677658,Rice
1999,BELLARY,Summer     ,1015.729567,304.2371174,31432,69,33,71,94717,3.013393993,Rice
1999,BENGALURU URBAN,Kharif     ,1014.530768,301.9366157,1253,57,24,62,3806,3.037509976,Maize
1999,BENGALURU URBAN,Rabi       ,1015.715232,302.9873543,23,56,73,41,56,2.434782609,Maize
1999,BENGALURU URBAN,Summer     ,1014.965496,301.117685,2651,116,75,74,4845,1.827612222,Maize
1999,BENGALURU URBAN,Kharif     ,1016.538442,303.0163697,45404,66,78,86,124107,2.733393534,Ragi
1999,BENGALURU URBAN,Rabi       ,1016.362084,302.9066214,327,82,52,79,424,1.296636086,Ragi
1999,BENGALURU URBAN,Summer     ,1017.428865,301.0749527,408,97,69,77,816,2,Ragi
1999,BENGALURU URBAN,Kharif     ,1016.755145,302.3448239,4551,125,67,31,10649,2.339925291,Rice
1999,BENGALURU URBAN,Rabi       ,1014.601691,301.3809254,12,108,60,88,26,2.166666667,Rice
1999,BENGALURU URBAN,Summer     ,1015.21751,301.2696602,2350,135,38,58,7289,3.101702128,Rice
1999,BIDAR,Kharif     ,1016.31476,300.722785,511,71,41,32,1152,2.254403131,Maize
1999,BIDAR,Rabi       ,1017.487007,301.1835074,47,79,24,60,99,2.106382979,Maize
1999,BIDAR,Summer     ,1014.239897,300.9333301,47,87,78,76,69,1.468085106,Maize
1999,BIDAR,Kharif     ,1017.96341,300.6400224,10023,100,21,72,8373,0.835378629,Rice
1999,BIDAR,Summer     ,1014.146576,299.7299865,5,103,49,31,7,1.4,Rice
1999,BIJAPUR,Kharif     ,1016.63192,302.0002914,10145,57,66,32,25550,2.518482011,Maize
1999,BIJAPUR,Rabi       ,1014.137588,300.4404146,5473,76,58,93,14709,2.687557098,Maize
1999,BIJAPUR,Summer     ,1017.514484,301.8011124,1283,76,23,76,2345,1.827747467,Maize
1999,BIJAPUR,Kharif     ,1015.143534,300.6377127,365,147,52,59,506,1.38630137,Rice
1999,CHAMARAJANAGAR,Kharif     ,1014.22764,295.3844443,9242,70,32,99,18623,2.015040035,Maize
1999,CHAMARAJANAGAR,Rabi       ,1016.884439,295.1620661,2932,79,39,64,7175,2.447135061,Maize
1999,CHAMARAJANAGAR,Summer     ,1015.425006,295.2146583,328,146,73,54,600,1.829268293,Maize
1999,CHAMARAJANAGAR,Kharif     ,1015.907895,296.2855937,12758,77,26,22,16180,1.26822386,Ragi
1999,CHAMARAJANAGAR,Rabi       ,1015.911465,294.3042902,1279,113,34,24,1657,1.295543393,Ragi
1999,CHAMARAJANAGAR,Summer     ,1016.323454,294.4731683,1728,146,42,30,2894,1.674768519,Ragi
1999,CHAMARAJANAGAR,Kharif     ,1017.916503,294.3033659,13892,118,33,90,41532,2.989634322,Rice
1999,CHAMARAJANAGAR,Rabi       ,1017.108418,294.3740897,12,110,42,75,26,2.166666667,Rice
1999,CHAMARAJANAGAR,Summer     ,1016.438557,295.7470225,1435,97,38,29,4451,3.10174216,Rice
1999,CHIKMAGALUR,Kharif     ,1015.745079,297.8099536,212,68,73,53,489,2.306603774,Maize
1999,CHIKMAGALUR,Kharif     ,1014.608341,296.6340226,55909,53,48,86,89066,1.593052997,Ragi
1999,CHIKMAGALUR,Kharif     ,1016.526586,298.1116291,48320,84,75,91,114524,2.370115894,Rice
1999,CHIKMAGALUR,Summer     ,1014.990386,296.5045202,4880,113,39,50,14836,3.040163934,Rice
1999,CHITRADURGA,Kharif     ,1017.562,301.8336651,47109,98,48,94,98319,2.087053429,Maize
1999,CHITRADURGA,Rabi       ,1016.556149,302.2078132,663,66,43,90,1622,2.446455505,Maize
1999,CHITRADURGA,Summer     ,1014.478055,301.5107363,268,93,37,85,490,1.828358209,Maize
1999,CHITRADURGA,Kharif     ,1015.374516,302.0952122,59772,141,29,89,79814,1.335307502,Ragi
1999,CHITRADURGA,Rabi       ,1016.167348,301.6335324,28,79,60,60,35,1.25,Ragi
1999,CHITRADURGA,Summer     ,1015.381005,301.1568377,989,142,76,82,1894,1.915065723,Ragi
1999,CHITRADURGA,Kharif     ,1017.463122,302.3617474,6229,95,27,51,14509,2.329266335,Rice
1999,CHITRADURGA,Rabi       ,1015.05812,302.5200819,747,55,45,39,1539,2.060240964,Rice
1999,CHITRADURGA,Summer     ,1017.064346,301.7646552,6275,148,48,76,16774,2.67314741,Rice
1999,DAKSHIN KANNAD,Kharif     ,1015.927027,300.5055342,38291,86,29,69,77076,2.012901204,Rice
1999,DAKSHIN KANNAD,Rabi       ,1017.809026,299.4248953,24957,73,36,99,53109,2.128020195,Rice
1999,DAKSHIN KANNAD,Summer     ,1017.464805,300.8827736,2955,142,21,44,5972,2.020981387,Rice
1999,DAVANGERE,Kharif     ,1017.718374,301.3576859,128375,95,25,31,267908,2.086917235,Maize
1999,DAVANGERE,Rabi       ,1016.747479,300.8825567,350,102,77,90,816,2.331428571,Maize
1999,DAVANGERE,Summer     ,1017.552836,300.6705991,434,144,24,58,793,1.82718894,Maize
1999,DAVANGERE,Kharif     ,1014.772422,301.5515751,37553,148,47,36,44756,1.19180891,Ragi
1999,DAVANGERE,Summer     ,1016.060741,302.1728006,94,109,60,64,188,2,Ragi
1999,DAVANGERE,Kharif     ,1016.727224,300.7872533,67236,146,24,30,221562,3.295288238,Rice
1999,DAVANGERE,Rabi       ,1015.507241,300.8605999,229,112,37,89,488,2.131004367,Rice
1999,DAVANGERE,Summer     ,1017.127748,300.9596928,52272,134,45,42,176784,3.382001837,Rice
1999,DHARWAD,Kharif     ,1014.877452,299.2648601,18900,81,39,89,52972,2.802751323,Maize
1999,DHARWAD,Rabi       ,1015.675641,298.9745585,56,136,60,57,131,2.339285714,Maize
1999,DHARWAD,Summer     ,1017.406286,298.899238,15,82,68,21,26,1.733333333,Maize
1999,DHARWAD,Kharif     ,1017.170052,300.7538522,245,116,46,98,159,0.648979592,Ragi
1999,DHARWAD,Kharif     ,1016.031226,299.429523,39458,67,68,91,37985,0.962669167,Rice
1999,DHARWAD,Summer     ,1017.842332,299.5755346,839,74,31,56,2594,3.091775924,Rice
1999,GADAG,Kharif     ,1014.097714,301.3860975,17179,144,26,68,52200,3.038593632,Maize
1999,GADAG,Rabi       ,1014.808876,301.4197599,958,103,78,71,2321,2.422755741,Maize
1999,GADAG,Summer     ,1016.398192,300.3494573,83,107,22,52,152,1.831325301,Maize
1999,GADAG,Kharif     ,1016.309879,301.3889456,26,116,29,41,36,1.384615385,Ragi
1999,GADAG,Kharif     ,1016.064641,300.9631785,816,95,53,24,1882,2.306372549,Rice
1999,GADAG,Summer     ,1016.852401,301.8522922,328,73,44,37,961,2.929878049,Rice
1999,GULBARGA,Kharif     ,1016.096186,301.6068499,1733,81,54,57,4271,2.464512406,Maize
1999,GULBARGA,Rabi       ,1014.317798,301.4227522,183,96,35,56,448,2.448087432,Maize
1999,GULBARGA,Summer     ,1016.855145,301.1145398,290,135,21,83,530,1.827586207,Maize
1999,GULBARGA,Kharif     ,1017.29704,301.9939956,7,72,79,29,5,0.714285714,Ragi
1999,GULBARGA,Kharif     ,1015.720677,301.3837316,10705,115,43,98,16115,1.505371322,Rice
1999,GULBARGA,Rabi       ,1017.694064,300.3779376,1847,76,29,61,3867,2.093665403,Rice
1999,GULBARGA,Summer     ,1015.633042,301.1509199,7462,51,57,67,23145,3.101715358,Rice
1999,HASSAN,Kharif     ,1015.834929,297.2887896,9475,139,41,63,44007,4.644538259,Maize
1999,HASSAN,Rabi       ,1017.41962,297.4813209,1639,66,45,35,3893,2.375228798,Maize
1999,HASSAN,Summer     ,1016.440224,298.4472358,200,82,62,73,366,1.83,Maize
1999,HASSAN,Kharif     ,1014.997129,298.4106418,97148,58,74,54,138813,1.428881706,Ragi
1999,HASSAN,Rabi       ,1015.535464,297.8088084,19251,92,58,47,16956,0.880785414,Ragi
1999,HASSAN,Summer     ,1017.531119,298.6007438,649,97,46,21,1297,1.998459168,Ragi
1999,HASSAN,Kharif     ,1014.837552,298.0445515,54588,88,48,32,153597,2.813750275,Rice
1999,HASSAN,Rabi       ,1017.669239,297.4347617,3189,142,66,60,6383,2.00156789,Rice
1999,HASSAN,Summer     ,1017.492783,297.0301177,9635,91,57,99,23954,2.486144266,Rice
1999,HAVERI,Kharif     ,1015.469344,299.4136788,65394,75,39,78,205231,3.138376609,Maize
1999,HAVERI,Rabi       ,1014.475319,299.9924098,1679,148,46,88,3889,2.316259678,Maize
1999,HAVERI,Summer     ,1017.290817,300.6254671,511,99,60,72,903,1.767123288,Maize
1999,HAVERI,Kharif     ,1015.707483,299.7177913,3748,74,73,64,2576,0.687299893,Ragi
1999,HAVERI,Kharif     ,1017.773178,300.4322036,53741,73,39,39,89761,1.670251763,Rice
1999,HAVERI,Summer     ,1017.220606,300.9200844,1931,62,63,43,4822,2.497151735,Rice
1999,KODAGU,Kharif     ,1017.528284,306.9852833,1506,109,38,80,3477,2.30876494,Maize
1999,KODAGU,Kharif     ,1014.535543,306.5681114,203,56,39,77,263,1.295566502,Ragi
1999,KODAGU,Kharif     ,1016.663913,306.0116082,36166,106,54,46,83189,2.300199082,Rice
1999,KODAGU,Rabi       ,1017.041196,306.3706557,25,85,66,45,53,2.12,Rice
1999,KODAGU,Summer     ,1017.407049,306.0295296,250,94,21,26,750,3,Rice
1999,KOLAR,Kharif     ,1014.866823,300.7038042,13183,69,49,61,32078,2.433285292,Maize
1999,KOLAR,Rabi       ,1017.10013,302.3459213,202,114,72,66,494,2.445544554,Maize
1999,KOLAR,Summer     ,1017.159646,302.1233609,444,57,53,72,812,1.828828829,Maize
1999,KOLAR,Kharif     ,1016.835559,300.9816764,90091,65,41,78,127105,1.41085125,Ragi
1999,KOLAR,Rabi       ,1017.014422,301.3188921,108,63,22,57,140,1.296296296,Ragi
1999,KOLAR,Summer     ,1014.375673,301.3738033,858,125,25,88,1715,1.998834499,Ragi
1999,KOLAR,Kharif     ,1014.865732,301.5605415,7917,136,34,72,16842,2.127320955,Rice
1999,KOLAR,Summer     ,1016.047291,301.4788545,2079,64,46,34,4191,2.015873016,Rice
1999,KOPPAL,Kharif     ,1014.230284,301.6610948,10064,141,29,45,28185,2.800576312,Maize
1999,KOPPAL,Rabi       ,1015.143485,302.5791323,755,147,28,67,1848,2.447682119,Maize
1999,KOPPAL,Summer     ,1016.256413,302.2491014,647,115,52,38,1183,1.828438949,Maize
1999,KOPPAL,Kharif     ,1015.38194,303.333658,36461,81,51,28,131751,3.613477414,Rice
1999,KOPPAL,Summer     ,1014.402293,302.0142521,37115,136,67,83,128590,3.464636939,Rice
1999,MANDYA,Kharif     ,1014.316556,299.3802586,45,112,25,73,127,2.822222222,Maize
1999,MANDYA,Kharif     ,1017.022835,299.9015286,60099,135,60,70,98795,1.643870946,Ragi
1999,MANDYA,Rabi       ,1016.866843,299.0483452,4831,100,78,58,5933,1.228110122,Ragi
1999,MANDYA,Summer     ,1015.916151,299.9121261,2823,74,55,23,6748,2.39036486,Ragi
1999,MANDYA,Kharif     ,1017.317417,300.2399811,59144,107,78,22,186017,3.1451542,Rice
1999,MANDYA,Rabi       ,1015.934226,298.7466818,289,112,79,83,616,2.131487889,Rice
1999,MANDYA,Summer     ,1014.498276,299.2815203,19487,111,21,48,59722,3.064709807,Rice
1999,MYSORE,Kharif     ,1017.389812,300.1337898,13391,71,48,30,41903,3.129191248,Maize
1999,MYSORE,Rabi       ,1015.954197,299.9650889,15,107,23,77,28,1.866666667,Maize
1999,MYSORE,Summer     ,1014.061482,299.0639708,10,107,20,94,15,1.5,Maize
1999,MYSORE,Kharif     ,1014.375508,298.5932574,55044,135,38,46,59440,1.079863382,Ragi
1999,MYSORE,Rabi       ,1017.206482,299.6482552,16415,98,45,40,18860,1.148949132,Ragi
1999,MYSORE,Summer     ,1017.941082,299.9554979,1442,101,44,58,2406,1.66851595,Ragi
1999,MYSORE,Kharif     ,1016.946832,299.9702905,91444,91,29,65,264324,2.890555969,Rice
1999,MYSORE,Rabi       ,1015.132201,299.7813439,1687,119,72,85,3438,2.037937167,Rice
1999,MYSORE,Summer     ,1015.864776,298.2464788,17520,64,34,55,47691,2.722089041,Rice
1999,RAICHUR,Kharif     ,1017.099043,304.6175578,144,103,78,94,420,2.916666667,Maize
1999,RAICHUR,Summer     ,1016.386027,303.3692288,11,109,41,84,20,1.818181818,Maize
1999,RAICHUR,Kharif     ,1016.670877,303.4596847,90604,146,70,82,278618,3.075118096,Rice
1999,RAICHUR,Summer     ,1015.473305,303.1298452,57121,57,67,54,180417,3.158505628,Rice
1999,SHIMOGA,Kharif     ,1017.810726,300.117475,13238,102,40,50,40172,3.034597371,Maize
1999,SHIMOGA,Rabi       ,1017.692406,300.2866206,63,109,78,47,129,2.047619048,Maize
1999,SHIMOGA,Summer     ,1017.910251,301.4751669,389,54,75,20,711,1.827763496,Maize
1999,SHIMOGA,Kharif     ,1014.564434,299.9930086,7383,117,41,44,9348,1.266151971,Ragi
1999,SHIMOGA,Rabi       ,1016.132047,301.0414167,4,55,55,62,5,1.25,Ragi
1999,SHIMOGA,Summer     ,1018.00356,300.0301965,86,145,53,86,172,2,Ragi
1999,SHIMOGA,Kharif     ,1015.597498,299.8827095,138371,143,49,82,314020,2.269406162,Rice
1999,SHIMOGA,Summer     ,1014.829038,300.5732204,22658,96,44,70,69311,3.059007856,Rice
1999,TUMKUR,Kharif     ,1016.661646,300.8449563,7726,148,64,21,16262,2.104840797,Maize
1999,TUMKUR,Rabi       ,1015.249023,301.0574245,536,104,47,83,1312,2.447761194,Maize
1999,TUMKUR,Summer     ,1016.71182,300.6096145,318,89,20,93,581,1.827044025,Maize
1999,TUMKUR,Kharif     ,1015.580451,301.5828462,170759,101,68,88,220106,1.288986232,Ragi
1999,TUMKUR,Rabi       ,1016.73805,301.5555368,6721,65,64,28,6917,1.029162327,Ragi
1999,TUMKUR,Summer     ,1015.640929,302.1602631,4266,62,23,21,8527,1.998827942,Ragi
1999,TUMKUR,Kharif     ,1017.044473,301.5198551,27627,79,26,53,72363,2.619285482,Rice
1999,TUMKUR,Rabi       ,1017.762028,301.0640423,1533,68,68,79,3265,2.129810828,Rice
1999,TUMKUR,Summer     ,1014.263143,302.3041324,10873,66,28,80,31360,2.88420859,Rice
1999,UDUPI,Kharif     ,1015.686072,303.4781516,53534,112,55,50,93170,1.740389285,Rice
1999,UDUPI,Rabi       ,1017.83179,303.7302488,14847,68,38,29,27686,1.864753822,Rice
1999,UDUPI,Summer     ,1014.267188,303.3717368,1511,141,20,95,3052,2.019854401,Rice
1999,UTTAR KANNAD,Kharif     ,1015.327801,297.5375415,85,107,29,55,175,2.058823529,Maize
1999,UTTAR KANNAD,Rabi       ,1016.929394,298.1163468,2,104,55,68,3,1.5,Maize
1999,UTTAR KANNAD,Kharif     ,1017.288457,297.4757965,56,139,28,89,36,0.642857143,Ragi
1999,UTTAR KANNAD,Rabi       ,1015.111504,296.6523753,23,139,64,68,14,0.608695652,Ragi
1999,UTTAR KANNAD,Summer     ,1014.1508,296.3304822,2,111,65,22,1,0.5,Ragi
1999,UTTAR KANNAD,Kharif     ,1017.445124,296.7245072,83704,72,61,93,136236,1.627592469,Rice
1999,UTTAR KANNAD,Rabi       ,1015.330115,296.7414657,2592,58,51,24,5064,1.953703704,Rice
1999,UTTAR KANNAD,Summer     ,1014.551281,297.3336951,2435,61,51,80,7304,2.999589322,Rice
2000,BAGALKOT,Kharif     ,1015.722131,301.8512684,31263,50,25,45,99110,3.170201196,Maize
2000,BAGALKOT,Rabi       ,1015.220565,302.6501086,17492,107,67,91,47659,2.724616968,Maize
2000,BAGALKOT,Summer     ,1015.583653,302.2002144,3129,50,57,24,8799,2.812080537,Maize
2000,BAGALKOT,Kharif     ,1017.705115,302.6960873,171,83,36,34,311,1.81871345,Rice
2000,BANGALORE RURAL,Kharif     ,1015.02205,300.0227068,4941,145,29,35,15845,3.206840721,Maize
2000,BANGALORE RURAL,Rabi       ,1014.994191,300.4114874,21,97,69,20,53,2.523809524,Maize
2000,BANGALORE RURAL,Summer     ,1017.370584,300.4422308,283,138,46,35,796,2.812720848,Maize
2000,BANGALORE RURAL,Kharif     ,1015.891273,299.4366349,145995,50,73,56,301161,2.06281722,Ragi
2000,BANGALORE RURAL,Rabi       ,1017.975935,299.8770489,282,65,69,22,438,1.553191489,Ragi
2000,BANGALORE RURAL,Summer     ,1017.802735,300.9963544,1469,110,54,71,2853,1.942137509,Ragi
2000,BANGALORE RURAL,Kharif     ,1017.771032,300.727819,14828,113,71,66,37089,2.50128136,Rice
2000,BANGALORE RURAL,Rabi       ,1016.911391,301.1433716,715,112,78,32,1532,2.142657343,Rice
2000,BANGALORE RURAL,Summer     ,1014.728925,300.5314722,6887,118,40,99,18490,2.684768404,Rice
2000,BELGAUM,Kharif     ,1015.887219,298.5094029,83042,71,44,74,216060,2.601815949,Maize
2000,BELGAUM,Rabi       ,1016.730971,298.3022218,27118,142,47,40,61570,2.270447673,Maize
2000,BELGAUM,Summer     ,1017.360491,299.1157423,3073,116,66,85,8350,2.717214448,Maize
2000,BELGAUM,Kharif     ,1017.600189,299.3120164,2278,125,34,73,3103,1.362159789,Ragi
2000,BELGAUM,Kharif     ,1015.973293,299.1765318,63810,75,23,46,105237,1.64922426,Rice
2000,BELLARY,Kharif     ,1016.640086,303.4272988,52284,65,48,57,161785,3.094350088,Maize
2000,BELLARY,Rabi       ,1017.801618,304.7048876,605,100,78,77,1435,2.371900826,Maize
2000,BELLARY,Summer     ,1014.193858,303.9017518,390,135,28,81,1097,2.812820513,Maize
2000,BELLARY,Kharif     ,1015.316303,304.4061543,5338,106,46,65,5730,1.073435744,Ragi
2000,BELLARY,Summer     ,1017.615694,303.9741802,10,78,45,30,20,2,Ragi
2000,BELLARY,Kharif     ,1017.160433,303.7320167,52654,127,38,91,172729,3.280453527,Rice
2000,BELLARY,Summer     ,1017.641111,303.1599079,31393,141,75,27,100892,3.21383748,Rice
2000,BENGALURU URBAN,Kharif     ,1014.571782,301.7749011,1134,118,47,90,3650,3.218694885,Maize
2000,BENGALURU URBAN,Rabi       ,1015.32225,302.2991328,84,96,36,83,212,2.523809524,Maize
2000,BENGALURU URBAN,Summer     ,1017.851357,302.8731755,230,143,62,40,647,2.813043478,Maize
2000,BENGALURU URBAN,Kharif     ,1014.476054,302.1924382,47486,111,76,91,110132,2.31925199,Ragi
2000,BENGALURU URBAN,Rabi       ,1015.955231,302.2780172,175,118,60,82,272,1.554285714,Ragi
2000,BENGALURU URBAN,Summer     ,1014.984087,302.2017901,362,125,61,83,718,1.983425414,Ragi
2000,BENGALURU URBAN,Kharif     ,1015.656807,301.4783816,4483,65,69,39,12073,2.693062681,Rice
2000,BENGALURU URBAN,Summer     ,1017.591545,302.668853,2491,139,39,27,6688,2.684865516,Rice
2000,BIDAR,Kharif     ,1017.044696,300.1229081,297,139,64,77,643,2.164983165,Maize
2000,BIDAR,Rabi       ,1016.994324,300.7725158,46,97,59,65,107,2.326086957,Maize
2000,BIDAR,Summer     ,1014.810497,299.3717272,17,134,58,50,34,2,Maize
2000,BIDAR,Kharif     ,1017.355733,300.9502487,11483,88,68,28,10428,0.908125054,Rice
2000,BIDAR,Rabi       ,1014.343477,299.3537266,34,149,72,34,49,1.441176471,Rice
2000,BIJAPUR,Kharif     ,1015.822536,301.9598499,9338,82,42,45,29016,3.107303491,Maize
2000,BIJAPUR,Rabi       ,1014.982601,301.3732371,5709,143,66,29,15652,2.741636013,Maize
2000,BIJAPUR,Summer     ,1017.711675,301.1267301,890,72,51,48,2503,2.812359551,Maize
2000,BIJAPUR,Kharif     ,1016.248973,300.4006369,341,59,71,99,529,1.551319648,Rice
2000,CHAMARAJANAGAR,Kharif     ,1017.357709,294.5416741,19773,118,66,55,53980,2.729985334,Maize
2000,CHAMARAJANAGAR,Rabi       ,1014.760692,296.2693099,173,149,52,56,474,2.739884393,Maize
2000,CHAMARAJANAGAR,Summer     ,1016.6657,295.0356546,269,83,76,90,756,2.810408922,Maize
2000,CHAMARAJANAGAR,Kharif     ,1016.192928,295.2820522,22084,101,65,42,34312,1.553704039,Ragi
2000,CHAMARAJANAGAR,Rabi       ,1017.841184,294.3225324,105,144,24,60,163,1.552380952,Ragi
2000,CHAMARAJANAGAR,Summer     ,1015.171911,296.0630405,708,59,62,99,1375,1.942090395,Ragi
2000,CHAMARAJANAGAR,Kharif     ,1017.560171,295.4570603,16213,68,67,47,42295,2.608709061,Rice
2000,CHAMARAJANAGAR,Rabi       ,1017.389891,294.3689959,85,107,53,67,182,2.141176471,Rice
2000,CHAMARAJANAGAR,Summer     ,1015.901674,295.2814209,2485,145,59,57,6296,2.53360161,Rice
2000,CHIKMAGALUR,Kharif     ,1014.411905,296.6336851,370,50,30,50,1237,3.343243243,Maize
2000,CHIKMAGALUR,Kharif     ,1015.868232,298.1615565,65128,118,69,33,116628,1.790750522,Ragi
2000,CHIKMAGALUR,Kharif     ,1016.41493,297.6852813,46223,53,22,92,114036,2.467083487,Rice
2000,CHIKMAGALUR,Summer     ,1014.273092,297.5663343,3014,65,77,96,7102,2.356337094,Rice
2000,CHITRADURGA,Kharif     ,1016.013495,301.7158467,43206,73,52,48,135867,3.14463269,Maize
2000,CHITRADURGA,Rabi       ,1015.305697,302.4849033,910,129,30,70,2293,2.51978022,Maize
2000,CHITRADURGA,Summer     ,1014.36879,302.4418493,253,51,35,68,711,2.81027668,Maize
2000,CHITRADURGA,Kharif     ,1016.868256,301.4192933,67022,141,37,62,124206,1.853212378,Ragi
2000,CHITRADURGA,Rabi       ,1015.732671,301.9004286,127,81,49,91,197,1.551181102,Ragi
2000,CHITRADURGA,Summer     ,1016.854573,302.5197622,1085,140,67,24,2151,1.982488479,Ragi
2000,CHITRADURGA,Kharif     ,1014.786486,300.7593478,7356,133,74,61,19961,2.713567156,Rice
2000,CHITRADURGA,Rabi       ,1017.464395,302.5316728,1198,73,29,26,2566,2.141903172,Rice
2000,CHITRADURGA,Summer     ,1015.695832,301.7579939,6642,61,37,61,16598,2.498946101,Rice
2000,DAKSHIN KANNAD,Kharif     ,1016.116025,300.9708165,35619,99,57,55,73329,2.058704624,Rice
2000,DAKSHIN KANNAD,Rabi       ,1014.336164,299.8789233,24510,84,38,46,48853,1.993186455,Rice
2000,DAKSHIN KANNAD,Summer     ,1015.684827,301.3673824,2850,82,55,77,6011,2.109122807,Rice
2000,DAVANGERE,Kharif     ,1017.56564,300.7948263,130310,82,78,65,443971,3.407037065,Maize
2000,DAVANGERE,Rabi       ,1014.130543,301.9479618,81,110,32,85,171,2.111111111,Maize
2000,DAVANGERE,Summer     ,1014.069713,301.995311,58,100,75,44,163,2.810344828,Maize
2000,DAVANGERE,Kharif     ,1014.927595,301.1523645,37660,92,65,92,76013,2.018401487,Ragi
2000,DAVANGERE,Rabi       ,1017.856753,301.5115057,20,61,22,46,28,1.4,Ragi
2000,DAVANGERE,Summer     ,1014.563374,300.6987289,181,116,29,20,359,1.983425414,Ragi
2000,DAVANGERE,Kharif     ,1016.602863,301.8034032,70115,114,57,93,247086,3.524010554,Rice
2000,DAVANGERE,Summer     ,1014.456399,300.4934856,46630,82,20,61,170151,3.648959897,Rice
2000,DHARWAD,Kharif     ,1014.53779,299.4488144,22992,89,74,71,76713,3.336508351,Maize
2000,DHARWAD,Rabi       ,1017.783275,300.7026079,121,123,75,44,288,2.380165289,Maize
2000,DHARWAD,Summer     ,1016.587427,299.1637717,14,92,46,73,39,2.785714286,Maize
2000,DHARWAD,Kharif     ,1017.758003,298.9262413,238,93,65,86,289,1.214285714,Ragi
2000,DHARWAD,Kharif     ,1016.330633,299.9148798,38619,78,27,25,53225,1.378207618,Rice
2000,DHARWAD,Summer     ,1017.484256,300.659777,884,62,70,77,2701,3.055429864,Rice
2000,GADAG,Kharif     ,1015.192611,301.6953139,24833,61,65,89,79387,3.196834857,Maize
2000,GADAG,Rabi       ,1017.365055,300.3671128,1902,144,61,72,4759,2.502103049,Maize
2000,GADAG,Summer     ,1014.130964,300.4534678,1,95,36,85,3,3,Maize
2000,GADAG,Kharif     ,1017.322902,300.1146006,76,51,28,77,135,1.776315789,Ragi
2000,GADAG,Kharif     ,1017.271573,301.7987604,888,84,25,21,2118,2.385135135,Rice
2000,GADAG,Summer     ,1014.370633,301.4095323,264,136,62,95,668,2.53030303,Rice
2000,GULBARGA,Kharif     ,1015.068752,301.6015206,1903,130,44,41,5005,2.630057803,Maize
2000,GULBARGA,Rabi       ,1016.528568,300.9712893,132,139,58,56,332,2.515151515,Maize
2000,GULBARGA,Summer     ,1017.759919,300.6211842,411,57,68,39,1156,2.812652068,Maize
2000,GULBARGA,Kharif     ,1014.772021,301.4039929,6,142,79,43,7,1.166666667,Ragi
2000,GULBARGA,Kharif     ,1016.847308,301.6821856,16485,75,47,84,25012,1.517258113,Rice
2000,GULBARGA,Rabi       ,1017.506496,302.0951923,3976,123,52,84,8518,2.142354125,Rice
2000,GULBARGA,Summer     ,1015.070121,301.223553,11749,139,73,20,27759,2.362669163,Rice
2000,HASSAN,Kharif     ,1017.269419,296.9046503,13708,83,56,22,56049,4.088780274,Maize
2000,HASSAN,Rabi       ,1015.578468,296.6431727,994,56,28,65,1974,1.985915493,Maize
2000,HASSAN,Summer     ,1016.52552,297.1969074,51,117,37,74,143,2.803921569,Maize
2000,HASSAN,Kharif     ,1015.804053,298.0041599,114138,107,75,94,200464,1.756330057,Ragi
2000,HASSAN,Rabi       ,1015.953557,297.866436,15276,124,78,83,8809,0.576656193,Ragi
2000,HASSAN,Summer     ,1017.78039,297.0618089,818,78,40,64,1622,1.982885086,Ragi
2000,HASSAN,Kharif     ,1016.856863,298.2133182,54598,85,21,45,131867,2.41523499,Rice
2000,HASSAN,Rabi       ,1014.333065,298.5401136,2006,138,77,96,4581,2.283649053,Rice
2000,HASSAN,Summer     ,1015.658218,297.1770034,11638,70,62,84,33622,2.888984362,Rice
2000,HAVERI,Kharif     ,1016.262624,299.7641926,82099,85,78,43,339203,4.131633759,Maize
2000,HAVERI,Rabi       ,1017.798888,300.0797381,1164,59,79,93,2715,2.332474227,Maize
2000,HAVERI,Summer     ,1017.552267,300.2508182,475,122,57,54,1336,2.812631579,Maize
2000,HAVERI,Kharif     ,1017.544094,299.9179964,3057,73,77,43,4897,1.601897285,Ragi
2000,HAVERI,Summer     ,1016.950747,300.7275139,1,113,59,47,2,2,Ragi
2000,HAVERI,Kharif     ,1015.785116,300.9527791,54985,148,55,99,112869,2.05272347,Rice
2000,HAVERI,Summer     ,1016.715765,299.7157482,1758,98,69,35,4506,2.563139932,Rice
2000,KODAGU,Kharif     ,1016.023153,306.8559181,1640,148,79,78,5422,3.306097561,Maize
2000,KODAGU,Summer     ,1016.625695,307.8704017,5,85,62,73,14,2.8,Maize
2000,KODAGU,Kharif     ,1014.171199,307.5011728,787,131,56,98,1333,1.693773825,Ragi
2000,KODAGU,Rabi       ,1016.883956,307.9283815,146,145,34,35,113,0.773972603,Ragi
2000,KODAGU,Summer     ,1015.130323,306.8181688,12,73,47,34,24,2,Ragi
2000,KODAGU,Kharif     ,1014.256525,307.3314051,36441,72,37,30,83597,2.294036936,Rice
2000,KODAGU,Rabi       ,1015.327674,306.1545051,5,111,53,84,11,2.2,Rice
2000,KODAGU,Summer     ,1015.407481,306.7930967,509,145,41,98,1449,2.84675835,Rice
2000,KOLAR,Kharif     ,1014.490694,301.0892801,15632,86,30,87,40280,2.576765609,Maize
2000,KOLAR,Summer     ,1017.351925,301.864847,802,61,77,62,2255,2.811720698,Maize
2000,KOLAR,Kharif     ,1015.370758,301.0378667,130824,104,76,88,241192,1.843637253,Ragi
2000,KOLAR,Rabi       ,1016.203831,301.7888463,9,62,32,32,14,1.555555556,Ragi
2000,KOLAR,Summer     ,1015.024333,302.0933234,1123,72,23,29,2227,1.983081033,Ragi
2000,KOLAR,Kharif     ,1014.200346,300.9906846,11995,138,41,94,29032,2.420341809,Rice
2000,KOLAR,Summer     ,1015.776543,301.7178003,10760,148,26,60,31034,2.884200743,Rice
2000,KOPPAL,Kharif     ,1014.437957,303.1781385,10493,79,62,69,42904,4.088821119,Maize
2000,KOPPAL,Rabi       ,1014.147732,303.1438329,942,66,73,90,2373,2.51910828,Maize
2000,KOPPAL,Summer     ,1014.780246,303.1086132,294,111,43,78,827,2.81292517,Maize
2000,KOPPAL,Kharif     ,1017.527395,302.8004516,37081,133,23,58,124532,3.358377606,Rice
2000,KOPPAL,Summer     ,1017.68483,303.3506469,36327,138,47,22,129035,3.552041181,Rice
2000,MANDYA,Kharif     ,1016.685044,299.6743675,309,135,34,95,1029,3.330097087,Maize
2000,MANDYA,Kharif     ,1016.897185,298.790715,73905,62,20,26,150532,2.036831067,Ragi
2000,MANDYA,Rabi       ,1016.043004,300.544694,2515,108,74,68,3904,1.552286282,Ragi
2000,MANDYA,Summer     ,1014.623021,300.377396,1922,68,22,45,3898,2.028095734,Ragi
2000,MANDYA,Kharif     ,1017.208384,298.9034312,60834,98,33,52,175903,2.891524476,Rice
2000,MANDYA,Rabi       ,1015.486553,298.7008446,30,149,57,67,64,2.133333333,Rice
2000,MANDYA,Summer     ,1015.473635,299.4892712,17920,61,69,98,57541,3.210993304,Rice
2000,MYSORE,Kharif     ,1014.651456,298.2786032,21315,110,76,21,64028,3.003893971,Maize
2000,MYSORE,Rabi       ,1015.297248,299.4020152,282,68,20,90,555,1.968085106,Maize
2000,MYSORE,Summer     ,1016.622755,298.6105328,78,125,57,51,219,2.807692308,Maize
2000,MYSORE,Kharif     ,1016.053387,299.3827083,63305,58,57,23,102662,1.621704447,Ragi
2000,MYSORE,Rabi       ,1017.039298,299.3583485,9616,120,40,39,10852,1.128535774,Ragi
2000,MYSORE,Summer     ,1016.941844,299.1848097,1670,77,67,55,3311,1.982634731,Ragi
2000,MYSORE,Kharif     ,1015.187055,299.0431658,91522,127,48,51,275479,3.009975744,Rice
2000,MYSORE,Rabi       ,1017.667822,298.6961312,1179,144,24,47,2356,1.998303647,Rice
2000,MYSORE,Summer     ,1015.151347,300.0700504,16308,101,68,96,46416,2.846210449,Rice
2000,RAICHUR,Kharif     ,1015.975707,304.4467334,188,132,29,20,622,3.308510638,Maize
2000,RAICHUR,Kharif     ,1015.73786,304.805267,90009,65,47,79,294349,3.270217423,Rice
2000,RAICHUR,Summer     ,1016.888187,304.0701946,51537,118,40,75,151023,2.930380115,Rice
2000,SHIMOGA,Kharif     ,1016.01473,300.4520491,18624,148,69,54,61571,3.306003007,Maize
2000,SHIMOGA,Summer     ,1017.355691,301.02832,45,61,26,49,127,2.822222222,Maize
2000,SHIMOGA,Kharif     ,1017.459693,300.0341118,5724,74,22,73,8007,1.39884696,Ragi
2000,SHIMOGA,Rabi       ,1015.373053,301.6007211,1,101,64,55,2,2,Ragi
2000,SHIMOGA,Summer     ,1015.66319,300.3586733,79,134,66,74,157,1.987341772,Ragi
2000,SHIMOGA,Kharif     ,1014.291189,300.2359293,135079,149,39,99,309306,2.289815589,Rice
2000,SHIMOGA,Summer     ,1014.228083,300.3929638,21285,102,38,77,61673,2.897486493,Rice
2000,TUMKUR,Kharif     ,1014.99492,302.4968958,10030,72,54,84,27997,2.791326022,Maize
2000,TUMKUR,Rabi       ,1016.894306,301.1317116,20,65,23,88,50,2.5,Maize
2000,TUMKUR,Summer     ,1016.130648,300.7775925,397,106,24,70,1116,2.811083123,Maize
2000,TUMKUR,Kharif     ,1017.774796,301.5369394,198361,88,20,41,308091,1.553183337,Ragi
2000,TUMKUR,Rabi       ,1014.965861,300.6855425,170,102,23,72,178,1.047058824,Ragi
2000,TUMKUR,Summer     ,1015.503606,302.4200018,1341,91,31,55,2659,1.98284862,Ragi
2000,TUMKUR,Kharif     ,1014.656928,302.5537156,30892,107,79,87,88230,2.856079244,Rice
2000,TUMKUR,Rabi       ,1014.447044,301.2552379,2525,88,46,55,5409,2.142178218,Rice
2000,TUMKUR,Summer     ,1015.976852,302.0668539,23498,63,75,71,58576,2.492807899,Rice
2000,UDUPI,Kharif     ,1016.349628,303.4223394,52574,144,61,72,106050,2.01715677,Rice
2000,UDUPI,Rabi       ,1017.648873,304.2319113,13283,54,42,69,27170,2.045471655,Rice
2000,UDUPI,Summer     ,1014.897191,304.0110352,1279,84,44,99,2570,2.00938233,Rice
2000,UTTAR KANNAD,Kharif     ,1015.268206,297.5560798,169,136,40,60,505,2.98816568,Maize
2000,UTTAR KANNAD,Rabi       ,1016.203777,297.8270233,1,142,77,37,2,2,Maize
2000,UTTAR KANNAD,Kharif     ,1017.251755,296.7617325,44,124,71,41,53,1.204545455,Ragi
2000,UTTAR KANNAD,Rabi       ,1016.009884,296.968221,22,67,43,85,39,1.772727273,Ragi
2000,UTTAR KANNAD,Kharif     ,1016.214532,297.5235013,85251,125,44,40,145985,1.712413931,Rice
2000,UTTAR KANNAD,Rabi       ,1015.600981,296.5718804,2459,58,64,63,5044,2.051240342,Rice
2000,UTTAR KANNAD,Summer     ,1016.063519,297.41685,2784,123,74,66,6943,2.493893678,Rice
2001,BAGALKOT,Kharif     ,1016.04303,302.2103482,21340,107,65,58,66431,3.112980319,Maize
2001,BAGALKOT,Rabi       ,1015.261381,302.4654278,15597,66,51,48,43755,2.805347182,Maize
2001,BAGALKOT,Summer     ,1017.696507,302.5250455,1396,56,74,73,4066,2.91260745,Maize
2001,BAGALKOT,Kharif     ,1014.236234,302.4804788,171,95,51,36,411,2.403508772,Rice
2001,BAGALKOT,Summer     ,1017.30607,303.1941968,13,62,24,99,19,1.461538462,Rice
2001,BANGALORE RURAL,Kharif     ,1016.515138,300.4663574,5658,89,55,79,23718,4.191940615,Maize
2001,BANGALORE RURAL,Rabi       ,1016.572086,299.5479214,37,91,65,50,91,2.459459459,Maize
2001,BANGALORE RURAL,Summer     ,1016.324872,300.8914353,417,58,61,92,1097,2.630695444,Maize
2001,BANGALORE RURAL,Kharif     ,1015.017618,300.1107868,146131,99,68,97,283423,1.939513177,Ragi
2001,BANGALORE RURAL,Rabi       ,1016.114751,299.9923025,168,76,61,68,230,1.369047619,Ragi
2001,BANGALORE RURAL,Summer     ,1015.605926,300.9469905,645,115,77,21,1137,1.762790698,Ragi
2001,BANGALORE RURAL,Kharif     ,1015.5074,299.4655785,11067,54,58,67,28322,2.559139785,Rice
2001,BANGALORE RURAL,Rabi       ,1014.205087,300.8467442,169,78,35,33,324,1.917159763,Rice
2001,BANGALORE RURAL,Summer     ,1015.386643,301.0066591,3073,86,52,78,7891,2.567849007,Rice
2001,BELGAUM,Kharif     ,1015.16036,299.3025247,64163,87,68,77,130967,2.041160794,Maize
2001,BELGAUM,Rabi       ,1016.42058,298.7367563,32666,132,40,77,71660,2.193718239,Maize
2001,BELGAUM,Summer     ,1014.255286,298.898524,2299,57,28,70,5225,2.272727273,Maize
2001,BELGAUM,Kharif     ,1014.666558,300.0660233,1995,114,25,21,1911,0.957894737,Ragi
2001,BELGAUM,Kharif     ,1017.501063,299.4250672,63662,135,70,60,56350,0.885143414,Rice
2001,BELGAUM,Summer     ,1015.178819,299.047877,77,66,64,35,197,2.558441558,Rice
2001,BELLARY,Kharif     ,1017.551519,304.4112914,43231,120,54,23,140539,3.250884782,Maize
2001,BELLARY,Rabi       ,1015.389505,304.6451848,1325,138,58,31,3077,2.322264151,Maize
2001,BELLARY,Summer     ,1014.855116,303.4554188,295,94,41,48,776,2.630508475,Maize
2001,BELLARY,Kharif     ,1016.324662,304.9175814,5844,53,60,26,8087,1.383812457,Ragi
2001,BELLARY,Rabi       ,1014.510458,304.4931748,10,85,73,33,11,1.1,Ragi
2001,BELLARY,Kharif     ,1016.904922,303.7580852,54582,119,24,31,175813,3.22108021,Rice
2001,BELLARY,Summer     ,1016.408456,304.3593536,29231,80,61,24,78310,2.679005166,Rice
2001,BENGALURU URBAN,Kharif     ,1017.019534,302.270926,767,68,42,51,2100,2.737940026,Maize
2001,BENGALURU URBAN,Rabi       ,1014.268207,302.6623214,40,110,36,93,99,2.475,Maize
2001,BENGALURU URBAN,Summer     ,1014.786396,302.0114791,118,103,31,62,310,2.627118644,Maize
2001,BENGALURU URBAN,Kharif     ,1017.102184,301.4658366,47618,88,42,88,111399,2.339430467,Ragi
2001,BENGALURU URBAN,Rabi       ,1016.192685,302.5384324,152,140,35,64,208,1.368421053,Ragi
2001,BENGALURU URBAN,Summer     ,1017.252046,301.4125126,179,123,22,28,274,1.530726257,Ragi
2001,BENGALURU URBAN,Kharif     ,1017.680666,302.1309383,3753,139,49,68,7313,1.948574474,Rice
2001,BENGALURU URBAN,Summer     ,1017.425646,301.2028135,1592,68,76,52,3271,2.054648241,Rice
2001,BIDAR,Kharif     ,1016.544369,299.6307843,241,88,41,37,415,1.721991701,Maize
2001,BIDAR,Rabi       ,1015.802887,300.8588081,36,116,28,28,68,1.888888889,Maize
2001,BIDAR,Kharif     ,1015.525878,300.6336303,11224,94,48,81,9048,0.806129722,Rice
2001,BIDAR,Rabi       ,1015.3375,299.8191495,30,62,66,76,45,1.5,Rice
2001,BIJAPUR,Kharif     ,1014.04788,301.7915211,3310,141,56,48,6986,2.110574018,Maize
2001,BIJAPUR,Rabi       ,1014.796599,300.2687894,5812,107,42,97,12641,2.174982794,Maize
2001,BIJAPUR,Summer     ,1014.690951,300.9250614,1260,69,32,44,3314,2.63015873,Maize
2001,BIJAPUR,Kharif     ,1017.532365,301.7905715,4,141,51,34,6,1.5,Rice
2001,CHAMARAJANAGAR,Kharif     ,1015.425672,295.5556197,13134,121,65,25,33852,2.577432618,Maize
2001,CHAMARAJANAGAR,Rabi       ,1014.145477,294.9182116,2495,110,71,61,5560,2.228456914,Maize
2001,CHAMARAJANAGAR,Summer     ,1015.857128,295.8459685,408,88,66,48,1073,2.629901961,Maize
2001,CHAMARAJANAGAR,Kharif     ,1017.494963,294.9535785,23850,50,67,98,38708,1.622976939,Ragi
2001,CHAMARAJANAGAR,Rabi       ,1014.652117,294.8522394,2845,52,42,23,3325,1.168717047,Ragi
2001,CHAMARAJANAGAR,Summer     ,1017.969091,295.2807011,900,126,64,76,1587,1.763333333,Ragi
2001,CHAMARAJANAGAR,Kharif     ,1014.894515,295.6617717,16603,141,36,68,49259,2.966873457,Rice
2001,CHAMARAJANAGAR,Rabi       ,1016.03605,295.3110259,600,111,74,63,1150,1.916666667,Rice
2001,CHAMARAJANAGAR,Summer     ,1017.377442,295.9069584,1788,112,59,99,5191,2.903243848,Rice
2001,CHIKMAGALUR,Kharif     ,1016.65015,296.7468443,505,74,40,94,1200,2.376237624,Maize
2001,CHIKMAGALUR,Kharif     ,1016.206379,297.2642025,61247,105,21,33,87219,1.424053423,Ragi
2001,CHIKMAGALUR,Rabi       ,1017.62727,296.8318286,202,82,56,22,227,1.123762376,Ragi
2001,CHIKMAGALUR,Kharif     ,1014.191759,297.3659388,44486,87,25,81,102979,2.314863103,Rice
2001,CHIKMAGALUR,Summer     ,1014.907442,296.5244102,3067,55,63,83,8904,2.9031627,Rice
2001,CHITRADURGA,Kharif     ,1014.262969,302.2949054,47846,107,37,64,129870,2.714333487,Maize
2001,CHITRADURGA,Rabi       ,1014.13121,301.8618644,1277,93,49,77,3119,2.442443226,Maize
2001,CHITRADURGA,Summer     ,1016.967937,301.158261,113,94,41,39,297,2.628318584,Maize
2001,CHITRADURGA,Kharif     ,1017.486106,301.0586002,66627,81,73,77,99239,1.489471235,Ragi
2001,CHITRADURGA,Rabi       ,1015.874632,301.8902038,474,94,52,76,650,1.371308017,Ragi
2001,CHITRADURGA,Summer     ,1016.101309,301.2898136,1650,110,49,96,2470,1.496969697,Ragi
2001,CHITRADURGA,Kharif     ,1016.762981,301.7629758,6680,96,36,87,14053,2.103742515,Rice
2001,CHITRADURGA,Rabi       ,1017.342408,300.9577244,1354,70,62,97,2575,1.901772526,Rice
2001,CHITRADURGA,Summer     ,1017.408627,300.8985528,4425,129,51,71,9838,2.223276836,Rice
2001,DAKSHIN KANNAD,Kharif     ,1015.303256,300.0503862,34278,134,61,56,74077,2.161065406,Rice
2001,DAKSHIN KANNAD,Rabi       ,1017.425604,301.2430203,24922,124,70,27,54460,2.18521788,Rice
2001,DAKSHIN KANNAD,Summer     ,1017.887769,300.7576086,2688,85,33,63,6157,2.290550595,Rice
2001,DAVANGERE,Kharif     ,1014.644391,300.4130581,122428,148,77,24,265644,2.169797759,Maize
2001,DAVANGERE,Rabi       ,1014.295825,302.2325391,71,68,29,88,148,2.084507042,Maize
2001,DAVANGERE,Summer     ,1016.344483,301.8524653,62,69,66,50,163,2.629032258,Maize
2001,DAVANGERE,Kharif     ,1016.56544,300.7284472,35495,106,79,64,49822,1.403634315,Ragi
2001,DAVANGERE,Summer     ,1017.364959,302.1222011,165,67,70,28,253,1.533333333,Ragi
2001,DAVANGERE,Kharif     ,1015.180683,301.8706023,67016,96,55,51,227128,3.389160797,Rice
2001,DAVANGERE,Summer     ,1017.404608,301.0002395,39818,98,53,52,123997,3.114094128,Rice
2001,DHARWAD,Kharif     ,1015.436019,300.7042841,9202,63,28,86,14538,1.57987394,Maize
2001,DHARWAD,Rabi       ,1017.744737,299.2118861,81,64,61,49,191,2.358024691,Maize
2001,DHARWAD,Summer     ,1015.501067,299.549407,33,80,47,95,87,2.636363636,Maize
2001,DHARWAD,Kharif     ,1014.90235,300.388337,317,50,30,48,331,1.044164038,Ragi
2001,DHARWAD,Kharif     ,1016.31914,298.8539872,38948,103,33,22,8323,0.213695183,Rice
2001,DHARWAD,Summer     ,1015.635763,299.4358339,376,52,58,76,1008,2.680851064,Rice
2001,GADAG,Kharif     ,1017.151534,301.1288677,9272,65,74,49,14150,1.526100086,Maize
2001,GADAG,Rabi       ,1016.072239,300.607404,863,136,66,28,2120,2.456546929,Maize
2001,GADAG,Summer     ,1017.74529,301.6327216,62,106,73,45,163,2.629032258,Maize
2001,GADAG,Kharif     ,1017.793291,301.0405531,29,124,38,21,45,1.551724138,Ragi
2001,GADAG,Kharif     ,1016.684006,300.1393092,705,61,73,81,1411,2.00141844,Rice
2001,GADAG,Rabi       ,1015.025892,301.8748627,3,123,34,22,4,1.333333333,Rice
2001,GADAG,Summer     ,1017.388134,301.8344718,324,145,47,65,779,2.404320988,Rice
2001,GULBARGA,Kharif     ,1016.633859,300.9952087,1685,65,43,87,4135,2.454005935,Maize
2001,GULBARGA,Rabi       ,1015.824129,301.5076549,119,121,27,44,277,2.327731092,Maize
2001,GULBARGA,Summer     ,1015.344061,301.8163335,235,125,62,70,618,2.629787234,Maize
2001,GULBARGA,Kharif     ,1015.783412,300.5655203,18722,73,28,32,32644,1.743617135,Rice
2001,GULBARGA,Rabi       ,1017.02567,301.9196834,7271,77,66,63,4620,0.635400908,Rice
2001,GULBARGA,Summer     ,1015.068781,300.2688741,15635,57,52,54,28281,1.808826351,Rice
2001,HASSAN,Kharif     ,1014.574977,297.2833016,12840,141,52,74,53488,4.165732087,Maize
2001,HASSAN,Rabi       ,1015.949382,297.4618559,2172,85,38,28,4215,1.940607735,Maize
2001,HASSAN,Summer     ,1016.56779,296.6674072,95,139,22,21,250,2.631578947,Maize
2001,HASSAN,Kharif     ,1015.682021,297.1115609,100335,57,29,80,170597,1.700274082,Ragi
2001,HASSAN,Rabi       ,1014.569001,297.8319014,15015,107,59,60,13707,0.912887113,Ragi
2001,HASSAN,Summer     ,1016.451338,296.8852364,232,109,66,63,356,1.534482759,Ragi
2001,HASSAN,Kharif     ,1017.425648,297.4920802,52286,99,61,83,132604,2.536128218,Rice
2001,HASSAN,Rabi       ,1015.302646,297.8878172,1952,77,20,50,4840,2.479508197,Rice
2001,HASSAN,Summer     ,1015.206294,298.4119858,2928,141,48,66,6693,2.285860656,Rice
2001,HAVERI,Kharif     ,1015.853013,300.0231996,80490,90,69,21,187534,2.329904336,Maize
2001,HAVERI,Rabi       ,1015.038456,299.6411482,927,149,53,96,2167,2.337648328,Maize
2001,HAVERI,Summer     ,1015.001381,299.4120909,574,113,70,88,1510,2.630662021,Maize
2001,HAVERI,Kharif     ,1016.973701,300.1655629,2370,76,32,77,1507,0.635864979,Ragi
2001,HAVERI,Kharif     ,1016.571965,299.6696307,56369,112,73,63,27476,0.487431035,Rice
2001,HAVERI,Summer     ,1016.951829,300.2294948,1765,66,20,93,3493,1.979036827,Rice
2001,KODAGU,Kharif     ,1015.076419,307.702337,2334,122,53,75,10018,4.292202228,Maize
2001,KODAGU,Summer     ,1016.603353,306.1540267,30,82,48,62,79,2.633333333,Maize
2001,KODAGU,Kharif     ,1015.714934,306.2698907,575,133,67,53,866,1.506086957,Ragi
2001,KODAGU,Summer     ,1014.593246,307.6197076,75,126,66,49,115,1.533333333,Ragi
2001,KODAGU,Kharif     ,1016.418038,307.902572,35742,141,32,90,89223,2.496306866,Rice
2001,KODAGU,Rabi       ,1017.244428,306.6544042,11,78,67,89,21,1.909090909,Rice
2001,KODAGU,Summer     ,1017.948598,306.751484,511,62,68,74,1288,2.520547945,Rice
2001,KOLAR,Kharif     ,1016.138386,300.6169128,15429,95,72,86,22856,1.481366258,Maize
2001,KOLAR,Rabi       ,1017.382698,300.7357269,63,84,48,32,155,2.46031746,Maize
2001,KOLAR,Summer     ,1017.275612,301.3560922,804,55,58,22,2115,2.630597015,Maize
2001,KOLAR,Kharif     ,1014.786802,301.0751305,100223,131,43,45,165110,1.647426239,Ragi
2001,KOLAR,Rabi       ,1014.678957,301.3086867,12,118,45,76,16,1.333333333,Ragi
2001,KOLAR,Summer     ,1017.130771,302.4421634,668,96,36,43,1024,1.532934132,Ragi
2001,KOLAR,Kharif     ,1014.846242,300.8674825,6189,74,26,72,14118,2.281143965,Rice
2001,KOLAR,Summer     ,1015.90472,301.6140898,18419,115,32,89,37848,2.054834682,Rice
2001,KOPPAL,Kharif     ,1015.039449,302.1587187,9936,59,24,62,32259,3.246678744,Maize
2001,KOPPAL,Rabi       ,1016.019114,301.7544753,617,105,45,79,1520,2.463533225,Maize
2001,KOPPAL,Summer     ,1014.8861,302.1850503,128,79,68,77,337,2.6328125,Maize
2001,KOPPAL,Kharif     ,1015.976893,303.2343986,37599,54,22,68,135034,3.591425304,Rice
2001,KOPPAL,Summer     ,1015.467781,302.1928601,37126,82,26,61,117413,3.162554544,Rice
2001,MANDYA,Kharif     ,1014.05925,299.0078987,67843,114,77,95,127803,1.883805256,Ragi
2001,MANDYA,Rabi       ,1015.902105,300.0112078,7384,67,68,85,8858,1.199620802,Ragi
2001,MANDYA,Summer     ,1015.655505,299.9522823,1769,145,58,30,1934,1.093273036,Ragi
2001,MANDYA,Kharif     ,1015.773341,298.8385221,57793,98,72,37,176998,3.06262004,Rice
2001,MANDYA,Rabi       ,1016.402357,299.2356837,19,60,20,71,36,1.894736842,Rice
2001,MANDYA,Summer     ,1014.348253,299.4465571,14182,134,68,65,36458,2.570723452,Rice
2001,MYSORE,Kharif     ,1015.01236,300.1282382,15251,75,36,63,65459,4.292111993,Maize
2001,MYSORE,Rabi       ,1017.403009,299.3247054,654,112,62,41,1225,1.873088685,Maize
2001,MYSORE,Summer     ,1014.198278,298.1548981,205,138,44,72,539,2.629268293,Maize
2001,MYSORE,Kharif     ,1016.313795,299.6989856,66135,135,78,78,109676,1.658365465,Ragi
2001,MYSORE,Rabi       ,1017.518918,299.7522989,12642,108,22,49,17457,1.38087328,Ragi
2001,MYSORE,Summer     ,1016.641623,299.99963,756,76,34,27,1159,1.533068783,Ragi
2001,MYSORE,Kharif     ,1014.294871,299.4292341,102365,98,48,76,327885,3.203096762,Rice
2001,MYSORE,Rabi       ,1017.746305,299.0761215,176,126,72,92,436,2.477272727,Rice
2001,MYSORE,Summer     ,1016.006272,298.8181991,12254,82,62,39,33574,2.739840052,Rice
2001,RAICHUR,Kharif     ,1016.591147,303.6492096,135,147,51,44,368,2.725925926,Maize
2001,RAICHUR,Kharif     ,1015.169324,304.0113041,77825,148,45,38,245184,3.150452939,Rice
2001,RAICHUR,Summer     ,1014.452099,304.0576854,43935,50,79,24,108088,2.460179811,Rice
2001,SHIMOGA,Kharif     ,1014.129703,300.2482941,17497,70,35,94,49533,2.830942447,Maize
2001,SHIMOGA,Rabi       ,1017.938663,299.9705436,69,104,44,98,162,2.347826087,Maize
2001,SHIMOGA,Summer     ,1015.639432,301.4786719,257,55,73,91,676,2.630350195,Maize
2001,SHIMOGA,Kharif     ,1016.673182,301.3798588,5558,141,47,46,6688,1.203310543,Ragi
2001,SHIMOGA,Rabi       ,1016.165402,299.6607983,1,130,28,59,1,1,Ragi
2001,SHIMOGA,Summer     ,1017.196454,300.2128978,116,118,75,45,178,1.534482759,Ragi
2001,SHIMOGA,Kharif     ,1017.249079,300.9002755,131783,144,75,46,197149,1.496012384,Rice
2001,SHIMOGA,Summer     ,1016.666037,301.4336956,17038,54,20,81,47441,2.784423054,Rice
2001,TUMKUR,Kharif     ,1014.66336,302.5624569,8820,52,48,69,18686,2.118594104,Maize
2001,TUMKUR,Rabi       ,1015.396742,302.01669,268,102,76,61,519,1.936567164,Maize
2001,TUMKUR,Summer     ,1017.005369,300.8882027,481,72,41,48,1265,2.62993763,Maize
2001,TUMKUR,Kharif     ,1016.564184,301.8369382,171518,102,35,58,216119,1.260036847,Ragi
2001,TUMKUR,Rabi       ,1015.271651,301.3405411,1481,86,60,79,1845,1.245779878,Ragi
2001,TUMKUR,Summer     ,1015.00691,301.5170286,2116,123,70,60,3667,1.732986767,Ragi
2001,TUMKUR,Kharif     ,1014.870575,302.3355649,24781,123,63,52,58974,2.37980711,Rice
2001,TUMKUR,Rabi       ,1014.175927,301.6965232,1708,132,70,35,3273,1.916276347,Rice
2001,TUMKUR,Summer     ,1016.97785,301.1658684,23875,66,73,42,70221,2.941193717,Rice
2001,UDUPI,Kharif     ,1016.751768,303.2465285,52119,134,60,26,114744,2.20157716,Rice
2001,UDUPI,Rabi       ,1017.172231,303.7668457,12885,127,26,45,23456,1.820411331,Rice
2001,UDUPI,Summer     ,1015.432634,303.8164602,725,122,33,31,1402,1.933793103,Rice
2001,UTTAR KANNAD,Kharif     ,1014.491553,297.189146,60,50,48,91,112,1.866666667,Maize
2001,UTTAR KANNAD,Kharif     ,1014.439602,296.5131251,42,100,38,24,44,1.047619048,Ragi
2001,UTTAR KANNAD,Rabi       ,1014.850298,296.7472635,21,94,38,88,25,1.19047619,Ragi
2001,UTTAR KANNAD,Kharif     ,1016.80799,297.7999928,81215,126,21,68,87420,1.076402142,Rice
2001,UTTAR KANNAD,Rabi       ,1016.989683,296.3121466,2380,53,60,45,4459,1.873529412,Rice
2001,UTTAR KANNAD,Summer     ,1017.683378,296.9984489,1412,111,64,24,2638,1.868271955,Rice
2002,BAGALKOT,Kharif     ,1014.214657,303.1038242,20026,114,34,41,60945,3.043293718,Maize
2002,BAGALKOT,Rabi       ,1016.011821,303.1217954,9197,81,22,98,31585,3.434272045,Maize
2002,BAGALKOT,Summer     ,1016.427378,302.862725,1233,83,30,32,4217,3.420113544,Maize
2002,BAGALKOT,Kharif     ,1016.182798,302.5636667,112,141,72,47,230,2.053571429,Rice
2002,BAGALKOT,Summer     ,1017.507154,302.5133669,15,144,65,52,16,1.066666667,Rice
2002,BANGALORE RURAL,Kharif     ,1014.893644,299.9919766,4479,121,49,42,14820,3.30877428,Maize
2002,BANGALORE RURAL,Rabi       ,1016.45566,299.5403063,196,88,76,37,502,2.56122449,Maize
2002,BANGALORE RURAL,Summer     ,1016.919691,301.1111949,105,75,59,49,268,2.552380952,Maize
2002,BANGALORE RURAL,Kharif     ,1015.431883,299.8883414,105139,83,37,45,97923,0.931367047,Ragi
2002,BANGALORE RURAL,Rabi       ,1016.944458,299.4472833,427,103,70,35,671,1.571428571,Ragi
2002,BANGALORE RURAL,Summer     ,1017.628489,299.4467877,426,52,67,96,489,1.147887324,Ragi
2002,BANGALORE RURAL,Kharif     ,1014.308323,300.9830706,5722,99,21,58,12953,2.263718979,Rice
2002,BANGALORE RURAL,Rabi       ,1017.603618,300.9818508,32,61,51,52,67,2.09375,Rice
2002,BANGALORE RURAL,Summer     ,1014.142602,299.5264591,431,114,27,45,1192,2.765661253,Rice
2002,BELGAUM,Kharif     ,1014.226355,299.0166035,66243,103,41,67,131002,1.977597633,Maize
2002,BELGAUM,Rabi       ,1017.794372,300.0440631,24130,54,25,84,53723,2.226398674,Maize
2002,BELGAUM,Summer     ,1017.411351,299.6879564,1851,143,31,57,4023,2.173419773,Maize
2002,BELGAUM,Kharif     ,1014.522437,298.8923148,1965,143,66,21,1133,0.576590331,Ragi
2002,BELGAUM,Kharif     ,1017.606079,299.0972089,65854,106,76,25,37874,0.575120722,Rice
2002,BELGAUM,Summer     ,1015.015971,299.2951556,151,66,59,65,405,2.682119205,Rice
2002,BELLARY,Kharif     ,1017.115166,304.0601262,56536,96,55,69,128078,2.265423801,Maize
2002,BELLARY,Rabi       ,1014.878237,303.8242255,2592,72,34,57,6539,2.522762346,Maize
2002,BELLARY,Summer     ,1015.739697,303.4626965,748,128,47,37,1912,2.556149733,Maize
2002,BELLARY,Kharif     ,1015.07219,303.3615352,6325,134,71,46,2775,0.438735178,Ragi
2002,BELLARY,Rabi       ,1016.845029,303.7494647,10,63,76,60,16,1.6,Ragi
2002,BELLARY,Summer     ,1015.123959,304.4642379,14,115,68,91,16,1.142857143,Ragi
2002,BELLARY,Kharif     ,1016.952883,305.0092478,64289,124,64,93,215581,3.353310831,Rice
2002,BELLARY,Summer     ,1017.355952,303.9532495,7011,100,37,36,17597,2.509912994,Rice
2002,BENGALURU URBAN,Kharif     ,1017.05025,302.6534081,512,87,21,81,1278,2.49609375,Maize
2002,BENGALURU URBAN,Rabi       ,1014.535542,302.6903845,125,113,32,48,320,2.56,Maize
2002,BENGALURU URBAN,Summer     ,1014.234566,302.428137,87,147,64,77,222,2.551724138,Maize
2002,BENGALURU URBAN,Kharif     ,1017.716302,301.3853773,32037,87,73,89,34515,1.077348066,Ragi
2002,BENGALURU URBAN,Rabi       ,1015.77044,302.9747538,349,99,34,97,548,1.570200573,Ragi
2002,BENGALURU URBAN,Summer     ,1016.385686,301.7598499,146,147,39,41,168,1.150684932,Ragi
2002,BENGALURU URBAN,Kharif     ,1016.876979,302.7363791,2393,131,48,25,4836,2.020894275,Rice
2002,BENGALURU URBAN,Summer     ,1014.708172,302.1446636,462,79,78,45,1278,2.766233766,Rice
2002,BIDAR,Kharif     ,1016.317009,301.0231889,267,128,61,58,386,1.445692884,Maize
2002,BIDAR,Rabi       ,1015.717704,299.3709036,89,140,48,31,145,1.629213483,Maize
2002,BIDAR,Kharif     ,1017.970322,300.6495797,10083,100,22,33,5672,0.562530993,Rice
2002,BIDAR,Rabi       ,1014.342964,299.2257751,25,112,38,41,40,1.6,Rice
2002,BIJAPUR,Kharif     ,1015.332445,301.1150086,6193,147,22,70,13395,2.162925884,Maize
2002,BIJAPUR,Rabi       ,1017.547648,301.6601072,5606,101,73,42,13495,2.40724224,Maize
2002,BIJAPUR,Summer     ,1016.276145,301.3397311,1202,87,33,67,2855,2.375207987,Maize
2002,BIJAPUR,Kharif     ,1014.365788,301.7203923,15,146,59,90,16,1.066666667,Rice
2002,CHAMARAJANAGAR,Kharif     ,1014.848422,296.1956668,13403,137,78,69,36349,2.712004775,Maize
2002,CHAMARAJANAGAR,Rabi       ,1014.340672,295.7820225,1610,128,74,32,4120,2.559006211,Maize
2002,CHAMARAJANAGAR,Summer     ,1014.432492,294.722825,1000,79,23,29,2556,2.556,Maize
2002,CHAMARAJANAGAR,Kharif     ,1014.415027,295.0340692,21653,100,78,74,28460,1.314367524,Ragi
2002,CHAMARAJANAGAR,Rabi       ,1017.313609,295.5386896,1167,130,79,28,1833,1.570694087,Ragi
2002,CHAMARAJANAGAR,Summer     ,1016.738283,295.0058249,866,54,71,98,994,1.147806005,Ragi
2002,CHAMARAJANAGAR,Kharif     ,1015.386878,295.4942199,10474,78,30,71,34458,3.289860607,Rice
2002,CHAMARAJANAGAR,Rabi       ,1017.710289,295.315674,900,53,77,21,1879,2.087777778,Rice
2002,CHAMARAJANAGAR,Summer     ,1014.808324,294.9318847,669,59,50,44,1135,1.696562033,Rice
2002,CHIKMAGALUR,Kharif     ,1016.478142,296.5476668,810,105,62,32,1397,1.724691358,Maize
2002,CHIKMAGALUR,Kharif     ,1016.973619,296.5961705,56877,66,51,70,63813,1.12194736,Ragi
2002,CHIKMAGALUR,Rabi       ,1017.069863,297.5226294,885,123,46,77,497,0.561581921,Ragi
2002,CHIKMAGALUR,Kharif     ,1016.066135,297.4920764,42970,66,49,53,84557,1.967814754,Rice
2002,CHIKMAGALUR,Summer     ,1017.26094,297.5392841,1014,133,62,54,2871,2.831360947,Rice
2002,CHITRADURGA,Kharif     ,1014.903234,300.9330859,46717,137,21,22,73874,1.581308731,Maize
2002,CHITRADURGA,Rabi       ,1014.232863,302.2537704,1767,118,68,78,4522,2.559139785,Maize
2002,CHITRADURGA,Summer     ,1014.075283,301.2304467,155,83,28,89,396,2.55483871,Maize
2002,CHITRADURGA,Kharif     ,1014.601161,302.0237869,59991,55,47,67,62857,1.047773833,Ragi
2002,CHITRADURGA,Rabi       ,1016.396587,302.0836797,1417,102,50,83,1602,1.130557516,Ragi
2002,CHITRADURGA,Summer     ,1015.976516,302.4886263,1174,115,79,38,1347,1.147359455,Ragi
2002,CHITRADURGA,Kharif     ,1016.172274,302.0031358,4922,126,53,86,10097,2.051401869,Rice
2002,CHITRADURGA,Rabi       ,1014.531873,302.5395627,1314,92,75,92,2867,2.181887367,Rice
2002,CHITRADURGA,Summer     ,1016.672074,302.3448139,1522,124,34,95,3515,2.309461235,Rice
2002,DAKSHIN KANNAD,Kharif     ,1017.841386,300.493654,33223,72,67,24,74851,2.252987388,Rice
2002,DAKSHIN KANNAD,Rabi       ,1016.571705,299.5451291,23970,104,44,86,47225,1.970171047,Rice
2002,DAKSHIN KANNAD,Summer     ,1016.691224,300.8109907,2358,129,55,30,4843,2.053859203,Rice
2002,DAVANGERE,Kharif     ,1017.439929,301.2651768,129202,144,27,87,197179,1.526129626,Maize
2002,DAVANGERE,Rabi       ,1015.158431,302.070923,47,124,28,88,119,2.531914894,Maize
2002,DAVANGERE,Summer     ,1015.978125,300.7103161,250,65,77,20,639,2.556,Maize
2002,DAVANGERE,Kharif     ,1016.9002,300.5211183,29761,57,77,82,22834,0.767245724,Ragi
2002,DAVANGERE,Rabi       ,1014.442222,302.1087065,37,53,56,48,58,1.567567568,Ragi
2002,DAVANGERE,Summer     ,1017.275726,300.5738642,237,53,67,31,272,1.147679325,Ragi
2002,DAVANGERE,Kharif     ,1017.364013,302.0222696,65565,105,64,96,193519,2.951559521,Rice
2002,DAVANGERE,Summer     ,1017.138537,301.9585583,11376,74,58,60,29904,2.628691983,Rice
2002,DHARWAD,Kharif     ,1017.340894,300.093416,12646,116,51,21,24994,1.976435236,Maize
2002,DHARWAD,Rabi       ,1015.321636,299.6496823,178,145,77,56,446,2.505617978,Maize
2002,DHARWAD,Summer     ,1015.772022,300.0286548,59,116,71,64,151,2.559322034,Maize
2002,DHARWAD,Kharif     ,1017.610741,299.7416595,162,76,36,99,78,0.481481481,Ragi
2002,DHARWAD,Kharif     ,1014.770011,300.626278,38239,142,54,67,7557,0.197625461,Rice
2002,DHARWAD,Summer     ,1014.931638,298.8945678,263,81,56,43,656,2.494296578,Rice
2002,GADAG,Kharif     ,1015.526183,300.0475089,18515,99,38,41,26563,1.434674588,Maize
2002,GADAG,Rabi       ,1015.827178,300.9423047,1170,110,63,30,1625,1.388888889,Maize
2002,GADAG,Summer     ,1015.976155,300.672028,430,100,48,77,596,1.386046512,Maize
2002,GADAG,Kharif     ,1017.234522,300.9358353,50,68,78,65,24,0.48,Ragi
2002,GADAG,Kharif     ,1016.20867,300.1591465,1233,70,26,48,2732,2.215733982,Rice
2002,GADAG,Summer     ,1017.790244,301.5241523,180,54,47,54,333,1.85,Rice
2002,GULBARGA,Kharif     ,1016.52237,301.7018748,1832,131,28,34,3741,2.042030568,Maize
2002,GULBARGA,Rabi       ,1017.022353,302.1263933,108,141,47,79,276,2.555555556,Maize
2002,GULBARGA,Summer     ,1014.795827,300.7878946,260,91,25,61,657,2.526923077,Maize
2002,GULBARGA,Kharif     ,1014.894563,300.4539438,25098,110,48,62,48090,1.916088931,Rice
2002,GULBARGA,Rabi       ,1016.851525,301.2767065,4913,71,77,99,12198,2.482800733,Rice
2002,GULBARGA,Summer     ,1016.435196,300.3364647,17599,70,36,93,41226,2.342519461,Rice
2002,HASSAN,Kharif     ,1014.849735,297.4257731,16137,119,35,68,51034,3.162545702,Maize
2002,HASSAN,Rabi       ,1017.062752,297.5064808,2972,50,42,83,7353,2.474091521,Maize
2002,HASSAN,Summer     ,1015.591116,297.2168811,55,54,50,51,141,2.563636364,Maize
2002,HASSAN,Kharif     ,1016.82662,297.4833966,82096,61,22,83,89454,1.089626778,Ragi
2002,HASSAN,Rabi       ,1015.346,298.3317833,33016,139,40,21,14114,0.427489702,Ragi
2002,HASSAN,Summer     ,1016.751366,297.170793,281,95,45,43,322,1.145907473,Ragi
2002,HASSAN,Kharif     ,1015.581519,298.112523,45807,83,55,85,76209,1.663697688,Rice
2002,HASSAN,Rabi       ,1015.328389,297.2195707,1830,98,61,57,3115,1.702185792,Rice
2002,HASSAN,Summer     ,1016.558992,298.2928715,1147,127,56,50,2880,2.510897995,Rice
2002,HAVERI,Kharif     ,1017.777394,300.005709,103154,139,72,45,206334,2.00025205,Maize
2002,HAVERI,Rabi       ,1017.054186,300.6081487,870,94,41,48,2225,2.557471264,Maize
2002,HAVERI,Summer     ,1015.105963,300.8010517,466,76,61,86,1191,2.555793991,Maize
2002,HAVERI,Kharif     ,1015.059643,300.1131627,1711,122,31,97,893,0.521917008,Ragi
2002,HAVERI,Kharif     ,1015.538931,300.5426441,55222,75,61,44,23928,0.433305567,Rice
2002,HAVERI,Rabi       ,1015.483459,300.2212659,53,96,32,67,111,2.094339623,Rice
2002,HAVERI,Summer     ,1015.841462,300.1366808,2098,135,30,84,3576,1.704480458,Rice
2002,KODAGU,Kharif     ,1015.325364,307.6904489,2430,105,73,72,9776,4.023045267,Maize
2002,KODAGU,Summer     ,1014.694968,306.8441305,36,143,35,86,91,2.527777778,Maize
2002,KODAGU,Kharif     ,1016.323501,306.0353698,365,112,27,37,307,0.84109589,Ragi
2002,KODAGU,Kharif     ,1017.754347,306.1531897,35248,97,59,28,69729,1.9782399,Rice
2002,KODAGU,Rabi       ,1016.478261,307.074074,9,110,78,57,19,2.111111111,Rice
2002,KODAGU,Summer     ,1017.133541,307.4671146,90,130,76,40,226,2.511111111,Rice
2002,KOLAR,Kharif     ,1017.413812,300.6222757,15647,75,59,84,18642,1.191410494,Maize
2002,KOLAR,Rabi       ,1016.254851,301.0449116,657,85,64,40,1681,2.558599696,Maize
2002,KOLAR,Summer     ,1016.618585,300.8528333,598,50,78,46,1528,2.555183946,Maize
2002,KOLAR,Kharif     ,1015.570632,302.064547,46550,57,21,89,27240,0.585177229,Ragi
2002,KOLAR,Rabi       ,1015.591418,302.3413572,4315,148,49,63,6776,1.570336037,Ragi
2002,KOLAR,Summer     ,1014.488755,302.0174909,388,101,49,47,445,1.146907216,Ragi
2002,KOLAR,Kharif     ,1014.931849,301.9511248,5630,128,31,64,11215,1.992007105,Rice
2002,KOLAR,Summer     ,1015.564544,301.7866359,220,96,29,36,347,1.577272727,Rice
2002,KOPPAL,Kharif     ,1016.383797,303.0649471,9853,105,63,59,21330,2.164822897,Maize
2002,KOPPAL,Rabi       ,1015.57604,302.4570564,934,135,30,22,2387,2.555674518,Maize
2002,KOPPAL,Summer     ,1014.192383,303.2159937,699,63,34,95,1786,2.555078684,Maize
2002,KOPPAL,Kharif     ,1015.654283,302.8699841,38244,139,35,95,154793,4.047510721,Rice
2002,KOPPAL,Rabi       ,1017.548674,302.274744,8,77,36,85,13,1.625,Rice
2002,KOPPAL,Summer     ,1015.72931,303.110077,4185,136,45,65,13687,3.270489845,Rice
2002,MANDYA,Kharif     ,1015.521851,299.4195752,2726,127,21,49,4704,1.725605282,Maize
2002,MANDYA,Rabi       ,1014.602771,300.1785591,245,137,69,88,627,2.559183673,Maize
2002,MANDYA,Summer     ,1014.677611,298.9851955,241,51,31,28,616,2.556016598,Maize
2002,MANDYA,Kharif     ,1015.927597,299.9912659,44718,75,70,30,47439,1.060847981,Ragi
2002,MANDYA,Rabi       ,1015.778787,299.4862518,7062,63,45,88,9617,1.361795525,Ragi
2002,MANDYA,Summer     ,1015.626981,299.0479716,1006,108,42,85,1154,1.147117296,Ragi
2002,MANDYA,Kharif     ,1015.978909,299.564234,38327,105,37,50,110983,2.895687114,Rice
2002,MANDYA,Rabi       ,1015.614019,299.9470862,2000,56,51,52,4176,2.088,Rice
2002,MANDYA,Summer     ,1015.622742,300.3578001,2797,52,68,58,7201,2.574544154,Rice
2002,MYSORE,Kharif     ,1015.35731,300.0219954,12935,72,57,65,28164,2.17734828,Maize
2002,MYSORE,Rabi       ,1016.959845,298.2899839,5382,67,76,56,13379,2.485878855,Maize
2002,MYSORE,Summer     ,1017.253079,298.7872994,515,87,66,79,1316,2.555339806,Maize
2002,MYSORE,Kharif     ,1017.340217,299.4395226,47217,148,22,50,45080,0.954740877,Ragi
2002,MYSORE,Rabi       ,1014.635669,299.6099948,23032,64,57,30,19920,0.86488364,Ragi
2002,MYSORE,Summer     ,1016.043728,299.6932021,654,113,22,21,751,1.148318043,Ragi
2002,MYSORE,Kharif     ,1014.328577,299.8039998,80233,138,49,46,217716,2.713546795,Rice
2002,MYSORE,Rabi       ,1016.479783,299.3859728,627,77,20,21,1309,2.087719298,Rice
2002,MYSORE,Summer     ,1017.177407,298.3531272,2487,123,49,40,6355,2.555287495,Rice
2002,RAICHUR,Kharif     ,1015.267141,303.0922982,85,88,64,77,155,1.823529412,Maize
2002,RAICHUR,Summer     ,1017.604231,304.3648545,21,106,51,24,54,2.571428571,Maize
2002,RAICHUR,Kharif     ,1016.604138,304.6960485,81970,66,47,71,271989,3.318152983,Rice
2002,RAICHUR,Summer     ,1017.254667,303.7043154,5954,135,40,64,13383,2.247732617,Rice
2002,SHIMOGA,Kharif     ,1016.660197,301.3012223,26170,139,77,39,95297,3.641459687,Maize
2002,SHIMOGA,Rabi       ,1017.424031,301.268402,9,93,65,80,22,2.444444444,Maize
2002,SHIMOGA,Summer     ,1017.859043,299.778453,500,74,32,57,1278,2.556,Maize
2002,SHIMOGA,Kharif     ,1014.547895,299.7095001,5123,66,46,39,5524,1.078274449,Ragi
2002,SHIMOGA,Summer     ,1015.528026,300.2191231,384,62,55,44,441,1.1484375,Ragi
2002,SHIMOGA,Kharif     ,1016.877964,300.1208347,131561,133,26,21,195445,1.485584634,Rice
2002,SHIMOGA,Summer     ,1017.020159,300.0075631,7472,74,41,51,19038,2.547912206,Rice
2002,TUMKUR,Kharif     ,1017.348026,302.130511,12076,117,29,45,15547,1.287429612,Maize
2002,TUMKUR,Rabi       ,1017.707896,302.3678335,1618,59,58,89,4109,2.539555006,Maize
2002,TUMKUR,Summer     ,1016.228606,301.6076832,817,116,72,60,2088,2.555691554,Maize
2002,TUMKUR,Kharif     ,1017.848626,300.6935776,139019,67,34,86,116029,0.834626921,Ragi
2002,TUMKUR,Rabi       ,1014.924223,302.3275839,7697,149,34,20,4481,0.582174873,Ragi
2002,TUMKUR,Summer     ,1016.800937,301.0356094,1353,135,23,70,1553,1.14781966,Ragi
2002,TUMKUR,Kharif     ,1017.362249,301.4633005,14283,83,51,24,34214,2.395435133,Rice
2002,TUMKUR,Rabi       ,1016.722915,302.1512997,744,57,42,32,1623,2.181451613,Rice
2002,TUMKUR,Summer     ,1014.346454,302.4740837,2509,89,74,38,8041,3.204862495,Rice
2002,UDUPI,Kharif     ,1014.493832,304.6486495,51179,132,25,31,107809,2.106508529,Rice
2002,UDUPI,Rabi       ,1015.646229,303.9108514,11841,91,43,67,23960,2.023477747,Rice
2002,UDUPI,Summer     ,1016.341049,303.1661913,468,90,39,44,1132,2.418803419,Rice
2002,UTTAR KANNAD,Kharif     ,1015.868396,296.7406013,117,55,77,76,171,1.461538462,Maize
2002,UTTAR KANNAD,Rabi       ,1014.487179,297.6875063,1,101,56,54,3,3,Maize
2002,UTTAR KANNAD,Summer     ,1014.153919,298.1025982,2,75,39,95,3,1.5,Maize
2002,UTTAR KANNAD,Kharif     ,1017.28642,296.562447,42,113,31,24,20,0.476190476,Ragi
2002,UTTAR KANNAD,Rabi       ,1016.879213,296.6863789,4,147,52,41,6,1.5,Ragi
2002,UTTAR KANNAD,Kharif     ,1017.710576,297.71762,82568,108,47,96,96656,1.170623002,Rice
2002,UTTAR KANNAD,Rabi       ,1017.502687,298.0747902,2190,105,27,76,3710,1.694063927,Rice
2002,UTTAR KANNAD,Summer     ,1017.558518,297.6629568,1385,108,20,66,3227,2.329963899,Rice
2003,BAGALKOT,Kharif     ,1014.939586,302.8582471,14493,119,56,73,52889,3.649278962,Maize
2003,BAGALKOT,Rabi       ,1015.83211,303.6468294,11898,82,41,22,32576,2.737939149,Maize
2003,BAGALKOT,Summer     ,1014.894385,301.9046129,1515,102,25,72,3310,2.184818482,Maize
2003,BAGALKOT,Kharif     ,1017.927074,303.6664315,93,71,40,50,210,2.258064516,Rice
2003,BAGALKOT,Summer     ,1014.990595,303.6925705,2,70,51,88,7,3.5,Rice
2003,BANGALORE RURAL,Kharif     ,1017.499833,300.7494659,6968,119,54,52,32208,4.622273249,Maize
2003,BANGALORE RURAL,Rabi       ,1015.619131,300.2884404,100,119,34,91,230,2.3,Maize
2003,BANGALORE RURAL,Summer     ,1017.964867,300.11221,103,53,24,69,259,2.514563107,Maize
2003,BANGALORE RURAL,Kharif     ,1016.695923,301.1581252,134499,143,79,35,253694,1.886214767,Ragi
2003,BANGALORE RURAL,Rabi       ,1017.288535,301.05264,245,124,75,95,225,0.918367347,Ragi
2003,BANGALORE RURAL,Summer     ,1016.032107,300.7405823,449,111,65,96,534,1.189309577,Ragi
2003,BANGALORE RURAL,Kharif     ,1017.648872,299.8593895,5850,111,69,58,13878,2.372307692,Rice
2003,BANGALORE RURAL,Rabi       ,1017.715175,300.5197322,240,143,67,65,711,2.9625,Rice
2003,BANGALORE RURAL,Summer     ,1014.419664,299.670924,481,144,25,66,1920,3.991683992,Rice
2003,BELGAUM,Kharif     ,1017.542248,298.4880072,41927,73,44,63,104882,2.501538388,Maize
2003,BELGAUM,Rabi       ,1017.643519,298.9581582,29555,104,75,28,50205,1.698697344,Maize
2003,BELGAUM,Summer     ,1014.410821,299.5018862,1440,58,65,69,3589,2.492361111,Maize
2003,BELGAUM,Kharif     ,1015.051049,298.4654667,2024,52,78,96,1591,0.786067194,Ragi
2003,BELGAUM,Kharif     ,1015.901313,298.9339478,68016,80,75,79,48851,0.718228064,Rice
2003,BELGAUM,Summer     ,1014.884766,298.6824727,111,89,59,34,430,3.873873874,Rice
2003,BELLARY,Kharif     ,1014.408501,304.4565718,58068,85,48,55,159871,2.753168699,Maize
2003,BELLARY,Rabi       ,1014.838941,304.0357958,2410,73,26,82,5109,2.119917012,Maize
2003,BELLARY,Summer     ,1014.58996,304.6416917,576,144,59,88,1450,2.517361111,Maize
2003,BELLARY,Kharif     ,1015.41815,304.7828016,9896,55,32,99,8075,0.815986257,Ragi
2003,BELLARY,Rabi       ,1017.945526,303.6860664,211,115,57,60,29,0.137440758,Ragi
2003,BELLARY,Summer     ,1015.085388,304.1476397,15,133,37,93,18,1.2,Ragi
2003,BELLARY,Kharif     ,1015.146297,305.0587118,49995,141,21,43,190076,3.80190019,Rice
2003,BELLARY,Summer     ,1017.929188,303.2512254,5971,124,27,68,27818,4.658851114,Rice
2003,BENGALURU URBAN,Kharif     ,1014.830036,301.185819,601,53,30,37,1832,3.048252912,Maize
2003,BENGALURU URBAN,Rabi       ,1017.522678,301.5198145,34,128,52,26,78,2.294117647,Maize
2003,BENGALURU URBAN,Summer     ,1016.981152,301.1903652,42,55,73,23,106,2.523809524,Maize
2003,BENGALURU URBAN,Kharif     ,1017.094936,301.3541864,41685,143,57,88,74079,1.77711407,Ragi
2003,BENGALURU URBAN,Rabi       ,1016.979205,301.2137366,133,100,67,79,122,0.917293233,Ragi
2003,BENGALURU URBAN,Summer     ,1016.368108,302.5068442,78,111,46,74,93,1.192307692,Ragi
2003,BENGALURU URBAN,Kharif     ,1014.685034,301.4416268,2213,106,39,35,4667,2.108901943,Rice
2003,BENGALURU URBAN,Rabi       ,1014.64225,302.4952081,5,115,31,48,15,3,Rice
2003,BENGALURU URBAN,Summer     ,1015.370292,302.7898352,427,128,62,42,2125,4.976580796,Rice
2003,BIDAR,Kharif     ,1014.179039,300.330075,433,124,50,33,653,1.508083141,Maize
2003,BIDAR,Rabi       ,1015.924804,299.5907629,92,57,46,98,112,1.217391304,Maize
2003,BIDAR,Kharif     ,1014.262681,299.4573121,8768,75,51,68,3536,0.403284672,Rice
2003,BIJAPUR,Kharif     ,1016.636284,301.7240634,4262,100,29,52,11570,2.71468794,Maize
2003,BIJAPUR,Rabi       ,1014.292821,300.7161335,4453,94,22,44,8706,1.955086459,Maize
2003,BIJAPUR,Summer     ,1015.176911,301.5159682,842,93,64,40,1880,2.232779097,Maize
2003,BIJAPUR,Kharif     ,1015.091916,301.1744885,28,54,46,36,31,1.107142857,Rice
2003,CHAMARAJANAGAR,Kharif     ,1016.066879,295.762494,16561,119,54,42,25387,1.532938832,Maize
2003,CHAMARAJANAGAR,Rabi       ,1017.382129,295.2333256,3804,75,50,76,3948,1.03785489,Maize
2003,CHAMARAJANAGAR,Summer     ,1017.215688,295.6707666,573,117,34,77,1279,2.232111693,Maize
2003,CHAMARAJANAGAR,Kharif     ,1015.031858,295.5448395,24133,68,35,33,15275,0.632950731,Ragi
2003,CHAMARAJANAGAR,Rabi       ,1015.848805,294.3687788,1934,133,32,39,1509,0.78024819,Ragi
2003,CHAMARAJANAGAR,Summer     ,1017.750704,294.4983499,1023,146,68,49,1217,1.189638319,Ragi
2003,CHAMARAJANAGAR,Kharif     ,1014.967002,294.4765529,9729,69,54,38,26018,2.674272793,Rice
2003,CHAMARAJANAGAR,Rabi       ,1015.419911,296.0063733,826,61,71,72,2448,2.963680387,Rice
2003,CHAMARAJANAGAR,Summer     ,1017.137619,295.8063816,910,96,30,75,3302,3.628571429,Rice
2003,CHIKMAGALUR,Kharif     ,1016.756135,298.2001915,637,50,78,96,946,1.485086342,Maize
2003,CHIKMAGALUR,Kharif     ,1017.586368,297.701695,59855,139,40,42,45376,0.758098739,Ragi
2003,CHIKMAGALUR,Rabi       ,1015.090205,296.3633206,32,63,70,81,3,0.09375,Ragi
2003,CHIKMAGALUR,Kharif     ,1014.907916,296.4014021,40634,113,73,52,76842,1.891076438,Rice
2003,CHIKMAGALUR,Summer     ,1014.603451,297.9465109,855,87,30,37,3103,3.629239766,Rice
2003,CHITRADURGA,Kharif     ,1017.963171,301.9219106,22938,86,49,92,24500,1.068096608,Maize
2003,CHITRADURGA,Rabi       ,1015.195369,301.7350014,3311,60,79,52,6671,2.014799154,Maize
2003,CHITRADURGA,Summer     ,1017.805864,301.6048962,104,149,67,51,252,2.423076923,Maize
2003,CHITRADURGA,Kharif     ,1014.664467,302.441088,76547,126,72,80,60243,0.787006676,Ragi
2003,CHITRADURGA,Rabi       ,1015.066322,301.8011438,377,52,54,73,346,0.917771883,Ragi
2003,CHITRADURGA,Summer     ,1014.978447,301.7064704,1197,82,41,36,1423,1.188805347,Ragi
2003,CHITRADURGA,Kharif     ,1016.759896,301.2815061,3489,55,57,38,6921,1.983662941,Rice
2003,CHITRADURGA,Rabi       ,1015.553328,300.870041,796,99,50,89,2665,3.34798995,Rice
2003,CHITRADURGA,Summer     ,1015.096255,301.3000419,911,59,33,53,2626,2.882546652,Rice
2003,DAKSHIN KANNAD,Kharif     ,1014.035833,300.1161756,33416,54,43,44,80414,2.406451999,Rice
2003,DAKSHIN KANNAD,Rabi       ,1014.531604,300.5475445,23424,72,69,87,71573,3.055541325,Rice
2003,DAKSHIN KANNAD,Summer     ,1015.298672,300.9881583,2262,59,68,93,8211,3.629973475,Rice
2003,DAVANGERE,Kharif     ,1017.904372,300.6560235,110680,93,51,93,156104,1.410408385,Maize
2003,DAVANGERE,Rabi       ,1016.232993,301.2263219,216,51,55,30,473,2.189814815,Maize
2003,DAVANGERE,Summer     ,1015.67149,302.2205075,15,62,51,35,38,2.533333333,Maize
2003,DAVANGERE,Kharif     ,1015.880766,300.6147735,44856,89,74,80,42596,0.949616551,Ragi
2003,DAVANGERE,Rabi       ,1015.042437,300.906672,50,51,34,99,36,0.72,Ragi
2003,DAVANGERE,Summer     ,1015.179768,301.6639316,312,133,62,26,371,1.189102564,Ragi
2003,DAVANGERE,Kharif     ,1018.009242,301.6077582,53106,114,77,35,166588,3.136896019,Rice
2003,DAVANGERE,Summer     ,1016.598703,301.5677663,5618,112,54,35,27956,4.976148095,Rice
2003,DHARWAD,Kharif     ,1014.320928,300.3675414,9146,122,22,59,10001,1.09348349,Maize
2003,DHARWAD,Rabi       ,1016.284134,299.9063185,349,66,35,31,797,2.283667622,Maize
2003,DHARWAD,Summer     ,1017.349109,298.8424136,99,58,24,54,249,2.515151515,Maize
2003,DHARWAD,Kharif     ,1016.415855,300.272957,83,124,40,40,91,1.096385542,Ragi
2003,DHARWAD,Kharif     ,1017.463933,300.1636607,29090,64,29,69,6476,0.222619457,Rice
2003,DHARWAD,Summer     ,1016.837095,299.413203,226,73,38,62,878,3.884955752,Rice
2003,GADAG,Kharif     ,1014.308065,300.4993638,7059,87,44,36,18614,2.63691741,Maize
2003,GADAG,Rabi       ,1016.63605,301.3795863,1215,84,23,51,2707,2.227983539,Maize
2003,GADAG,Summer     ,1015.69158,301.1469647,45,143,48,60,113,2.511111111,Maize
2003,GADAG,Kharif     ,1017.224965,300.3364662,52,144,38,25,57,1.096153846,Ragi
2003,GADAG,Kharif     ,1017.719931,301.4761061,1244,98,62,46,2867,2.304662379,Rice
2003,GADAG,Summer     ,1015.005111,301.5893341,299,118,21,39,1079,3.608695652,Rice
2003,GULBARGA,Kharif     ,1016.822572,300.258426,2132,111,29,44,4459,2.091463415,Maize
2003,GULBARGA,Rabi       ,1015.656753,300.5722338,128,109,62,85,295,2.3046875,Maize
2003,GULBARGA,Summer     ,1015.818897,300.829664,308,99,44,28,775,2.516233766,Maize
2003,GULBARGA,Kharif     ,1014.134505,300.9518163,32457,127,39,72,75482,2.325600025,Rice
2003,GULBARGA,Rabi       ,1014.038044,301.2036387,4701,124,67,80,9863,2.098064242,Rice
2003,GULBARGA,Summer     ,1014.700644,301.7194414,28529,58,38,57,104074,3.648007291,Rice
2003,HASSAN,Kharif     ,1016.977829,297.4230014,20683,83,42,22,36743,1.776483102,Maize
2003,HASSAN,Rabi       ,1016.723117,296.6657215,1141,125,43,89,1498,1.312883436,Maize
2003,HASSAN,Summer     ,1016.798254,297.6710171,95,148,30,74,239,2.515789474,Maize
2003,HASSAN,Kharif     ,1017.751726,298.4504289,101116,84,65,20,91377,0.903684877,Ragi
2003,HASSAN,Rabi       ,1014.558278,298.1913846,41181,50,53,89,2543,0.061751779,Ragi
2003,HASSAN,Summer     ,1015.901443,298.0691958,241,89,74,64,287,1.190871369,Ragi
2003,HASSAN,Kharif     ,1016.738921,298.1148755,37991,113,47,66,63113,1.661261878,Rice
2003,HASSAN,Rabi       ,1017.814918,297.1551349,793,71,24,98,1318,1.662042875,Rice
2003,HASSAN,Summer     ,1014.118591,298.5521103,749,109,78,45,3258,4.349799733,Rice
2003,HAVERI,Kharif     ,1016.163208,300.6202293,108212,113,24,33,115966,1.071655639,Maize
2003,HAVERI,Rabi       ,1016.629025,300.7662892,1369,142,70,73,2999,2.19065011,Maize
2003,HAVERI,Summer     ,1014.448915,300.0181614,500,121,40,90,1259,2.518,Maize
2003,HAVERI,Kharif     ,1017.9036,300.8435705,2382,60,31,65,741,0.311083123,Ragi
2003,HAVERI,Kharif     ,1014.643707,300.8980999,35641,63,69,50,24198,0.678937179,Rice
2003,HAVERI,Summer     ,1015.412098,299.3720174,1467,109,23,78,5385,3.670756646,Rice
2003,KODAGU,Kharif     ,1017.034601,306.4866182,2347,79,73,48,10551,4.495526204,Maize
2003,KODAGU,Summer     ,1017.809834,307.2877944,35,84,68,36,88,2.514285714,Maize
2003,KODAGU,Kharif     ,1014.151198,306.2712233,450,134,61,33,514,1.142222222,Ragi
2003,KODAGU,Kharif     ,1016.685122,306.7776923,35917,86,39,55,71460,1.989587104,Rice
2003,KODAGU,Rabi       ,1015.976277,307.2113172,12,54,57,77,36,3,Rice
2003,KODAGU,Summer     ,1016.544107,306.9019798,177,132,44,43,679,3.836158192,Rice
2003,KOLAR,Kharif     ,1016.910978,301.8877935,25698,127,33,82,53583,2.085103899,Maize
2003,KOLAR,Rabi       ,1017.52692,302.0623304,339,75,30,44,781,2.303834808,Maize
2003,KOLAR,Summer     ,1015.764031,301.8351069,293,111,51,78,738,2.518771331,Maize
2003,KOLAR,Kharif     ,1017.468426,300.5819134,120681,53,30,51,176361,1.461381659,Ragi
2003,KOLAR,Rabi       ,1014.47773,301.0776295,108,138,37,37,99,0.916666667,Ragi
2003,KOLAR,Summer     ,1014.366993,301.0034011,129,91,46,56,153,1.186046512,Ragi
2003,KOLAR,Kharif     ,1016.799883,301.7579178,8368,138,74,45,18998,2.270315488,Rice
2003,KOLAR,Summer     ,1015.734014,302.2819685,691,67,73,28,1814,2.625180897,Rice
2003,KOPPAL,Kharif     ,1017.518773,302.3795677,14670,89,37,83,36123,2.462372188,Maize
2003,KOPPAL,Rabi       ,1015.196329,303.0072,414,121,75,91,908,2.193236715,Maize
2003,KOPPAL,Summer     ,1014.613638,302.3729404,550,88,42,39,1385,2.518181818,Maize
2003,KOPPAL,Kharif     ,1017.780735,303.2560204,37303,63,30,73,153179,4.106345334,Rice
2003,KOPPAL,Summer     ,1017.34819,303.1164384,5930,81,40,49,26966,4.547386172,Rice
2003,MANDYA,Kharif     ,1015.817451,300.1769333,2514,100,63,72,5806,2.309466985,Maize
2003,MANDYA,Rabi       ,1014.478348,299.4712228,913,87,24,82,1681,1.841182913,Maize
2003,MANDYA,Summer     ,1015.958159,300.2265513,71,146,42,30,179,2.521126761,Maize
2003,MANDYA,Kharif     ,1017.673016,298.9566348,59036,72,60,50,67520,1.143708923,Ragi
2003,MANDYA,Rabi       ,1017.703164,299.266132,5251,112,78,68,4726,0.900019044,Ragi
2003,MANDYA,Summer     ,1016.737445,298.8697163,1297,64,44,38,1543,1.189668466,Ragi
2003,MANDYA,Kharif     ,1014.212239,299.6211521,52050,146,60,31,167381,3.215773295,Rice
2003,MANDYA,Rabi       ,1016.892454,300.4008871,894,74,73,34,2650,2.964205817,Rice
2003,MANDYA,Summer     ,1016.171674,299.3306926,1619,66,29,50,6829,4.218035825,Rice
2003,MYSORE,Kharif     ,1014.466387,299.8673584,13108,146,41,62,39107,2.983445224,Maize
2003,MYSORE,Rabi       ,1015.276339,299.1213923,2051,115,38,56,2850,1.389566065,Maize
2003,MYSORE,Summer     ,1015.503844,298.979007,396,127,20,98,997,2.517676768,Maize
2003,MYSORE,Kharif     ,1017.691932,299.291697,61691,102,26,48,74870,1.213629217,Ragi
2003,MYSORE,Rabi       ,1014.877006,299.0936511,14384,100,23,45,3701,0.257299778,Ragi
2003,MYSORE,Summer     ,1016.76983,300.1153906,619,88,20,21,736,1.18901454,Ragi
2003,MYSORE,Kharif     ,1017.064295,299.322869,76564,100,34,34,228647,2.986351288,Rice
2003,MYSORE,Rabi       ,1015.775204,298.3158528,2484,119,59,23,7363,2.964170692,Rice
2003,MYSORE,Summer     ,1014.864696,299.2294463,2454,55,31,69,9449,3.850448248,Rice
2003,RAICHUR,Kharif     ,1016.67163,304.5857689,397,116,41,57,1268,3.19395466,Maize
2003,RAICHUR,Rabi       ,1017.85413,303.8522675,36,56,41,42,67,1.861111111,Maize
2003,RAICHUR,Summer     ,1016.281725,304.4322382,53,100,69,78,133,2.509433962,Maize
2003,RAICHUR,Kharif     ,1015.738758,304.6487597,65710,121,66,94,172865,2.630725917,Rice
2003,RAICHUR,Rabi       ,1014.733249,303.4666606,7058,91,36,47,20920,2.964012468,Rice
2003,RAICHUR,Summer     ,1017.713385,303.0744209,6234,113,48,85,18738,3.005774783,Rice
2003,SHIMOGA,Kharif     ,1014.936103,300.1219427,48313,64,65,27,142715,2.953966841,Maize
2003,SHIMOGA,Rabi       ,1015.737551,301.4222452,34,78,33,48,78,2.294117647,Maize
2003,SHIMOGA,Summer     ,1016.235002,301.1836644,299,82,69,30,753,2.518394649,Maize
2003,SHIMOGA,Kharif     ,1014.722723,300.8141716,5012,143,39,37,6698,1.336392658,Ragi
2003,SHIMOGA,Summer     ,1015.361339,299.9215595,335,76,69,74,398,1.188059701,Ragi
2003,SHIMOGA,Kharif     ,1016.724445,301.6040839,113986,85,67,69,217783,1.91061183,Rice
2003,SHIMOGA,Rabi       ,1017.135067,301.6261616,5,78,52,33,15,3,Rice
2003,SHIMOGA,Summer     ,1015.051129,300.6224232,6262,87,74,93,24164,3.858831044,Rice
2003,TUMKUR,Kharif     ,1015.244049,301.4589691,12991,106,78,28,19286,1.484566238,Maize
2003,TUMKUR,Rabi       ,1014.842908,301.3596107,331,146,62,30,756,2.283987915,Maize
2003,TUMKUR,Summer     ,1017.458522,301.8250206,474,76,34,82,1193,2.516877637,Maize
2003,TUMKUR,Kharif     ,1017.836752,302.1246935,182390,104,31,95,184374,1.010877789,Ragi
2003,TUMKUR,Rabi       ,1017.313043,302.1159707,1362,82,59,86,365,0.267988253,Ragi
2003,TUMKUR,Summer     ,1015.703461,300.8691998,870,117,73,72,1035,1.189655172,Ragi
2003,TUMKUR,Kharif     ,1016.884188,301.9707465,11589,135,39,58,27546,2.376909138,Rice
2003,TUMKUR,Rabi       ,1017.076581,301.0068663,273,115,49,97,917,3.358974359,Rice
2003,TUMKUR,Summer     ,1014.764332,300.6211696,1283,59,57,75,5685,4.431021044,Rice
2003,UDUPI,Kharif     ,1015.363556,304.5871843,50975,54,22,47,126487,2.481353605,Rice
2003,UDUPI,Rabi       ,1017.80355,304.490951,10922,123,47,94,30362,2.779893792,Rice
2003,UDUPI,Summer     ,1014.146464,303.5775602,206,146,75,58,804,3.902912621,Rice
2003,UTTAR KANNAD,Kharif     ,1016.423127,296.6626348,708,87,45,44,1043,1.473163842,Maize
2003,UTTAR KANNAD,Rabi       ,1014.458347,297.2920988,6,62,49,40,4,0.666666667,Maize
2003,UTTAR KANNAD,Kharif     ,1016.970109,297.7461671,42,80,32,29,46,1.095238095,Ragi
2003,UTTAR KANNAD,Rabi       ,1015.653669,296.4644156,3,96,32,62,3,1,Ragi
2003,UTTAR KANNAD,Kharif     ,1014.974008,297.9875444,80050,149,21,34,125609,1.569131793,Rice
2003,UTTAR KANNAD,Rabi       ,1015.436359,296.8089256,2196,137,56,67,7190,3.274134791,Rice
2003,UTTAR KANNAD,Summer     ,1016.075031,297.8506249,1324,101,68,40,4930,3.723564955,Rice
2004,BAGALKOT,Kharif     ,1015.498415,302.0705212,37419,105,57,79,130280,3.481653705,Maize
2004,BAGALKOT,Rabi       ,1016.195649,302.0082245,12094,64,21,69,42223,3.491235323,Maize
2004,BAGALKOT,Summer     ,1016.181072,302.1849444,1509,78,55,42,5691,3.771371769,Maize
2004,BAGALKOT,Kharif     ,1015.625867,302.8667119,64,57,73,32,178.75,2.79296875,Rice
2004,BANGALORE RURAL,Kharif     ,1014.132004,299.7086467,7584,54,45,88,24105,3.178401899,Maize
2004,BANGALORE RURAL,Rabi       ,1014.972275,299.3221799,72,78,30,23,219,3.041666667,Maize
2004,BANGALORE RURAL,Summer     ,1015.922209,300.8039333,201,96,27,97,615,3.059701493,Maize
2004,BANGALORE RURAL,Kharif     ,1015.376824,300.6709327,135894,117,63,91,346941,2.553026624,Ragi
2004,BANGALORE RURAL,Rabi       ,1017.469946,300.4710568,145,125,59,28,238,1.64137931,Ragi
2004,BANGALORE RURAL,Summer     ,1014.741931,300.6060071,521,94,62,54,830,1.593090211,Ragi
2004,BANGALORE RURAL,Kharif     ,1014.976222,300.6964593,8568,51,41,40,23767.63,2.773999767,Rice
2004,BANGALORE RURAL,Rabi       ,1016.005464,300.9823074,5,76,39,77,17,3.4,Rice
2004,BANGALORE RURAL,Summer     ,1017.419945,300.4663525,800,144,27,37,3579,4.47375,Rice
2004,BELGAUM,Kharif     ,1016.700843,299.217612,94006,85,48,91,298137,3.171467779,Maize
2004,BELGAUM,Rabi       ,1016.081826,298.5797371,25755,85,59,62,79447,3.084721413,Maize
2004,BELGAUM,Summer     ,1017.719399,299.8728856,1776,75,45,25,6629,3.732545045,Maize
2004,BELGAUM,Kharif     ,1016.207337,299.8285035,1960,92,49,97,2267,1.156632653,Ragi
2004,BELGAUM,Kharif     ,1017.179065,300.0318846,71198,76,36,86,114984.77,1.615,Rice
2004,BELGAUM,Summer     ,1017.997325,299.7648078,143,118,39,31,635,4.440559441,Rice
2004,BELLARY,Kharif     ,1015.898635,303.4988376,51467,69,71,31,155182,3.015174772,Maize
2004,BELLARY,Rabi       ,1015.172894,305.0304657,1657,60,74,85,3956,2.387447194,Maize
2004,BELLARY,Summer     ,1016.458938,304.4512259,658,123,35,21,2013,3.059270517,Maize
2004,BELLARY,Kharif     ,1017.767668,304.5094662,5742,87,65,34,4739,0.825322187,Ragi
2004,BELLARY,Rabi       ,1015.646021,304.7078474,8,55,62,42,13,1.625,Ragi
2004,BELLARY,Summer     ,1015.285273,304.8024909,44,121,26,48,70,1.590909091,Ragi
2004,BELLARY,Kharif     ,1015.994134,303.3076464,51935,72,35,26,178111.08,3.429499952,Rice
2004,BELLARY,Rabi       ,1017.260623,303.2152959,280,96,64,47,944,3.371428571,Rice
2004,BELLARY,Summer     ,1017.254474,304.8873468,14592,139,78,33,68619,4.702508224,Rice
2004,BENGALURU URBAN,Kharif     ,1016.661264,302.0711776,648,95,66,63,2164,3.339506173,Maize
2004,BENGALURU URBAN,Rabi       ,1016.505899,301.9916993,6,61,75,49,18,3,Maize
2004,BENGALURU URBAN,Summer     ,1017.937988,302.2175703,70,139,67,51,214,3.057142857,Maize
2004,BENGALURU URBAN,Kharif     ,1014.259753,302.583675,38343,62,46,89,111793,2.915603891,Ragi
2004,BENGALURU URBAN,Rabi       ,1015.96834,301.6656132,43,111,72,25,71,1.651162791,Ragi
2004,BENGALURU URBAN,Summer     ,1016.738491,303.0425195,68,131,42,46,108,1.588235294,Ragi
2004,BENGALURU URBAN,Kharif     ,1017.80021,301.1388803,2778,138,43,43,8577.08,3.0875018,Rice
2004,BENGALURU URBAN,Summer     ,1014.033513,301.0629297,725,146,28,53,3243,4.473103448,Rice
2004,BIDAR,Kharif     ,1016.200775,300.430875,243,109,54,59,450,1.851851852,Maize
2004,BIDAR,Rabi       ,1017.030802,300.6359972,77,92,70,66,173,2.246753247,Maize
2004,BIDAR,Kharif     ,1014.013861,299.4373296,7999,125,39,98,3495.56,0.436999625,Rice
2004,BIJAPUR,Kharif     ,1014.372879,301.5630666,13607,149,56,94,38971,2.864040567,Maize
2004,BIJAPUR,Rabi       ,1017.541198,302.1801926,4776,117,61,43,6547,1.370812395,Maize
2004,BIJAPUR,Summer     ,1016.27435,300.617622,1053,54,36,84,1902,1.806267806,Maize
2004,BIJAPUR,Kharif     ,1016.732312,301.5786739,29,86,66,37,47.11,1.624482759,Rice
2004,BIJAPUR,Rabi       ,1017.763501,300.9848468,1,121,50,63,2,2,Rice
2004,CHAMARAJANAGAR,Kharif     ,1014.206057,295.8700882,17858,141,74,95,48481,2.714805689,Maize
2004,CHAMARAJANAGAR,Rabi       ,1014.885266,295.9078336,1482,80,76,76,4334,2.924426451,Maize
2004,CHAMARAJANAGAR,Summer     ,1015.150807,295.9864504,779,58,27,47,1407,1.806161746,Maize
2004,CHAMARAJANAGAR,Kharif     ,1015.267392,296.2106629,21159,100,34,90,30615,1.446902028,Ragi
2004,CHAMARAJANAGAR,Rabi       ,1016.706425,294.3226458,546,78,50,42,914,1.673992674,Ragi
2004,CHAMARAJANAGAR,Summer     ,1017.971628,294.687377,505,127,72,53,804,1.592079208,Ragi
2004,CHAMARAJANAGAR,Kharif     ,1015.834564,294.9605734,14425,89,49,30,48511.28,3.363000347,Rice
2004,CHAMARAJANAGAR,Rabi       ,1014.675214,296.0288933,400,90,65,54,1349,3.3725,Rice
2004,CHAMARAJANAGAR,Summer     ,1017.380269,294.4926679,1205,135,39,61,5391,4.473858921,Rice
2004,CHIKMAGALUR,Kharif     ,1017.167752,296.7279859,2007,60,79,47,3938,1.962132536,Maize
2004,CHIKMAGALUR,Kharif     ,1017.626663,296.6857433,57852,72,58,97,102283,1.768011478,Ragi
2004,CHIKMAGALUR,Rabi       ,1016.264673,297.8545766,40,50,72,43,66,1.65,Ragi
2004,CHIKMAGALUR,Kharif     ,1016.971256,297.8937244,41900,95,74,27,105085.2,2.508,Rice
2004,CHIKMAGALUR,Summer     ,1014.190174,296.6935713,3759,70,31,72,16816,4.473530194,Rice
2004,CHITRADURGA,Kharif     ,1017.529018,301.755893,51996,139,68,91,130366,2.507231325,Maize
2004,CHITRADURGA,Rabi       ,1016.118246,301.7118659,1716,85,36,23,4953,2.886363636,Maize
2004,CHITRADURGA,Summer     ,1015.432527,301.467246,120,103,61,24,367,3.058333333,Maize
2004,CHITRADURGA,Kharif     ,1014.070103,302.1945132,43481,136,49,68,65889,1.515351533,Ragi
2004,CHITRADURGA,Rabi       ,1015.615192,300.8612631,431,106,48,49,709,1.645011601,Ragi
2004,CHITRADURGA,Summer     ,1015.66536,302.6708,612,50,38,91,542,0.885620915,Ragi
2004,CHITRADURGA,Kharif     ,1015.593985,302.6052175,3565,112,65,82,6942.84,1.947500701,Rice
2004,CHITRADURGA,Rabi       ,1015.587658,302.3708193,633,103,30,66,2613,4.127962085,Rice
2004,CHITRADURGA,Summer     ,1016.082218,300.9711428,497,104,53,45,1599,3.217303823,Rice
2004,DAKSHIN KANNAD,Kharif     ,1017.540722,300.7478534,33647,89,69,76,76395.51,2.270499896,Rice
2004,DAKSHIN KANNAD,Rabi       ,1017.928883,300.8637148,23073,64,26,56,76108,3.298574091,Rice
2004,DAKSHIN KANNAD,Summer     ,1014.235531,300.1168647,2118,70,63,26,6833,3.226156752,Rice
2004,DAVANGERE,Kharif     ,1015.878576,302.0405475,169319,96,77,59,524582,3.098187445,Maize
2004,DAVANGERE,Rabi       ,1014.029314,301.6317718,81,122,53,58,247,3.049382716,Maize
2004,DAVANGERE,Summer     ,1014.297757,300.9410326,113,102,78,81,346,3.061946903,Maize
2004,DAVANGERE,Kharif     ,1015.706518,300.8305205,22898,58,39,97,33965,1.48331732,Ragi
2004,DAVANGERE,Rabi       ,1016.756391,300.8174548,130,123,69,72,214,1.646153846,Ragi
2004,DAVANGERE,Summer     ,1015.773034,300.7570227,73,101,57,23,116,1.589041096,Ragi
2004,DAVANGERE,Kharif     ,1015.533199,301.9762863,59121,106,43,44,183097.74,3.097000051,Rice
2004,DAVANGERE,Summer     ,1014.707761,301.4658498,47428,75,29,26,222174,4.684448005,Rice
2004,DHARWAD,Kharif     ,1014.014614,299.7880547,20284,90,51,47,42861,2.113044764,Maize
2004,DHARWAD,Rabi       ,1016.144257,300.5170103,381,84,71,88,1160,3.044619423,Maize
2004,DHARWAD,Summer     ,1016.926221,298.9304791,58,112,34,86,177,3.051724138,Maize
2004,DHARWAD,Kharif     ,1017.581982,300.7910008,129,74,56,39,142,1.100775194,Ragi
2004,DHARWAD,Kharif     ,1014.757029,299.2345004,23623,139,39,30,15484.88,0.655500148,Rice
2004,DHARWAD,Summer     ,1014.821119,300.4432186,202,124,22,86,899,4.45049505,Rice
2004,GADAG,Kharif     ,1017.560794,301.2900067,21321,87,56,26,95130,4.461798227,Maize
2004,GADAG,Rabi       ,1016.454068,301.1395596,1260,51,76,42,3837,3.045238095,Maize
2004,GADAG,Summer     ,1017.311008,301.0986853,40,56,59,80,122,3.05,Maize
2004,GADAG,Kharif     ,1017.719249,300.3690862,101,131,27,90,111,1.099009901,Ragi
2004,GADAG,Kharif     ,1017.453411,301.3649401,679,140,59,53,1399.76,2.061502209,Rice
2004,GADAG,Summer     ,1014.681067,301.2097281,664,83,63,38,2683,4.040662651,Rice
2004,GULBARGA,Kharif     ,1014.474201,300.4851811,1716,140,75,77,6679,3.892191142,Maize
2004,GULBARGA,Rabi       ,1016.471733,301.5079146,175,66,42,28,533,3.045714286,Maize
2004,GULBARGA,Summer     ,1017.229196,301.3514333,394,92,59,67,1205,3.058375635,Maize
2004,GULBARGA,Kharif     ,1014.923557,301.7298218,39664,108,30,60,92317.96,2.3275,Rice
2004,GULBARGA,Rabi       ,1016.479195,300.5271798,3599,100,65,67,11522,3.201444846,Rice
2004,GULBARGA,Summer     ,1017.334415,300.5009971,34143,103,27,64,148297,4.343408605,Rice
2004,HASSAN,Kharif     ,1017.816977,296.9572325,26722,73,48,44,88000,3.293166679,Maize
2004,HASSAN,Rabi       ,1017.668966,297.7089593,3287,74,49,97,9866,3.001521144,Maize
2004,HASSAN,Summer     ,1014.357155,298.462766,62,120,75,44,190,3.064516129,Maize
2004,HASSAN,Kharif     ,1016.79755,298.2379955,90029,101,79,38,160600,1.783869642,Ragi
2004,HASSAN,Rabi       ,1016.989597,298.0415771,18776,119,29,58,8275,0.440722199,Ragi
2004,HASSAN,Summer     ,1017.459372,297.3936129,49,137,58,98,78,1.591836735,Ragi
2004,HASSAN,Kharif     ,1017.598283,298.1576662,51406,82,47,99,128437.89,2.498499981,Rice
2004,HASSAN,Rabi       ,1015.793267,296.7668422,695,98,68,46,2857,4.110791367,Rice
2004,HASSAN,Summer     ,1018.011674,296.6867399,1083,78,55,93,4042,3.7322253,Rice
2004,HAVERI,Kharif     ,1015.227942,300.7011125,132467,112,32,82,299230,2.258902217,Maize
2004,HAVERI,Rabi       ,1017.463669,299.4338056,432,71,51,87,1314,3.041666667,Maize
2004,HAVERI,Summer     ,1015.489509,300.4451548,688,75,55,38,2105,3.059593023,Maize
2004,HAVERI,Kharif     ,1017.298493,299.4938686,1323,77,56,47,1655,1.250944822,Ragi
2004,HAVERI,Kharif     ,1014.782337,299.7752559,34035,134,45,97,43973.22,1.292,Rice
2004,HAVERI,Summer     ,1015.262357,301.0191955,3278,98,41,52,14664,4.473459426,Rice
2004,KODAGU,Kharif     ,1015.515133,307.42834,2700,120,23,29,11176,4.139259259,Maize
2004,KODAGU,Rabi       ,1015.160675,307.0336312,50,130,50,49,150,3,Maize
2004,KODAGU,Summer     ,1017.270811,306.6078905,125,133,37,41,382,3.056,Maize
2004,KODAGU,Kharif     ,1016.846046,305.9573815,357,98,57,22,607,1.700280112,Ragi
2004,KODAGU,Rabi       ,1014.797389,307.6649883,80,69,43,94,39,0.4875,Ragi
2004,KODAGU,Summer     ,1017.424411,306.3406271,25,135,75,67,39,1.56,Ragi
2004,KODAGU,Kharif     ,1015.364135,307.0178139,36049,141,42,21,84246.51,2.336999917,Rice
2004,KODAGU,Rabi       ,1015.565983,306.6959359,25,112,41,95,84,3.36,Rice
2004,KODAGU,Summer     ,1014.187786,307.5168771,1154,110,21,73,4989,4.32322357,Rice
2004,KOLAR,Kharif     ,1015.200434,301.2433214,24304,98,50,25,46248,1.902896643,Maize
2004,KOLAR,Rabi       ,1015.336094,300.9136647,367,120,74,59,1118,3.046321526,Maize
2004,KOLAR,Summer     ,1014.837248,300.7816081,226,50,30,21,691,3.057522124,Maize
2004,KOLAR,Kharif     ,1014.588661,301.9197073,109068,145,47,92,152191,1.395377196,Ragi
2004,KOLAR,Rabi       ,1014.320543,301.3305792,175,62,65,21,335,1.914285714,Ragi
2004,KOLAR,Summer     ,1016.979113,302.4984321,69,143,51,93,110,1.594202899,Ragi
2004,KOLAR,Kharif     ,1014.306998,300.7600338,6972,136,24,74,16558.5,2.375,Rice
2004,KOLAR,Summer     ,1015.505547,301.4043567,351,100,57,91,1570,4.472934473,Rice
2004,KOPPAL,Kharif     ,1017.984997,302.3613692,15929,105,29,79,43116,2.706761253,Maize
2004,KOPPAL,Rabi       ,1014.536821,302.1319437,437,132,59,25,1323,3.027459954,Maize
2004,KOPPAL,Summer     ,1015.544119,302.3811364,217,111,65,38,664,3.059907834,Maize
2004,KOPPAL,Kharif     ,1016.467533,301.8380202,40357,81,43,46,125369.02,3.106499988,Rice
2004,KOPPAL,Summer     ,1015.016069,302.0658924,22100,79,54,20,114229,5.168733032,Rice
2004,MANDYA,Kharif     ,1014.881371,299.0106346,3872,78,63,52,13676,3.532024793,Maize
2004,MANDYA,Rabi       ,1015.93295,299.1597475,92,98,67,59,280,3.043478261,Maize
2004,MANDYA,Summer     ,1015.74623,298.9516775,152,94,79,51,465,3.059210526,Maize
2004,MANDYA,Kharif     ,1016.255732,300.5217647,61633,142,42,88,125121,2.030097513,Ragi
2004,MANDYA,Rabi       ,1016.861071,300.4893305,2568,79,36,36,3212,1.250778816,Ragi
2004,MANDYA,Summer     ,1017.818402,299.5851271,2453,65,20,27,4272,1.74154097,Ragi
2004,MANDYA,Kharif     ,1016.798346,298.9269483,72125,89,74,76,243926.75,3.382,Rice
2004,MANDYA,Rabi       ,1014.315175,299.2739566,170,68,50,61,703,4.135294118,Rice
2004,MANDYA,Summer     ,1017.455556,299.5020016,19698,67,50,28,95156,4.830744238,Rice
2004,MYSORE,Kharif     ,1014.245279,299.6399382,14851,50,61,54,50799,3.420577739,Maize
2004,MYSORE,Rabi       ,1016.189844,299.6324729,2861,127,76,90,8616,3.011534429,Maize
2004,MYSORE,Summer     ,1014.881288,298.5594229,506,96,74,98,1548,3.059288538,Maize
2004,MYSORE,Kharif     ,1014.938159,298.3751693,58102,115,61,72,106653,1.835616674,Ragi
2004,MYSORE,Rabi       ,1017.767945,299.1725133,20819,141,72,73,15766,0.757289015,Ragi
2004,MYSORE,Summer     ,1017.950777,298.6195939,2446,143,75,44,3895,1.592395748,Ragi
2004,MYSORE,Kharif     ,1015.824004,298.5756214,99284,87,53,86,312198.54,3.14450002,Rice
2004,MYSORE,Rabi       ,1015.359446,299.3076724,48,100,28,81,162,3.375,Rice
2004,MYSORE,Summer     ,1017.030803,299.2696602,19148,112,41,74,84113,4.392782536,Rice
2004,RAICHUR,Kharif     ,1016.817556,304.6821477,385,53,32,65,1311,3.405194805,Maize
2004,RAICHUR,Summer     ,1017.291611,303.3627815,48,50,44,43,147,3.0625,Maize
2004,RAICHUR,Kharif     ,1014.316118,304.8563391,89833,57,67,65,240662.61,2.679000033,Rice
2004,RAICHUR,Rabi       ,1014.588323,303.1576444,555,78,37,41,1872,3.372972973,Rice
2004,RAICHUR,Summer     ,1016.952221,303.604502,17602,104,70,30,53376,3.032382684,Rice
2004,SHIMOGA,Kharif     ,1016.643073,300.3925002,59981,52,31,67,220658,3.678798286,Maize
2004,SHIMOGA,Rabi       ,1017.333822,299.844129,4,81,59,27,12,3,Maize
2004,SHIMOGA,Summer     ,1014.445609,301.0462071,155,59,36,58,474,3.058064516,Maize
2004,SHIMOGA,Kharif     ,1016.70441,301.3276024,2621,123,34,54,4692,1.790156429,Ragi
2004,SHIMOGA,Summer     ,1016.799292,300.0074603,167,132,61,68,266,1.592814371,Ragi
2004,SHIMOGA,Kharif     ,1014.677992,300.0928115,114078,83,34,65,249260.43,2.185,Rice
2004,SHIMOGA,Summer     ,1015.808663,300.8939504,14045,146,34,57,64219,4.572374511,Rice
2004,TUMKUR,Kharif     ,1017.721349,302.012966,12024,136,74,27,31659,2.632984032,Maize
2004,TUMKUR,Rabi       ,1017.787944,300.8919142,413,104,58,73,1258,3.046004843,Maize
2004,TUMKUR,Summer     ,1015.374875,300.7433586,104,141,32,56,318,3.057692308,Maize
2004,TUMKUR,Kharif     ,1017.65889,300.6672637,190048,81,36,59,321090,1.689520542,Ragi
2004,TUMKUR,Rabi       ,1014.650426,301.399903,846,99,51,53,764,0.903073286,Ragi
2004,TUMKUR,Summer     ,1016.444768,301.1202918,415,56,28,98,723,1.742168675,Ragi
2004,TUMKUR,Kharif     ,1015.007453,302.349295,21635,142,59,36,60221.02,2.783499884,Rice
2004,TUMKUR,Rabi       ,1015.281919,301.9530046,1588,57,39,52,5356,3.37279597,Rice
2004,TUMKUR,Summer     ,1017.861847,301.989548,2916,114,45,66,12809,4.39266118,Rice
2004,UDUPI,Kharif     ,1016.867037,302.9612983,51390,106,46,71,124492.27,2.422499903,Rice
2004,UDUPI,Rabi       ,1014.803988,303.7844995,10723,116,40,99,34153,3.185022848,Rice
2004,UDUPI,Summer     ,1017.953293,304.0407418,177,137,37,28,792,4.474576271,Rice
2004,UTTAR KANNAD,Kharif     ,1016.915303,297.4940633,1125,136,32,52,2883,2.562666667,Maize
2004,UTTAR KANNAD,Rabi       ,1015.344496,298.2312767,3,108,35,79,5,1.666666667,Maize
2004,UTTAR KANNAD,Summer     ,1017.070279,297.3380144,2,121,28,96,6,3,Maize
2004,UTTAR KANNAD,Kharif     ,1015.837688,296.9985388,41,103,31,40,45,1.097560976,Ragi
2004,UTTAR KANNAD,Rabi       ,1016.620553,296.5162556,6,116,63,77,5,0.833333333,Ragi
2004,UTTAR KANNAD,Kharif     ,1017.683351,297.9073147,78702,100,57,88,139814.1,1.776499962,Rice
2004,UTTAR KANNAD,Rabi       ,1015.572965,297.2730576,2066,146,38,29,6493,3.142787996,Rice
2004,UTTAR KANNAD,Summer     ,1015.297131,296.8162529,1429,141,79,25,4599,3.2183345,Rice
2005,BAGALKOT,Kharif     ,1016.890524,302.024991,38948,57,26,32,153176,3.932833522,Maize
2005,BAGALKOT,Rabi       ,1016.975772,301.7867153,14743,83,76,84,61920,4.199959303,Maize
2005,BAGALKOT,Summer     ,1015.760363,303.09523,1723,84,54,39,7038,4.084735926,Maize
2005,BAGALKOT,Kharif     ,1015.891159,302.0115584,126,145,67,76,355,2.817460317,Rice
2005,BAGALKOT,Summer     ,1017.89822,302.3285346,63,137,37,65,196,3.111111111,Rice
2005,BANGALORE RURAL,Kharif     ,1017.642409,300.4524743,8544,127,35,27,37685,4.410697566,Maize
2005,BANGALORE RURAL,Rabi       ,1014.687477,300.5800584,139,81,74,29,497,3.575539568,Maize
2005,BANGALORE RURAL,Summer     ,1016.132592,299.9115423,370,95,58,92,1144,3.091891892,Maize
2005,BANGALORE RURAL,Kharif     ,1014.902245,300.8856421,138892,65,23,86,287063,2.066807304,Ragi
2005,BANGALORE RURAL,Rabi       ,1017.384483,300.5475396,150,117,78,30,436,2.906666667,Ragi
2005,BANGALORE RURAL,Summer     ,1016.979082,300.970011,508,86,44,31,1109,2.183070866,Ragi
2005,BANGALORE RURAL,Kharif     ,1016.593532,299.7467046,9729,103,51,29,22181,2.27988488,Rice
2005,BANGALORE RURAL,Rabi       ,1015.586807,299.7062305,18,134,59,44,40,2.222222222,Rice
2005,BANGALORE RURAL,Summer     ,1016.287314,300.4675424,2094,63,32,68,6511,3.109360076,Rice
2005,BELGAUM,Kharif     ,1015.647269,298.2547145,93413,144,64,68,331852,3.552524809,Maize
2005,BELGAUM,Rabi       ,1016.518896,299.2490078,41389,104,36,30,145279,3.510087221,Maize
2005,BELGAUM,Summer     ,1014.127404,299.7693483,2780,97,68,81,9171,3.298920863,Maize
2005,BELGAUM,Kharif     ,1017.410316,298.611513,1563,131,56,55,756,0.483685221,Ragi
2005,BELGAUM,Kharif     ,1017.177148,299.1037742,66671,56,25,58,145500,2.182358147,Rice
2005,BELGAUM,Summer     ,1017.470741,299.102054,157,123,38,72,484,3.082802548,Rice
2005,BELLARY,Kharif     ,1017.895868,304.3650287,68802,56,32,97,223457,3.247827098,Maize
2005,BELLARY,Rabi       ,1016.370938,304.0128651,2382,82,76,75,8307,3.487405542,Maize
2005,BELLARY,Summer     ,1014.382928,303.6170132,417,72,79,20,1585,3.800959233,Maize
2005,BELLARY,Kharif     ,1014.060301,304.0157459,6581,134,45,75,5714,0.868257104,Ragi
2005,BELLARY,Summer     ,1016.006507,303.650103,82,68,33,23,179,2.182926829,Ragi
2005,BELLARY,Kharif     ,1015.944485,304.6829716,61783,68,50,49,188994,3.058996811,Rice
2005,BELLARY,Rabi       ,1015.489022,304.4765079,490,85,73,31,1871,3.818367347,Rice
2005,BELLARY,Summer     ,1014.882452,304.3607256,40538,78,23,54,138524,3.417139474,Rice
2005,BENGALURU URBAN,Kharif     ,1015.98658,301.2000855,1018,109,79,96,3640,3.575638507,Maize
2005,BENGALURU URBAN,Rabi       ,1015.461519,302.1380859,41,131,58,71,147,3.585365854,Maize
2005,BENGALURU URBAN,Summer     ,1014.788069,301.5456118,167,51,27,50,516,3.089820359,Maize
2005,BENGALURU URBAN,Kharif     ,1016.529599,302.6740956,35909,50,44,87,87909,2.448104932,Ragi
2005,BENGALURU URBAN,Rabi       ,1017.697718,302.5055678,54,96,32,71,157,2.907407407,Ragi
2005,BENGALURU URBAN,Summer     ,1016.622102,301.5079846,140,118,51,99,306,2.185714286,Ragi
2005,BENGALURU URBAN,Kharif     ,1014.687989,301.396406,2496,69,78,26,6528,2.615384615,Rice
2005,BENGALURU URBAN,Summer     ,1014.65759,302.779836,1026,60,57,41,3190,3.109161793,Rice
2005,BIDAR,Kharif     ,1015.674266,299.9503728,265,51,57,94,499,1.883018868,Maize
2005,BIDAR,Rabi       ,1014.509195,299.3305533,71,116,75,75,220,3.098591549,Maize
2005,BIDAR,Kharif     ,1017.588371,300.5412225,7436,136,47,77,4059,0.545857988,Rice
2005,BIDAR,Rabi       ,1015.500225,299.9677073,112,61,72,83,180,1.607142857,Rice
2005,BIJAPUR,Kharif     ,1016.455508,301.2211712,19434,69,49,31,53467,2.751209221,Maize
2005,BIJAPUR,Rabi       ,1017.476478,300.3057191,6588,54,22,26,13600,2.064359441,Maize
2005,BIJAPUR,Summer     ,1015.317489,302.111167,1066,86,47,74,2076,1.947467167,Maize
2005,BIJAPUR,Kharif     ,1015.921551,301.0705762,77,87,22,81,137,1.779220779,Rice
2005,BIJAPUR,Rabi       ,1017.689435,301.7738087,14,143,64,92,23,1.642857143,Rice
2005,CHAMARAJANAGAR,Kharif     ,1014.100016,295.1446908,21021,58,73,96,60392,2.872936587,Maize
2005,CHAMARAJANAGAR,Rabi       ,1017.929918,294.9722777,1604,147,53,74,3780,2.356608479,Maize
2005,CHAMARAJANAGAR,Summer     ,1015.844806,294.9351187,833,102,35,55,2097,2.517406963,Maize
2005,CHAMARAJANAGAR,Kharif     ,1014.86269,295.0493778,22081,93,41,43,29367,1.32996694,Ragi
2005,CHAMARAJANAGAR,Rabi       ,1014.582589,295.700525,514,148,51,63,1417,2.756809339,Ragi
2005,CHAMARAJANAGAR,Summer     ,1017.158595,294.6009695,608,135,57,36,1030,1.694078947,Ragi
2005,CHAMARAJANAGAR,Kharif     ,1015.606342,295.8777597,15969,73,27,21,44252,2.771119043,Rice
2005,CHAMARAJANAGAR,Rabi       ,1017.230369,295.4930818,503,130,74,32,1202,2.389662028,Rice
2005,CHAMARAJANAGAR,Summer     ,1014.63952,294.5285962,1759,123,27,50,4679,2.66003411,Rice
2005,CHIKMAGALUR,Kharif     ,1015.573302,298.083088,2079,79,76,47,8086,3.889369889,Maize
2005,CHIKMAGALUR,Kharif     ,1014.939089,296.3136335,60684,108,25,79,105403,1.736915826,Ragi
2005,CHIKMAGALUR,Rabi       ,1016.844746,297.736584,38,136,33,46,110,2.894736842,Ragi
2005,CHIKMAGALUR,Kharif     ,1017.621595,296.3795091,40973,145,51,34,97398,2.3771264,Rice
2005,CHIKMAGALUR,Summer     ,1017.817178,296.6415572,3860,130,54,98,10458,2.709326425,Rice
2005,CHITRADURGA,Kharif     ,1016.183868,301.8643928,46222,130,29,52,64004,1.38470858,Maize
2005,CHITRADURGA,Rabi       ,1015.794184,301.6031961,1946,63,22,39,6870,3.530318602,Maize
2005,CHITRADURGA,Summer     ,1016.646843,302.1711431,234,58,78,61,811,3.465811966,Maize
2005,CHITRADURGA,Kharif     ,1017.315044,302.1084423,53671,89,31,31,69277,1.290771553,Ragi
2005,CHITRADURGA,Rabi       ,1014.639063,302.0127647,840,115,68,92,2439,2.903571429,Ragi
2005,CHITRADURGA,Summer     ,1014.466473,301.9556213,1672,74,78,42,3259,1.949162679,Ragi
2005,CHITRADURGA,Kharif     ,1015.263247,302.5731979,3537,122,50,91,9616,2.718688154,Rice
2005,CHITRADURGA,Rabi       ,1016.347629,301.0316214,1513,71,48,33,4689,3.09914078,Rice
2005,CHITRADURGA,Summer     ,1016.253645,301.9354074,5754,53,24,44,17011,2.956378172,Rice
2005,DAKSHIN KANNAD,Kharif     ,1016.340901,299.9255023,31968,75,71,96,77109,2.412068318,Rice
2005,DAKSHIN KANNAD,Rabi       ,1017.747956,300.4241512,22659,107,44,50,48985,2.16183415,Rice
2005,DAKSHIN KANNAD,Summer     ,1017.640397,300.3670212,2002,78,60,73,3907,1.951548452,Rice
2005,DAVANGERE,Kharif     ,1016.097511,302.0613314,156239,147,50,24,475046,3.040508452,Maize
2005,DAVANGERE,Rabi       ,1017.528424,301.8250096,285,136,40,32,1019,3.575438596,Maize
2005,DAVANGERE,Summer     ,1016.188766,301.3780995,74,86,77,47,264,3.567567568,Maize
2005,DAVANGERE,Kharif     ,1016.58572,302.017898,26188,124,39,62,31104,1.187719566,Ragi
2005,DAVANGERE,Rabi       ,1014.221277,301.4794075,342,119,58,66,993,2.903508772,Ragi
2005,DAVANGERE,Summer     ,1014.522873,300.4175493,29,67,41,90,63,2.172413793,Ragi
2005,DAVANGERE,Kharif     ,1014.542636,301.0764527,71306,134,23,57,225040,3.155975654,Rice
2005,DAVANGERE,Summer     ,1016.656437,301.0729694,59114,91,32,86,227497,3.848445377,Rice
2005,DHARWAD,Kharif     ,1017.331294,300.0783065,30187,149,64,81,95459,3.162255275,Maize
2005,DHARWAD,Rabi       ,1017.01628,299.0744636,527,90,61,58,1737,3.29601518,Maize
2005,DHARWAD,Summer     ,1014.422455,299.8083463,55,87,69,56,191,3.472727273,Maize
2005,DHARWAD,Kharif     ,1014.436169,299.8995795,135,83,68,27,164,1.214814815,Ragi
2005,DHARWAD,Kharif     ,1016.907198,298.949819,22611,66,39,71,39091,1.72884879,Rice
2005,DHARWAD,Summer     ,1016.603658,299.5117491,292,86,71,52,905,3.099315068,Rice
2005,GADAG,Kharif     ,1017.727577,301.8392314,34713,74,32,61,132951,3.83000605,Maize
2005,GADAG,Rabi       ,1015.240974,301.6132768,1190,125,36,95,6301,5.294957983,Maize
2005,GADAG,Summer     ,1016.583766,301.9253827,17,136,73,46,81,4.764705882,Maize
2005,GADAG,Kharif     ,1016.573187,301.788731,72,135,55,27,88,1.222222222,Ragi
2005,GADAG,Kharif     ,1017.990929,301.6676154,1847,134,52,42,8212,4.446128858,Rice
2005,GADAG,Summer     ,1015.955947,300.3131438,1087,76,20,83,4402,4.049678013,Rice
2005,GULBARGA,Kharif     ,1014.25035,301.9727236,4155,106,34,39,11596,2.790854392,Maize
2005,GULBARGA,Rabi       ,1016.814445,300.8609742,159,80,32,35,566,3.559748428,Maize
2005,GULBARGA,Summer     ,1015.423258,300.5007175,287,55,36,36,887,3.090592334,Maize
2005,GULBARGA,Kharif     ,1014.485909,300.4368505,6,140,43,99,7,1.166666667,Ragi
2005,GULBARGA,Kharif     ,1017.494012,301.7216781,49114,89,77,38,129091,2.628395162,Rice
2005,GULBARGA,Rabi       ,1017.366205,301.6024142,5485,147,27,27,10745,1.958979034,Rice
2005,GULBARGA,Summer     ,1014.255253,302.0069275,35536,61,69,57,109650,3.085603332,Rice
2005,HASSAN,Kharif     ,1017.662938,297.6363707,25909,102,46,57,76276,2.943996295,Maize
2005,HASSAN,Rabi       ,1014.363277,296.6561146,6087,120,64,72,17832,2.929521932,Maize
2005,HASSAN,Summer     ,1014.691039,298.416008,229,59,42,50,708,3.091703057,Maize
2005,HASSAN,Kharif     ,1016.688905,297.3003936,85414,94,65,63,134077,1.569730957,Ragi
2005,HASSAN,Rabi       ,1016.121699,298.5334746,21152,66,27,79,25350,1.19846823,Ragi
2005,HASSAN,Summer     ,1015.732651,297.8674515,271,75,27,95,592,2.184501845,Ragi
2005,HASSAN,Kharif     ,1016.212592,297.0231649,46309,134,78,36,105878,2.286337429,Rice
2005,HASSAN,Rabi       ,1014.442417,296.6377399,651,141,45,98,1123,1.725038402,Rice
2005,HASSAN,Summer     ,1015.915825,296.8837829,5572,111,66,92,12455,2.235283561,Rice
2005,HAVERI,Kharif     ,1015.52091,300.574795,153167,95,78,58,360596,2.354266911,Maize
2005,HAVERI,Rabi       ,1015.960068,299.6941498,788,113,32,61,1802,2.28680203,Maize
2005,HAVERI,Summer     ,1017.887403,299.7322379,885,51,58,67,2018,2.280225989,Maize
2005,HAVERI,Kharif     ,1014.015911,299.837575,1391,103,56,31,1953,1.404025881,Ragi
2005,HAVERI,Summer     ,1016.393134,299.7199755,1,114,68,37,2,2,Ragi
2005,HAVERI,Kharif     ,1015.18491,300.4245346,26796,100,47,98,55400,2.067472757,Rice
2005,HAVERI,Summer     ,1016.516267,301.0410277,4621,102,44,25,14667,3.173988314,Rice
2005,KODAGU,Kharif     ,1014.723203,307.7397287,1850,85,35,62,10172,5.498378378,Maize
2005,KODAGU,Summer     ,1016.544485,307.8475788,490,75,74,54,1515,3.091836735,Maize
2005,KODAGU,Kharif     ,1015.489934,306.8272807,380,78,21,73,646,1.7,Ragi
2005,KODAGU,Rabi       ,1016.272704,306.0238475,200,70,73,81,338,1.69,Ragi
2005,KODAGU,Summer     ,1016.388797,306.5627457,150,60,37,88,328,2.186666667,Ragi
2005,KODAGU,Kharif     ,1017.836764,307.876794,34276,89,36,35,78998,2.304761349,Rice
2005,KODAGU,Rabi       ,1017.884277,307.3591296,65,60,49,27,144,2.215384615,Rice
2005,KODAGU,Summer     ,1015.232562,306.1342195,965,85,58,50,2074,2.149222798,Rice
2005,KOLAR,Kharif     ,1017.47026,301.1536317,22036,108,32,29,60505,2.745734253,Maize
2005,KOLAR,Rabi       ,1014.737919,302.2920831,536,88,51,75,1916,3.574626866,Maize
2005,KOLAR,Summer     ,1014.020084,301.1579652,518,148,69,95,1747,3.372586873,Maize
2005,KOLAR,Kharif     ,1015.636942,301.8970429,106403,103,48,89,193572,1.81923442,Ragi
2005,KOLAR,Rabi       ,1016.73401,302.1393889,167,147,65,39,485,2.904191617,Ragi
2005,KOLAR,Summer     ,1014.396521,300.8893477,117,104,49,24,256,2.188034188,Ragi
2005,KOLAR,Kharif     ,1015.897428,300.7560822,6487,73,37,42,14584,2.248188685,Rice
2005,KOLAR,Rabi       ,1015.627907,300.745664,25,71,32,28,55,2.2,Rice
2005,KOLAR,Summer     ,1016.102352,301.6675433,10231,118,62,77,45108,4.408953182,Rice
2005,KOPPAL,Kharif     ,1016.412573,301.894422,14497,105,40,78,30297,2.089880665,Maize
2005,KOPPAL,Rabi       ,1017.256631,303.2423658,1420,82,49,99,5075,3.573943662,Maize
2005,KOPPAL,Summer     ,1016.660367,303.138449,415,85,40,73,887,2.137349398,Maize
2005,KOPPAL,Kharif     ,1015.996498,302.3364023,41650,69,67,65,134083,3.219279712,Rice
2005,KOPPAL,Summer     ,1015.954556,303.1308233,37213,132,74,41,135541,3.642302421,Rice
2005,MANDYA,Kharif     ,1015.181164,298.8839095,2480,148,36,83,5952,2.4,Maize
2005,MANDYA,Rabi       ,1016.154572,300.0110004,18,130,59,27,64,3.555555556,Maize
2005,MANDYA,Summer     ,1014.921836,299.7281175,101,111,38,39,254,2.514851485,Maize
2005,MANDYA,Kharif     ,1016.934861,300.3430866,71422,147,71,70,140026,1.96054437,Ragi
2005,MANDYA,Rabi       ,1016.027475,299.9622939,2091,122,34,97,5300,2.534672406,Ragi
2005,MANDYA,Summer     ,1017.025464,300.0030617,1818,75,28,58,4660,2.563256326,Ragi
2005,MANDYA,Kharif     ,1015.040706,299.3205867,60924,115,71,56,180615,2.964595233,Rice
2005,MANDYA,Rabi       ,1015.498473,299.6763239,12,122,29,69,30,2.5,Rice
2005,MANDYA,Summer     ,1015.211553,300.340649,22874,122,63,53,76100,3.326921395,Rice
2005,MYSORE,Kharif     ,1017.189785,299.5348717,19445,89,50,94,77852,4.003702751,Maize
2005,MYSORE,Rabi       ,1014.505108,298.6428432,1545,66,72,52,5173,3.348220065,Maize
2005,MYSORE,Summer     ,1017.373452,298.3043575,516,50,42,50,1716,3.325581395,Maize
2005,MYSORE,Kharif     ,1014.66044,299.2048024,78192,138,71,73,171342,2.191298343,Ragi
2005,MYSORE,Rabi       ,1014.586824,298.7866099,20603,110,49,63,49286,2.392175897,Ragi
2005,MYSORE,Summer     ,1015.56487,299.338936,2114,92,52,53,4617,2.184011353,Ragi
2005,MYSORE,Kharif     ,1014.639489,299.35909,99671,91,76,90,294884,2.958573707,Rice
2005,MYSORE,Rabi       ,1015.533314,298.3050259,35,74,71,81,78,2.228571429,Rice
2005,MYSORE,Summer     ,1016.334993,299.5132425,21147,88,28,42,64086,3.03050078,Rice
2005,RAICHUR,Kharif     ,1014.194349,304.077501,355,84,73,65,1285,3.61971831,Maize
2005,RAICHUR,Summer     ,1017.178961,303.1462856,344,52,66,75,1063,3.090116279,Maize
2005,RAICHUR,Kharif     ,1014.029379,304.5965747,100632,93,20,26,273862,2.721420622,Rice
2005,RAICHUR,Summer     ,1014.629731,304.795476,77553,100,63,80,155308,2.00260467,Rice
2005,SHIMOGA,Kharif     ,1015.128747,300.9286986,60039,143,54,22,160869,2.679408385,Maize
2005,SHIMOGA,Rabi       ,1015.746762,300.2383166,10,147,30,57,36,3.6,Maize
2005,SHIMOGA,Summer     ,1015.959169,299.7107454,224,61,53,53,479,2.138392857,Maize
2005,SHIMOGA,Kharif     ,1016.331671,301.3670184,1992,68,35,63,2843,1.427208835,Ragi
2005,SHIMOGA,Summer     ,1014.254925,300.216974,84,93,28,49,183,2.178571429,Ragi
2005,SHIMOGA,Kharif     ,1016.367369,300.7230074,116186,108,51,36,275507,2.371258155,Rice
2005,SHIMOGA,Summer     ,1017.371763,301.6510168,17408,98,34,78,57617,3.309800092,Rice
2005,TUMKUR,Kharif     ,1015.231191,302.3485584,15538,110,31,29,47362,3.048140044,Maize
2005,TUMKUR,Rabi       ,1017.506695,301.5923324,84,66,52,37,300,3.571428571,Maize
2005,TUMKUR,Summer     ,1014.685437,302.2441308,240,123,64,64,742,3.091666667,Maize
2005,TUMKUR,Kharif     ,1016.621314,300.8919077,192991,106,33,78,290027,1.502800649,Ragi
2005,TUMKUR,Rabi       ,1014.915746,302.1356505,162,104,76,81,443,2.734567901,Ragi
2005,TUMKUR,Summer     ,1015.941774,301.2065397,729,96,76,78,1592,2.183813443,Ragi
2005,TUMKUR,Kharif     ,1017.986367,302.3528411,27455,61,27,68,69045,2.514842469,Rice
2005,TUMKUR,Rabi       ,1017.072849,301.1809413,422,111,27,82,934,2.213270142,Rice
2005,TUMKUR,Summer     ,1016.992497,302.1710433,11205,129,46,51,35851,3.199553771,Rice
2005,UDUPI,Rabi       ,1016.024683,303.5635448,32,137,31,29,114,3.5625,Maize
2005,UDUPI,Summer     ,1015.734523,303.0055441,1,132,20,30,3,3,Maize
2005,UDUPI,Kharif     ,1017.132983,303.0749576,51709,57,62,89,132551,2.563402889,Rice
2005,UDUPI,Rabi       ,1014.871524,303.1280296,10910,144,59,81,22966,2.105041247,Rice
2005,UDUPI,Summer     ,1016.628473,303.0842336,146,70,61,66,338,2.315068493,Rice
2005,UTTAR KANNAD,Kharif     ,1014.836866,297.8074328,1887,130,70,53,4424,2.344462109,Maize
2005,UTTAR KANNAD,Rabi       ,1016.971339,296.617151,37,136,30,36,63,1.702702703,Maize
2005,UTTAR KANNAD,Summer     ,1017.515906,297.405174,4,129,58,73,12,3,Maize
2005,UTTAR KANNAD,Kharif     ,1015.011763,297.2720142,17,119,62,95,21,1.235294118,Ragi
2005,UTTAR KANNAD,Rabi       ,1016.960897,297.0694295,10,121,50,59,17,1.7,Ragi
2005,UTTAR KANNAD,Kharif     ,1015.902414,297.8022575,78255,74,36,38,157443,2.011922561,Rice
2005,UTTAR KANNAD,Rabi       ,1017.27383,296.5100163,2030,131,52,86,4418,2.17635468,Rice
2005,UTTAR KANNAD,Summer     ,1016.240431,297.3529568,2027,138,51,72,4791,2.363591515,Rice
2006,BAGALKOT,Kharif     ,1017.569586,302.0513308,36326,61,77,83,137679,3.790095249,Maize
2006,BAGALKOT,Rabi       ,1017.763391,302.703105,12637,64,48,66,44443,3.516894833,Maize
2006,BAGALKOT,Summer     ,1015.200655,302.9956912,2128,108,40,25,6625,3.11325188,Maize
2006,BAGALKOT,Kharif     ,1015.80297,301.8819687,117,75,40,35,339,2.897435897,Rice
2006,BANGALORE RURAL,Kharif     ,1015.363345,300.7808754,6861,75,59,91,23981,3.495263081,Maize
2006,BANGALORE RURAL,Rabi       ,1014.379051,299.7234366,160,96,42,37,504,3.15,Maize
2006,BANGALORE RURAL,Summer     ,1015.095405,300.0167725,103,81,75,71,330,3.203883495,Maize
2006,BANGALORE RURAL,Kharif     ,1016.827856,300.5728057,89257,59,25,67,101013,1.131709558,Ragi
2006,BANGALORE RURAL,Rabi       ,1014.221153,300.9573035,257,65,41,62,513,1.996108949,Ragi
2006,BANGALORE RURAL,Summer     ,1017.874787,300.441348,255,120,69,58,542,2.125490196,Ragi
2006,BANGALORE RURAL,Kharif     ,1017.820136,299.9589059,7340,66,57,68,14919,2.032561308,Rice
2006,BANGALORE RURAL,Rabi       ,1014.640577,299.5787945,13,72,56,31,30,2.307692308,Rice
2006,BANGALORE RURAL,Summer     ,1016.688372,299.7104091,706,75,64,29,545,0.771954674,Rice
2006,BELGAUM,Kharif     ,1016.209515,298.8040624,92990,134,70,90,319154,3.432132487,Maize
2006,BELGAUM,Rabi       ,1017.954845,298.9408788,31931,135,73,74,97463,3.052300272,Maize
2006,BELGAUM,Summer     ,1016.211879,298.9341327,3095,56,27,20,11269,3.641033926,Maize
2006,BELGAUM,Kharif     ,1017.965852,299.7424308,14499,63,60,68,941,0.064901028,Ragi
2006,BELGAUM,Kharif     ,1016.231483,299.4143049,66922,128,68,55,98851,1.477107678,Rice
2006,BELGAUM,Summer     ,1016.43936,298.4817827,140,56,54,40,403,2.878571429,Rice
2006,BELLARY,Kharif     ,1016.68876,304.1745132,79209,58,70,56,179807,2.270032446,Maize
2006,BELLARY,Rabi       ,1015.118188,303.3476296,871,97,30,43,2274,2.610792193,Maize
2006,BELLARY,Summer     ,1017.67963,304.1908068,1155,121,43,74,3701,3.204329004,Maize
2006,BELLARY,Kharif     ,1017.931255,304.4893869,3688,108,68,44,1657,0.449295011,Ragi
2006,BELLARY,Summer     ,1015.488149,303.3293687,84,136,40,26,179,2.130952381,Ragi
2006,BELLARY,Kharif     ,1016.850704,303.1594541,66354,142,70,90,204553,3.082753112,Rice
2006,BELLARY,Rabi       ,1014.964636,304.5945405,2993,131,21,90,14299,4.777480789,Rice
2006,BELLARY,Summer     ,1017.200938,303.7832206,36575,144,59,43,129221,3.533041695,Rice
2006,BENGALURU URBAN,Kharif     ,1014.379295,302.6351241,665,143,38,30,2295,3.45112782,Maize
2006,BENGALURU URBAN,Rabi       ,1017.324635,301.5081916,24,88,58,92,76,3.166666667,Maize
2006,BENGALURU URBAN,Summer     ,1015.239378,301.9999158,169,148,47,31,542,3.207100592,Maize
2006,BENGALURU URBAN,Kharif     ,1016.237602,301.0787519,23136,67,78,54,23258,1.005273167,Ragi
2006,BENGALURU URBAN,Rabi       ,1016.127785,301.6032275,150,108,36,82,299,1.993333333,Ragi
2006,BENGALURU URBAN,Summer     ,1014.875641,302.8276886,246,66,25,87,523,2.12601626,Ragi
2006,BENGALURU URBAN,Kharif     ,1016.958687,302.1470153,1315,63,38,76,3537,2.68973384,Rice
2006,BENGALURU URBAN,Summer     ,1015.78466,302.2579085,557,80,75,32,1744,3.131059246,Rice
2006,BIDAR,Kharif     ,1017.932568,299.4504609,249,73,57,42,407,1.634538153,Maize
2006,BIDAR,Rabi       ,1017.516913,300.5684864,83,148,47,58,186,2.240963855,Maize
2006,BIDAR,Kharif     ,1014.505045,301.0722813,7077,109,21,99,4449,0.62865621,Rice
2006,BIDAR,Rabi       ,1014.326673,301.0958219,64,94,57,31,110,1.71875,Rice
2006,BIJAPUR,Kharif     ,1014.862706,301.3941362,22120,147,74,53,45226,2.044575045,Maize
2006,BIJAPUR,Rabi       ,1014.818766,302.1716565,6967,52,56,90,17519,2.514568681,Maize
2006,BIJAPUR,Summer     ,1015.559157,301.989438,2251,86,70,94,5158,2.291426033,Maize
2006,BIJAPUR,Kharif     ,1016.389106,301.7824894,34,92,71,50,73,2.147058824,Rice
2006,BIJAPUR,Rabi       ,1015.526048,301.4900393,10,89,23,81,17,1.7,Rice
2006,CHAMARAJANAGAR,Kharif     ,1014.203368,295.4050685,27075,139,41,32,68266,2.521366574,Maize
2006,CHAMARAJANAGAR,Rabi       ,1017.635794,295.6818533,881,104,45,50,1971,2.23723042,Maize
2006,CHAMARAJANAGAR,Summer     ,1017.47885,295.4893934,807,136,68,21,2456,3.043370508,Maize
2006,CHAMARAJANAGAR,Kharif     ,1017.1585,295.1824219,17051,88,62,34,21483,1.259926104,Ragi
2006,CHAMARAJANAGAR,Rabi       ,1017.560139,295.9398232,232,64,55,76,336,1.448275862,Ragi
2006,CHAMARAJANAGAR,Summer     ,1017.230902,295.2923098,403,53,77,94,569,1.41191067,Ragi
2006,CHAMARAJANAGAR,Kharif     ,1017.247274,294.9988322,15124,142,32,53,43419,2.870867495,Rice
2006,CHAMARAJANAGAR,Rabi       ,1015.710451,295.4093931,140,135,71,87,355,2.535714286,Rice
2006,CHAMARAJANAGAR,Summer     ,1014.690589,294.5210597,1016,74,77,94,2305,2.268700787,Rice
2006,CHIKMAGALUR,Kharif     ,1016.851629,297.9793184,2333,62,51,48,8768,3.758251179,Maize
2006,CHIKMAGALUR,Kharif     ,1014.107775,298.1573859,52424,131,36,85,64535,1.231020143,Ragi
2006,CHIKMAGALUR,Rabi       ,1014.217787,297.5579049,34,82,60,35,68,2,Ragi
2006,CHIKMAGALUR,Kharif     ,1016.437059,297.4542995,42119,65,55,58,102630,2.436667537,Rice
2006,CHIKMAGALUR,Summer     ,1016.323912,298.0486813,3562,91,74,96,9610,2.697922515,Rice
2006,CHITRADURGA,Kharif     ,1017.272207,301.444939,59519,115,79,56,105020,1.76447857,Maize
2006,CHITRADURGA,Rabi       ,1016.376217,301.2837749,7136,104,65,40,21374,2.995235426,Maize
2006,CHITRADURGA,Summer     ,1014.434048,301.1390238,432,148,38,63,1384,3.203703704,Maize
2006,CHITRADURGA,Kharif     ,1017.00067,301.3083233,35654,91,77,38,35016,0.982105795,Ragi
2006,CHITRADURGA,Rabi       ,1014.208731,300.9813227,3236,83,79,90,4051,1.251854141,Ragi
2006,CHITRADURGA,Summer     ,1014.364342,301.920478,1622,79,54,27,3454,2.12946979,Ragi
2006,CHITRADURGA,Kharif     ,1016.29322,302.7024126,4334,62,65,96,10215,2.356945085,Rice
2006,CHITRADURGA,Rabi       ,1016.480848,302.099748,1111,62,59,85,1735,1.561656166,Rice
2006,CHITRADURGA,Summer     ,1016.215702,301.2051164,2387,67,75,60,6145,2.574361123,Rice
2006,DAKSHIN KANNAD,Kharif     ,1016.244811,300.5543874,33090,81,78,94,85160,2.573587186,Rice
2006,DAKSHIN KANNAD,Rabi       ,1016.578102,300.9785957,21927,145,47,89,46930,2.140283669,Rice
2006,DAKSHIN KANNAD,Summer     ,1017.505497,299.88,1741,148,20,80,3970,2.280298679,Rice
2006,DAVANGERE,Kharif     ,1014.886164,301.4814529,173909,88,61,45,396298,2.278766481,Maize
2006,DAVANGERE,Rabi       ,1015.241738,301.0218381,454,95,37,90,1111,2.447136564,Maize
2006,DAVANGERE,Summer     ,1017.178468,301.0322664,207,78,67,89,663,3.202898551,Maize
2006,DAVANGERE,Kharif     ,1016.556424,300.341967,23050,111,59,48,20966,0.909587852,Ragi
2006,DAVANGERE,Rabi       ,1014.08557,301.8823333,334,142,52,85,430,1.28742515,Ragi
2006,DAVANGERE,Summer     ,1016.301839,300.5010167,20,111,31,38,43,2.15,Ragi
2006,DAVANGERE,Kharif     ,1014.646626,300.5545773,70785,106,27,87,237700,3.358056085,Rice
2006,DAVANGERE,Summer     ,1016.267281,300.7801071,54551,65,43,77,192576,3.530201096,Rice
2006,DHARWAD,Kharif     ,1015.857951,299.0733146,35648,105,35,89,142175,3.988302289,Maize
2006,DHARWAD,Rabi       ,1016.560471,298.9190544,287,59,69,76,834,2.905923345,Maize
2006,DHARWAD,Summer     ,1017.449037,300.5133268,226,79,23,56,724,3.203539823,Maize
2006,DHARWAD,Kharif     ,1016.310736,299.6965551,95,74,57,80,85,0.894736842,Ragi
2006,DHARWAD,Kharif     ,1016.967357,299.092209,24429,133,63,49,32376,1.325310082,Rice
2006,DHARWAD,Summer     ,1017.277547,300.6388375,139,54,46,90,397,2.856115108,Rice
2006,GADAG,Kharif     ,1017.429205,300.2136661,27557,114,28,92,97206,3.52745219,Maize
2006,GADAG,Rabi       ,1017.496466,300.2134384,615,143,66,44,1364,2.217886179,Maize
2006,GADAG,Summer     ,1015.212153,300.2701404,39,98,35,84,125,3.205128205,Maize
2006,GADAG,Kharif     ,1016.832915,300.3133517,57,52,75,25,51,0.894736842,Ragi
2006,GADAG,Kharif     ,1017.474301,301.706071,1495,94,31,37,4122,2.757190635,Rice
2006,GADAG,Summer     ,1017.078015,301.430423,883,63,50,29,1359,1.539071348,Rice
2006,GULBARGA,Kharif     ,1017.246728,300.4703717,1985,79,43,30,3015,1.518891688,Maize
2006,GULBARGA,Rabi       ,1017.420354,301.0668722,94,117,74,84,293,3.117021277,Maize
2006,GULBARGA,Summer     ,1015.801413,300.9800045,319,67,33,96,1022,3.203761755,Maize
2006,GULBARGA,Kharif     ,1016.750796,301.9162625,47975,111,64,84,107324,2.237081813,Rice
2006,GULBARGA,Rabi       ,1014.322117,300.6898301,4237,86,44,71,5543,1.30823696,Rice
2006,GULBARGA,Summer     ,1015.079548,301.0200816,35031,74,53,86,75944,2.167908424,Rice
2006,HASSAN,Kharif     ,1014.280621,296.8491194,34116,97,22,97,106492,3.121467933,Maize
2006,HASSAN,Rabi       ,1016.61973,297.9637673,6848,114,77,50,22729,3.319071262,Maize
2006,HASSAN,Summer     ,1017.46502,297.8673018,215,102,43,36,689,3.204651163,Maize
2006,HASSAN,Kharif     ,1017.066049,297.6847728,50273,128,73,74,66852,1.329779404,Ragi
2006,HASSAN,Rabi       ,1017.372094,297.947203,30450,122,61,55,24878,0.817011494,Ragi
2006,HASSAN,Summer     ,1017.421361,297.1080566,194,64,28,45,412,2.12371134,Ragi
2006,HASSAN,Kharif     ,1017.221961,298.2471462,48517,98,45,72,117396,2.419687944,Rice
2006,HASSAN,Rabi       ,1014.630813,297.1872457,373,137,39,36,944,2.530831099,Rice
2006,HASSAN,Summer     ,1015.952387,297.2864829,2850,117,59,44,8160,2.863157895,Rice
2006,HAVERI,Kharif     ,1014.846577,299.6830225,127899,61,29,21,336397,2.630176936,Maize
2006,HAVERI,Rabi       ,1014.939955,299.6498743,1398,108,38,24,2426,1.735336195,Maize
2006,HAVERI,Summer     ,1015.1399,300.9276013,1017,86,22,23,4196,4.125860374,Maize
2006,HAVERI,Kharif     ,1016.779317,299.8377272,1272,110,43,55,1328,1.044025157,Ragi
2006,HAVERI,Kharif     ,1015.965911,299.1809386,36385,92,24,25,68978,1.895781229,Rice
2006,HAVERI,Summer     ,1017.551042,300.791469,3172,119,22,40,10719,3.37925599,Rice
2006,KODAGU,Kharif     ,1016.729636,307.6765841,2500,88,77,96,11428,4.5712,Maize
2006,KODAGU,Rabi       ,1016.7518,306.5463047,50,105,46,45,158,3.16,Maize
2006,KODAGU,Summer     ,1016.606377,306.8006632,100,112,35,74,320,3.2,Maize
2006,KODAGU,Kharif     ,1014.51876,307.1098511,435,95,68,58,450,1.034482759,Ragi
2006,KODAGU,Rabi       ,1016.864118,307.0440579,150,137,34,52,264,1.76,Ragi
2006,KODAGU,Summer     ,1014.050935,306.8218546,150,60,54,33,171,1.14,Ragi
2006,KODAGU,Kharif     ,1017.408904,307.6017129,34298,111,31,75,84576,2.46591638,Rice
2006,KODAGU,Rabi       ,1016.224879,307.1279956,15,126,60,40,34,2.266666667,Rice
2006,KODAGU,Summer     ,1017.080462,306.892313,307,147,72,65,707,2.302931596,Rice
2006,KOLAR,Kharif     ,1016.417361,301.2633311,20465,74,63,35,39468,1.928560958,Maize
2006,KOLAR,Rabi       ,1015.732179,301.1314861,2369,120,45,35,5200,2.195018995,Maize
2006,KOLAR,Summer     ,1015.272635,302.1673253,1118,101,66,48,3582,3.203935599,Maize
2006,KOLAR,Kharif     ,1015.698978,301.096467,62021,53,53,27,72276,1.165347221,Ragi
2006,KOLAR,Rabi       ,1016.095141,302.3323609,80,108,42,22,160,2,Ragi
2006,KOLAR,Summer     ,1017.644171,301.4098869,417,121,50,38,886,2.12470024,Ragi
2006,KOLAR,Kharif     ,1014.987193,301.2303952,9734,69,69,85,18143,1.863879186,Rice
2006,KOLAR,Summer     ,1014.112379,300.8257959,521,142,39,98,1409,2.704414587,Rice
2006,KOPPAL,Kharif     ,1015.302787,303.0349644,15344,112,31,93,26306,1.714416058,Maize
2006,KOPPAL,Rabi       ,1017.596289,302.6280817,1928,103,42,41,5115,2.653008299,Maize
2006,KOPPAL,Summer     ,1016.745665,301.9670004,256,123,23,65,820,3.203125,Maize
2006,KOPPAL,Kharif     ,1017.599179,303.5276918,39882,147,42,32,141720,3.553482774,Rice
2006,KOPPAL,Summer     ,1016.431585,302.9896904,36314,106,67,52,98424,2.710359641,Rice
2006,MANDYA,Kharif     ,1017.092588,300.3092866,2347,139,74,24,4584,1.953131657,Maize
2006,MANDYA,Rabi       ,1016.392813,300.4292188,760,90,67,96,1615,2.125,Maize
2006,MANDYA,Summer     ,1014.880077,300.5245469,145,52,20,46,465,3.206896552,Maize
2006,MANDYA,Kharif     ,1014.036457,299.4367825,14700,55,73,97,16051,1.091904762,Ragi
2006,MANDYA,Rabi       ,1016.675206,298.9968988,3969,54,44,43,9761,2.45930965,Ragi
2006,MANDYA,Summer     ,1016.927484,299.9065488,1992,54,21,86,4648,2.333333333,Ragi
2006,MANDYA,Kharif     ,1015.878746,299.7430822,56683,103,49,82,170969,3.016230616,Rice
2006,MANDYA,Rabi       ,1016.747827,299.414396,13,96,22,67,37,2.846153846,Rice
2006,MANDYA,Summer     ,1015.636048,298.91196,12848,136,77,82,38667,3.009573474,Rice
2006,MYSORE,Kharif     ,1015.944337,299.0707785,23868,98,40,97,94829,3.973060164,Maize
2006,MYSORE,Rabi       ,1016.390186,298.4528102,2462,58,44,31,7439,3.021527214,Maize
2006,MYSORE,Summer     ,1014.552088,299.9252029,374,148,39,47,1198,3.203208556,Maize
2006,MYSORE,Kharif     ,1014.140564,299.9851563,48661,69,68,63,78258,1.608228355,Ragi
2006,MYSORE,Rabi       ,1016.40196,298.5910466,18181,110,71,62,24358,1.339750289,Ragi
2006,MYSORE,Summer     ,1017.151348,298.3827322,739,84,41,36,1406,1.902571042,Ragi
2006,MYSORE,Kharif     ,1014.887353,299.3482949,100912,99,40,59,276379,2.738812034,Rice
2006,MYSORE,Rabi       ,1016.130908,299.3982871,202,131,52,68,465,2.301980198,Rice
2006,MYSORE,Summer     ,1016.986887,299.2341434,13280,111,71,76,40624,3.059036145,Rice
2006,RAICHUR,Kharif     ,1017.55848,303.1053406,625,66,57,83,2278,3.6448,Maize
2006,RAICHUR,Rabi       ,1017.337754,303.8340045,40,137,34,94,126,3.15,Maize
2006,RAICHUR,Summer     ,1014.540611,304.5813705,141,52,77,76,452,3.205673759,Maize
2006,RAICHUR,Kharif     ,1014.997241,304.8564386,81530,81,77,93,285068,3.496479823,Rice
2006,RAICHUR,Summer     ,1017.337558,304.1601284,56238,148,65,93,130306,2.317045414,Rice
2006,SHIMOGA,Kharif     ,1014.478154,299.8427678,57437,62,71,89,179506,3.125267685,Maize
2006,SHIMOGA,Rabi       ,1016.970616,300.1755407,22,138,34,95,69,3.136363636,Maize
2006,SHIMOGA,Summer     ,1015.786779,301.124086,1089,122,65,62,3490,3.204775023,Maize
2006,SHIMOGA,Kharif     ,1015.039878,301.3656096,2216,117,44,42,3173,1.431859206,Ragi
2006,SHIMOGA,Summer     ,1017.525399,300.7560195,31,63,40,46,66,2.129032258,Ragi
2006,SHIMOGA,Kharif     ,1016.238687,301.2180151,117493,147,43,77,267405,2.275922821,Rice
2006,SHIMOGA,Summer     ,1015.535711,300.1079088,15189,60,76,56,47313,3.11495161,Rice
2006,TUMKUR,Kharif     ,1017.761958,301.9173987,12823,105,77,25,21857,1.704515324,Maize
2006,TUMKUR,Rabi       ,1014.71259,302.3164444,837,116,24,84,2637,3.150537634,Maize
2006,TUMKUR,Summer     ,1014.513305,302.3504965,345,141,25,25,1106,3.205797101,Maize
2006,TUMKUR,Kharif     ,1016.110443,301.8589725,115688,78,68,69,76930,0.664978217,Ragi
2006,TUMKUR,Rabi       ,1016.760615,301.3022378,491,58,62,41,809,1.647657841,Ragi
2006,TUMKUR,Summer     ,1014.867496,301.2144732,854,116,67,44,1815,2.12529274,Ragi
2006,TUMKUR,Kharif     ,1016.577949,301.7760493,23853,74,63,98,56459,2.366955938,Rice
2006,TUMKUR,Rabi       ,1014.308071,301.254316,140,147,66,91,322,2.3,Rice
2006,TUMKUR,Summer     ,1017.748422,300.8637477,5023,125,42,70,18023,3.588094764,Rice
2006,UDUPI,Rabi       ,1014.832115,304.7090952,30,91,23,67,95,3.166666667,Maize
2006,UDUPI,Summer     ,1017.678784,304.0200532,6,58,46,89,19,3.166666667,Maize
2006,UDUPI,Kharif     ,1014.025795,304.2057407,51355,128,37,84,131763,2.565728751,Rice
2006,UDUPI,Rabi       ,1017.268949,304.6399322,10912,89,40,79,24184,2.21627566,Rice
2006,UDUPI,Summer     ,1017.299849,303.4544135,160,74,47,65,404,2.525,Rice
2006,UTTAR KANNAD,Kharif     ,1014.890528,297.6950148,1980,54,54,55,1581,0.798484848,Maize
2006,UTTAR KANNAD,Rabi       ,1017.502598,296.743186,18,60,41,77,18,1,Maize
2006,UTTAR KANNAD,Summer     ,1016.928557,297.8084653,43,108,59,95,131,3.046511628,Maize
2006,UTTAR KANNAD,Kharif     ,1015.675462,298.0892133,16,147,42,57,14,0.875,Ragi
2006,UTTAR KANNAD,Rabi       ,1014.025814,297.3829634,7,137,22,30,7,1,Ragi
2006,UTTAR KANNAD,Kharif     ,1016.554465,296.8272391,77829,128,59,31,154515,1.985313958,Rice
2006,UTTAR KANNAD,Rabi       ,1016.256018,297.969575,1913,87,69,61,4791,2.504443283,Rice
2006,UTTAR KANNAD,Summer     ,1016.139095,297.7347381,1442,121,29,58,3717,2.577669903,Rice
2007,BAGALKOT,Kharif     ,1014.9468,302.6767199,49303,54,44,90,194845,3.951990751,Maize
2007,BAGALKOT,Rabi       ,1015.473383,302.9992174,16147,97,71,30,67418,4.175264755,Maize
2007,BAGALKOT,Summer     ,1017.556944,302.1179225,1735,139,68,55,7618,4.390778098,Maize
2007,BAGALKOT,Kharif     ,1017.68937,303.3962945,68,67,27,71,206,3.029411765,Rice
2007,BANGALORE RURAL,Kharif     ,1017.457351,300.6857296,8270,119,74,50,38651,4.673639661,Maize
2007,BANGALORE RURAL,Rabi       ,1017.279808,299.9054196,110,86,30,52,393,3.572727273,Maize
2007,BANGALORE RURAL,Summer     ,1015.484865,299.5769939,85,109,24,32,274,3.223529412,Maize
2007,BANGALORE RURAL,Kharif     ,1015.254192,299.6100666,47641,97,77,37,110869,2.327176172,Ragi
2007,BANGALORE RURAL,Rabi       ,1016.502773,299.4221579,108,126,64,60,234,2.166666667,Ragi
2007,BANGALORE RURAL,Summer     ,1017.504961,301.1322488,139,77,72,77,289,2.079136691,Ragi
2007,BANGALORE RURAL,Kharif     ,1016.335765,300.5485265,1990,118,74,75,5928,2.978894472,Rice
2007,BANGALORE RURAL,Rabi       ,1017.257894,299.9092865,16,126,56,43,35,2.1875,Rice
2007,BANGALORE RURAL,Summer     ,1017.821015,301.0231823,100,130,75,92,305,3.05,Rice
2007,BELGAUM,Kharif     ,1017.219683,299.021666,120888,89,78,50,392785,3.249164516,Maize
2007,BELGAUM,Rabi       ,1015.772603,299.5756662,28881,94,64,74,96184,3.330355597,Maize
2007,BELGAUM,Summer     ,1014.123256,299.692454,3017,145,57,29,9339,3.095459065,Maize
2007,BELGAUM,Kharif     ,1016.767188,299.7812801,1111,111,48,79,496,0.446444644,Ragi
2007,BELGAUM,Kharif     ,1015.428564,298.3056671,69259,142,24,21,100026,1.444231075,Rice
2007,BELGAUM,Summer     ,1014.124972,298.1709037,165,107,28,34,495,3,Rice
2007,BELLARY,Kharif     ,1017.671318,303.4292418,91886,116,78,22,260481,2.834827939,Maize
2007,BELLARY,Rabi       ,1014.618259,304.2909084,2886,105,67,62,9162,3.174636175,Maize
2007,BELLARY,Summer     ,1014.793747,304.2824527,1416,89,21,50,4001,2.825564972,Maize
2007,BELLARY,Kharif     ,1014.563474,303.644775,3766,147,20,89,2700,0.716941052,Ragi
2007,BELLARY,Summer     ,1016.008151,304.2514789,63,89,59,86,131,2.079365079,Ragi
2007,BELLARY,Kharif     ,1014.576046,303.6036918,76597,140,79,75,283719,3.704048461,Rice
2007,BELLARY,Rabi       ,1015.652773,304.6094431,367,126,70,82,1414,3.852861035,Rice
2007,BELLARY,Summer     ,1017.776233,305.0680991,40890,82,49,94,131492,3.215749572,Rice
2007,BENGALURU URBAN,Kharif     ,1016.181935,302.7705207,601,55,30,34,2005,3.336106489,Maize
2007,BENGALURU URBAN,Rabi       ,1014.647413,302.2306904,133,137,47,29,475,3.571428571,Maize
2007,BENGALURU URBAN,Summer     ,1017.317368,301.9684576,104,68,63,57,336,3.230769231,Maize
2007,BENGALURU URBAN,Kharif     ,1016.191445,301.5372245,28075,129,31,66,69342,2.469884239,Ragi
2007,BENGALURU URBAN,Rabi       ,1015.264538,302.9418945,147,89,58,76,318,2.163265306,Ragi
2007,BENGALURU URBAN,Summer     ,1016.198928,302.9539925,123,141,45,69,256,2.081300813,Ragi
2007,BENGALURU URBAN,Kharif     ,1017.966498,302.7900483,1523,146,32,90,4752,3.120157584,Rice
2007,BENGALURU URBAN,Summer     ,1014.852645,301.2837954,517,108,78,34,1642,3.176015474,Rice
2007,BIDAR,Kharif     ,1017.453924,299.644286,433,108,27,37,927,2.140877598,Maize
2007,BIDAR,Rabi       ,1017.885356,299.8642611,77,97,73,21,216,2.805194805,Maize
2007,BIDAR,Kharif     ,1017.529814,299.3064924,6812,90,47,62,4223,0.619935408,Rice
2007,BIDAR,Rabi       ,1017.225736,299.6332565,26,62,77,45,45,1.730769231,Rice
2007,BIJAPUR,Kharif     ,1016.695764,301.9428719,45259,94,49,90,134598,2.973949933,Maize
2007,BIJAPUR,Rabi       ,1017.81628,301.6669049,7451,138,28,57,21787,2.924037042,Maize
2007,BIJAPUR,Summer     ,1014.132355,300.5242232,3547,102,58,61,9506,2.680011277,Maize
2007,BIJAPUR,Kharif     ,1017.23266,301.4840776,20,91,50,24,45,2.25,Rice
2007,CHAMARAJANAGAR,Kharif     ,1015.439579,295.9491775,30951,149,77,30,75660,2.444509063,Maize
2007,CHAMARAJANAGAR,Rabi       ,1015.748221,294.4440628,1036,112,40,84,3075,2.968146718,Maize
2007,CHAMARAJANAGAR,Summer     ,1015.704673,294.5899441,4042,76,75,53,14173,3.506432459,Maize
2007,CHAMARAJANAGAR,Kharif     ,1016.395431,294.9516364,17971,87,66,20,15532,0.864281342,Ragi
2007,CHAMARAJANAGAR,Rabi       ,1017.906769,294.5911768,690,109,53,21,1102,1.597101449,Ragi
2007,CHAMARAJANAGAR,Summer     ,1015.007716,295.2952155,350,56,74,39,603,1.722857143,Ragi
2007,CHAMARAJANAGAR,Kharif     ,1017.274605,295.1723499,16478,54,50,80,43550,2.64291783,Rice
2007,CHAMARAJANAGAR,Rabi       ,1014.017121,294.7064144,130,94,71,40,330,2.538461538,Rice
2007,CHAMARAJANAGAR,Summer     ,1015.494581,295.2185333,3093,107,44,87,7475,2.416747494,Rice
2007,CHIKBALLAPUR,Kharif     ,1014.726533,305.3206954,32608,80,31,31,57155,1.752790726,Maize
2007,CHIKBALLAPUR,Rabi       ,1015.638063,305.139922,239,72,20,41,837,3.50209205,Maize
2007,CHIKBALLAPUR,Summer     ,1014.430347,305.2681904,656,91,74,39,1534,2.338414634,Maize
2007,CHIKBALLAPUR,Kharif     ,1014.68317,303.9670798,37310,59,41,20,52440,1.405521308,Ragi
2007,CHIKBALLAPUR,Rabi       ,1015.226773,305.716109,44,81,59,49,95,2.159090909,Ragi
2007,CHIKBALLAPUR,Summer     ,1017.191928,303.9224014,238,102,56,43,494,2.075630252,Ragi
2007,CHIKBALLAPUR,Kharif     ,1014.382024,304.7823532,3974,79,66,33,10646,2.678912934,Rice
2007,CHIKBALLAPUR,Rabi       ,1016.938772,303.7308672,110,88,20,55,239,2.172727273,Rice
2007,CHIKBALLAPUR,Summer     ,1016.198533,305.0254131,1796,80,20,88,5443,3.030623608,Rice
2007,CHIKMAGALUR,Kharif     ,1016.183179,297.6599135,4209,131,76,94,12300,2.922309337,Maize
2007,CHIKMAGALUR,Kharif     ,1016.671045,297.1776519,52441,149,61,43,77935,1.486146336,Ragi
2007,CHIKMAGALUR,Rabi       ,1014.583401,298.1049314,22,51,73,79,48,2.181818182,Ragi
2007,CHIKMAGALUR,Kharif     ,1015.317672,297.6196606,38745,127,61,74,102482,2.645038069,Rice
2007,CHIKMAGALUR,Summer     ,1016.19016,298.0471274,3262,126,40,96,8510,2.608828939,Rice
2007,CHITRADURGA,Kharif     ,1016.599655,301.1790553,62178,142,34,99,177038,2.847277172,Maize
2007,CHITRADURGA,Rabi       ,1016.129904,300.9716258,2616,61,36,43,9034,3.453363914,Maize
2007,CHITRADURGA,Summer     ,1016.428613,300.8042534,227,88,41,96,733,3.22907489,Maize
2007,CHITRADURGA,Kharif     ,1014.950645,301.5368606,57318,115,57,43,74608,1.301650441,Ragi
2007,CHITRADURGA,Rabi       ,1014.970334,301.826861,310,145,54,73,558,1.8,Ragi
2007,CHITRADURGA,Summer     ,1017.648547,301.7108315,1349,62,64,45,2530,1.875463306,Ragi
2007,CHITRADURGA,Kharif     ,1017.333934,302.6791088,2728,95,35,85,6857,2.51356305,Rice
2007,CHITRADURGA,Rabi       ,1015.501203,302.2849041,436,76,27,99,944,2.165137615,Rice
2007,CHITRADURGA,Summer     ,1016.706946,301.0355912,3510,66,66,57,8760,2.495726496,Rice
2007,DAKSHIN KANNAD,Summer     ,1017.074967,300.6967175,13,144,36,84,27,2.076923077,Maize
2007,DAKSHIN KANNAD,Kharif     ,1015.028882,299.4261362,33029,147,36,94,77189,2.337006873,Rice
2007,DAKSHIN KANNAD,Rabi       ,1017.654265,299.7068718,21355,109,73,70,46714,2.187497073,Rice
2007,DAKSHIN KANNAD,Summer     ,1016.646444,299.8284185,1561,113,45,54,3556,2.278026906,Rice
2007,DAVANGERE,Kharif     ,1014.246274,301.5232369,171573,137,32,62,533576,3.10990657,Maize
2007,DAVANGERE,Rabi       ,1016.164112,300.551025,543,84,36,48,1159,2.134438306,Maize
2007,DAVANGERE,Summer     ,1014.417754,301.8913747,166,119,57,56,536,3.228915663,Maize
2007,DAVANGERE,Kharif     ,1017.136841,302.3193947,23300,132,36,77,36791,1.579012876,Ragi
2007,DAVANGERE,Rabi       ,1015.223068,301.4256116,341,79,67,73,335,0.982404692,Ragi
2007,DAVANGERE,Summer     ,1016.617424,300.7797349,58,120,33,58,121,2.086206897,Ragi
2007,DAVANGERE,Kharif     ,1017.331338,302.0520151,22074,123,64,61,67328,3.050104195,Rice
2007,DAVANGERE,Summer     ,1015.650184,301.4769429,56058,145,25,47,203861,3.636608513,Rice
2007,DHARWAD,Kharif     ,1016.006465,300.2582676,40453,147,54,48,87212,2.155884607,Maize
2007,DHARWAD,Rabi       ,1017.255003,299.4164241,772,112,65,62,2137,2.768134715,Maize
2007,DHARWAD,Summer     ,1017.722995,300.3597672,152,77,33,22,491,3.230263158,Maize
2007,DHARWAD,Kharif     ,1015.454517,300.6537628,108,109,66,29,150,1.388888889,Ragi
2007,DHARWAD,Kharif     ,1014.467733,299.457475,25693,128,27,78,44801,1.743704511,Rice
2007,DHARWAD,Summer     ,1016.407591,300.5317692,259,143,34,33,791,3.054054054,Rice
2007,GADAG,Kharif     ,1015.478539,300.9661666,41095,86,73,95,143408,3.489670276,Maize
2007,GADAG,Rabi       ,1014.662157,301.7492649,1311,142,46,66,1167,0.890160183,Maize
2007,GADAG,Summer     ,1015.255703,300.0058591,17,71,32,61,55,3.235294118,Maize
2007,GADAG,Kharif     ,1016.337749,300.3138343,27,117,68,51,38,1.407407407,Ragi
2007,GADAG,Kharif     ,1016.252884,301.1840955,1473,69,50,51,3705,2.515274949,Rice
2007,GADAG,Summer     ,1016.278777,301.8626878,517,145,72,61,1223,2.3655706,Rice
2007,GULBARGA,Kharif     ,1016.300852,301.3331261,2087,149,75,51,4887,2.341638716,Maize
2007,GULBARGA,Rabi       ,1015.13667,300.7863867,276,117,54,45,955,3.460144928,Maize
2007,GULBARGA,Summer     ,1015.785085,301.0154073,318,140,79,20,1027,3.229559748,Maize
2007,GULBARGA,Kharif     ,1016.847098,301.9764071,52131,113,25,75,141389,2.712186607,Rice
2007,GULBARGA,Rabi       ,1017.631084,300.4467441,3448,66,24,21,5477,1.588457077,Rice
2007,GULBARGA,Summer     ,1015.607253,302.0872914,35232,61,41,49,76379,2.167887148,Rice
2007,HASSAN,Kharif     ,1016.852971,297.9532003,39669,71,77,90,123676,3.117698959,Maize
2007,HASSAN,Rabi       ,1016.202175,297.0415311,7299,66,68,71,23706,3.24784217,Maize
2007,HASSAN,Summer     ,1016.05442,297.2319375,465,59,42,28,1501,3.227956989,Maize
2007,HASSAN,Kharif     ,1015.796371,297.2654396,59178,114,44,41,79869,1.349640069,Ragi
2007,HASSAN,Rabi       ,1014.418043,297.6996747,16284,71,53,53,18143,1.11416114,Ragi
2007,HASSAN,Summer     ,1015.775322,297.6924711,189,139,45,68,393,2.079365079,Ragi
2007,HASSAN,Kharif     ,1016.836062,298.6118971,46186,131,66,20,113954,2.467284458,Rice
2007,HASSAN,Rabi       ,1015.724451,296.6533866,220,99,24,92,446,2.027272727,Rice
2007,HASSAN,Summer     ,1016.997515,298.1795211,6019,63,45,72,14249,2.367336767,Rice
2007,HAVERI,Kharif     ,1015.643542,300.4397851,137735,113,39,59,331828,2.409177043,Maize
2007,HAVERI,Rabi       ,1015.273047,299.4030334,1750,96,25,64,5120,2.925714286,Maize
2007,HAVERI,Summer     ,1016.569203,299.8597553,1031,78,25,87,3147,3.052376334,Maize
2007,HAVERI,Kharif     ,1015.040786,300.9460815,920,125,78,28,960,1.043478261,Ragi
2007,HAVERI,Kharif     ,1016.690656,300.138749,37740,85,69,41,92017,2.4381823,Rice
2007,HAVERI,Summer     ,1015.793715,299.7712882,4127,148,37,37,12395,3.003392295,Rice
2007,KODAGU,Kharif     ,1017.105399,307.8256861,2685,101,23,95,11389,4.241713222,Maize
2007,KODAGU,Rabi       ,1017.670255,306.0605457,45,125,36,62,161,3.577777778,Maize
2007,KODAGU,Summer     ,1017.022101,306.1086209,410,56,76,58,1324,3.229268293,Maize
2007,KODAGU,Kharif     ,1016.474274,307.8482536,274,78,33,92,432,1.576642336,Ragi
2007,KODAGU,Rabi       ,1016.230873,306.0226811,20,60,33,25,30,1.5,Ragi
2007,KODAGU,Summer     ,1015.793395,306.6164707,60,82,32,67,122,2.033333333,Ragi
2007,KODAGU,Kharif     ,1017.02744,305.9916596,36752,55,26,26,94257,2.564676752,Rice
2007,KODAGU,Rabi       ,1014.72307,306.0498806,25,128,63,99,54,2.16,Rice
2007,KODAGU,Summer     ,1014.213565,307.4981045,421,81,74,88,1165,2.767220903,Rice
2007,KOLAR,Kharif     ,1014.46748,300.9984838,932,100,34,35,2906,3.118025751,Maize
2007,KOLAR,Summer     ,1016.522693,301.9521942,109,124,38,20,352,3.229357798,Maize
2007,KOLAR,Kharif     ,1016.264344,302.5226237,60285,107,62,56,72434,1.201526084,Ragi
2007,KOLAR,Rabi       ,1017.046037,302.1083964,75,136,66,56,162,2.16,Ragi
2007,KOLAR,Summer     ,1017.812322,302.0379867,330,75,63,83,686,2.078787879,Ragi
2007,KOLAR,Kharif     ,1017.761069,301.698137,4759,147,54,81,7223,1.517755831,Rice
2007,KOLAR,Summer     ,1016.033463,302.1106109,801,95,36,91,2409,3.007490637,Rice
2007,KOPPAL,Kharif     ,1016.100618,302.8406575,24263,147,54,80,70315,2.898034044,Maize
2007,KOPPAL,Rabi       ,1014.264018,302.2310197,2365,78,38,52,7582,3.205919662,Maize
2007,KOPPAL,Summer     ,1014.261422,302.434169,544,53,39,85,1756,3.227941176,Maize
2007,KOPPAL,Kharif     ,1016.144958,302.3679738,38476,130,55,49,145069,3.770376338,Rice
2007,KOPPAL,Summer     ,1016.268303,301.7448865,36714,148,54,39,136130,3.707849867,Rice
2007,MANDYA,Kharif     ,1016.816311,299.3174067,2101,62,51,79,6948,3.306996668,Maize
2007,MANDYA,Rabi       ,1017.118571,299.3221521,12,88,77,93,43,3.583333333,Maize
2007,MANDYA,Summer     ,1017.247215,299.2114604,55,64,67,43,178,3.236363636,Maize
2007,MANDYA,Kharif     ,1015.265681,300.6158876,61094,78,63,23,113067,1.85070547,Ragi
2007,MANDYA,Rabi       ,1014.850277,299.1653732,3390,78,59,56,7372,2.174631268,Ragi
2007,MANDYA,Summer     ,1015.737161,298.8357636,3240,124,43,23,7267,2.242901235,Ragi
2007,MANDYA,Kharif     ,1015.549173,299.852607,64691,81,36,96,209714,3.241780155,Rice
2007,MANDYA,Rabi       ,1016.434585,298.6963697,53,51,26,96,134,2.528301887,Rice
2007,MANDYA,Summer     ,1016.481694,298.8043943,21977,96,62,37,68188,3.102698275,Rice
2007,MYSORE,Kharif     ,1016.293472,298.4039074,25387,127,69,85,87986,3.465789577,Maize
2007,MYSORE,Rabi       ,1017.299785,299.1955009,3105,133,20,67,8409,2.70821256,Maize
2007,MYSORE,Summer     ,1016.308538,299.1843716,203,71,54,52,655,3.226600985,Maize
2007,MYSORE,Kharif     ,1014.469728,298.9038244,64082,124,51,77,108905,1.699463188,Ragi
2007,MYSORE,Rabi       ,1015.059263,298.5274246,15858,76,55,92,31549,1.989469038,Ragi
2007,MYSORE,Summer     ,1017.995875,299.0022787,660,116,32,47,1235,1.871212121,Ragi
2007,MYSORE,Kharif     ,1015.995783,298.5853555,105745,130,25,54,315901,2.987384746,Rice
2007,MYSORE,Rabi       ,1016.450292,299.6359536,200,105,77,29,435,2.175,Rice
2007,MYSORE,Summer     ,1014.381612,300.0672364,16841,141,33,84,53740,3.191021911,Rice
2007,RAICHUR,Kharif     ,1015.848766,304.4172262,606,142,56,61,1188,1.96039604,Maize
2007,RAICHUR,Rabi       ,1017.171698,304.2327999,369,70,67,28,1312,3.555555556,Maize
2007,RAICHUR,Summer     ,1014.43079,304.9188801,193,96,34,79,623,3.227979275,Maize
2007,RAICHUR,Kharif     ,1016.225296,304.0849955,96323,129,66,34,286365,2.972965958,Rice
2007,RAICHUR,Summer     ,1014.264053,303.6952107,63904,108,23,76,175509,2.746447797,Rice
2007,RAMANAGARA,Kharif     ,1016.558378,302.9245726,1669,133,59,88,12220,7.321749551,Maize
2007,RAMANAGARA,Rabi       ,1017.597347,301.9315165,60,55,78,41,214,3.566666667,Maize
2007,RAMANAGARA,Summer     ,1016.708642,302.3340066,146,68,35,83,471,3.226027397,Maize
2007,RAMANAGARA,Kharif     ,1016.802839,301.8453483,74200,106,47,60,164366,2.215175202,Ragi
2007,RAMANAGARA,Rabi       ,1015.284947,302.407625,33,118,35,90,71,2.151515152,Ragi
2007,RAMANAGARA,Summer     ,1015.717293,302.2496511,173,52,23,75,359,2.075144509,Ragi
2007,RAMANAGARA,Kharif     ,1014.298536,303.3832309,5784,50,64,42,15901,2.749135546,Rice
2007,RAMANAGARA,Summer     ,1017.60456,302.555478,290,107,45,44,905,3.120689655,Rice
2007,SHIMOGA,Kharif     ,1017.267243,300.6752821,54816,87,47,25,119668,2.183085231,Maize
2007,SHIMOGA,Rabi       ,1015.710432,300.8706167,19,64,51,53,68,3.578947368,Maize
2007,SHIMOGA,Summer     ,1014.843553,301.1337795,979,83,64,82,3617,3.694586313,Maize
2007,SHIMOGA,Kharif     ,1017.983344,301.4627349,2050,110,21,28,2727,1.330243902,Ragi
2007,SHIMOGA,Summer     ,1016.452668,300.8201105,45,84,50,79,92,2.044444444,Ragi
2007,SHIMOGA,Kharif     ,1017.11782,300.5080225,114973,113,22,68,279602,2.431892705,Rice
2007,SHIMOGA,Summer     ,1016.927836,301.4464944,15004,74,73,70,44260,2.949880032,Rice
2007,TUMKUR,Kharif     ,1016.846381,301.0775483,20634,73,27,79,58445,2.832460987,Maize
2007,TUMKUR,Rabi       ,1014.654586,301.3527807,81,61,43,89,159,1.962962963,Maize
2007,TUMKUR,Summer     ,1014.392275,302.3192156,340,67,34,56,1098,3.229411765,Maize
2007,TUMKUR,Kharif     ,1014.883061,301.1078105,195661,64,62,50,306575,1.566868206,Ragi
2007,TUMKUR,Rabi       ,1014.73944,301.5746915,430,129,50,60,861,2.002325581,Ragi
2007,TUMKUR,Summer     ,1014.194759,300.6958914,1115,76,28,81,2317,2.078026906,Ragi
2007,TUMKUR,Kharif     ,1014.332241,301.7382099,18728,121,58,77,54575,2.914085861,Rice
2007,TUMKUR,Rabi       ,1017.649355,302.1373277,1525,109,64,33,3315,2.173770492,Rice
2007,TUMKUR,Summer     ,1016.97382,302.5608441,9619,95,21,55,27506,2.85954881,Rice
2007,UDUPI,Rabi       ,1017.122263,303.9479275,15,138,27,55,54,3.6,Maize
2007,UDUPI,Summer     ,1014.378855,303.1117347,4,66,26,98,13,3.25,Maize
2007,UDUPI,Kharif     ,1014.858818,304.6155623,51353,142,75,27,124387,2.422195393,Rice
2007,UDUPI,Rabi       ,1015.950807,302.8120661,10505,102,63,45,23099,2.198857687,Rice
2007,UDUPI,Summer     ,1015.009133,304.038832,142,57,70,55,343,2.415492958,Rice
2007,UTTAR KANNAD,Kharif     ,1017.821437,297.6336569,2826,128,58,67,8409,2.975583864,Maize
2007,UTTAR KANNAD,Rabi       ,1016.268769,296.45375,56,76,61,47,145,2.589285714,Maize
2007,UTTAR KANNAD,Summer     ,1015.432418,296.9351665,52,95,76,87,168,3.230769231,Maize
2007,UTTAR KANNAD,Kharif     ,1017.2358,296.681651,19,99,35,81,26,1.368421053,Ragi
2007,UTTAR KANNAD,Rabi       ,1014.864593,297.3983382,7,120,54,99,13,1.857142857,Ragi
2007,UTTAR KANNAD,Kharif     ,1017.020988,296.3732513,77362,52,49,95,155370,2.008350353,Rice
2007,UTTAR KANNAD,Rabi       ,1017.65497,296.2732583,1909,142,29,99,4075,2.134625458,Rice
2007,UTTAR KANNAD,Summer     ,1015.890937,298.0218725,1706,113,57,70,3847,2.254982415,Rice
2008,BAGALKOT,Kharif     ,1015.479352,301.8496843,44405,93,37,61,160977,3.625199865,Maize
2008,BAGALKOT,Rabi       ,1015.167104,303.4805217,20427,102,69,48,73062,3.576736672,Maize
2008,BAGALKOT,Summer     ,1014.443978,303.4701426,2834,73,24,29,9192,3.243472124,Maize
2008,BAGALKOT,Kharif     ,1017.759266,302.3699459,87,109,72,58,266.13,3.058965517,Rice
2008,BANGALORE RURAL,Kharif     ,1017.998229,299.5034217,10115,52,48,20,48324,4.777459219,Maize
2008,BANGALORE RURAL,Rabi       ,1015.559583,300.4951601,85,69,58,58,268,3.152941176,Maize
2008,BANGALORE RURAL,Summer     ,1014.952719,299.7014234,152,95,79,40,478,3.144736842,Maize
2008,BANGALORE RURAL,Kharif     ,1017.645924,299.4322196,43788,64,53,84,100903,2.304352791,Ragi
2008,BANGALORE RURAL,Rabi       ,1015.553447,299.4475166,211,74,62,34,441,2.090047393,Ragi
2008,BANGALORE RURAL,Summer     ,1015.914922,300.8183966,217,143,64,23,432,1.99078341,Ragi
2008,BANGALORE RURAL,Kharif     ,1015.158772,299.2737308,1782,127,42,79,7753.48,4.350998878,Rice
2008,BANGALORE RURAL,Rabi       ,1017.713393,301.0578771,12,120,24,80,26,2.166666667,Rice
2008,BANGALORE RURAL,Summer     ,1015.191225,300.092526,439,66,49,39,1326,3.020501139,Rice
2008,BELGAUM,Kharif     ,1014.570264,298.2029714,104540,133,25,29,297062,2.841610867,Maize
2008,BELGAUM,Rabi       ,1017.370713,299.7310112,37921,149,75,53,119848,3.160465178,Maize
2008,BELGAUM,Summer     ,1017.228113,298.5057307,3283,58,77,67,9958,3.03320134,Maize
2008,BELGAUM,Kharif     ,1015.104241,298.8310729,969,87,65,52,326,0.336429309,Ragi
2008,BELGAUM,Kharif     ,1014.107052,299.5879982,71079,97,63,80,93184.57,1.311000014,Rice
2008,BELGAUM,Summer     ,1014.155146,299.6401789,160,109,23,29,483,3.01875,Rice
2008,BELLARY,Kharif     ,1014.427911,304.1590255,81737,112,48,73,221134,2.70543328,Maize
2008,BELLARY,Rabi       ,1016.944162,303.5074393,3418,135,42,84,7487,2.190462259,Maize
2008,BELLARY,Summer     ,1017.637104,304.8681603,2305,51,25,96,6160,2.672451193,Maize
2008,BELLARY,Kharif     ,1014.830821,303.760639,3576,137,51,20,1783,0.49860179,Ragi
2008,BELLARY,Rabi       ,1016.953363,304.9855066,54,121,61,24,79,1.462962963,Ragi
2008,BELLARY,Summer     ,1014.677771,304.9050756,69,60,37,99,137,1.985507246,Ragi
2008,BELLARY,Kharif     ,1017.010566,304.2460982,77958,113,34,34,283650.18,3.638499962,Rice
2008,BELLARY,Rabi       ,1014.200617,303.2275668,150,126,59,47,700,4.666666667,Rice
2008,BELLARY,Summer     ,1017.635765,304.4668477,44613,130,77,42,157154,3.522605519,Rice
2008,BENGALURU URBAN,Kharif     ,1017.513697,302.234993,697,121,51,36,1990,2.855093257,Maize
2008,BENGALURU URBAN,Rabi       ,1014.482108,302.314046,123,70,28,32,388,3.154471545,Maize
2008,BENGALURU URBAN,Summer     ,1015.916822,302.7168846,91,67,56,33,286,3.142857143,Maize
2008,BENGALURU URBAN,Kharif     ,1014.846271,302.2107762,24839,143,29,30,60948,2.453721969,Ragi
2008,BENGALURU URBAN,Rabi       ,1017.310171,302.975999,142,113,39,47,297,2.091549296,Ragi
2008,BENGALURU URBAN,Summer     ,1015.377279,301.5035648,97,131,25,61,193,1.989690722,Ragi
2008,BENGALURU URBAN,Kharif     ,1015.959768,301.276004,1652,144,67,80,5022.08,3.04,Rice
2008,BENGALURU URBAN,Summer     ,1014.845742,302.7148687,467,87,75,83,1813,3.882226981,Rice
2008,BIDAR,Kharif     ,1015.819972,299.2885188,560,81,78,50,1028,1.835714286,Maize
2008,BIDAR,Rabi       ,1017.303651,300.761234,134,60,22,92,284,2.119402985,Maize
2008,BIDAR,Summer     ,1016.783377,300.8979671,33,94,61,29,69,2.090909091,Maize
2008,BIDAR,Kharif     ,1014.276968,299.3062766,5503,138,30,27,4077.72,0.740999455,Rice
2008,BIJAPUR,Kharif     ,1015.28913,301.4337736,27843,82,62,40,77229,2.773731279,Maize
2008,BIJAPUR,Rabi       ,1014.754855,301.2867721,13677,90,36,96,29871,2.184031586,Maize
2008,BIJAPUR,Summer     ,1015.527056,301.6354526,3591,57,51,78,8020,2.233361181,Maize
2008,BIJAPUR,Kharif     ,1015.210815,302.0075451,12,60,23,69,37.05,3.0875,Rice
2008,CHAMARAJANAGAR,Kharif     ,1016.972501,295.1962915,35549,135,23,88,91273,2.567526513,Maize
2008,CHAMARAJANAGAR,Rabi       ,1014.726627,296.0675248,1462,100,36,89,5325,3.642270862,Maize
2008,CHAMARAJANAGAR,Summer     ,1016.589657,294.8365429,4420,137,60,49,17061,3.859954751,Maize
2008,CHAMARAJANAGAR,Kharif     ,1016.605551,295.5263684,19005,90,38,36,21709,1.142278348,Ragi
2008,CHAMARAJANAGAR,Rabi       ,1017.077788,294.7298647,660,66,24,94,823,1.246969697,Ragi
2008,CHAMARAJANAGAR,Summer     ,1014.035948,294.7596242,612,125,51,39,1398,2.284313725,Ragi
2008,CHAMARAJANAGAR,Kharif     ,1016.271723,295.0073802,15768,95,41,67,44789,2.840499746,Rice
2008,CHAMARAJANAGAR,Rabi       ,1016.686078,295.8983651,126,81,75,92,398,3.158730159,Rice
2008,CHAMARAJANAGAR,Summer     ,1015.871721,294.7473782,3400,128,25,21,10372,3.050588235,Rice
2008,CHIKBALLAPUR,Kharif     ,1016.362565,304.3141311,32293,129,54,56,114091,3.532994767,Maize
2008,CHIKBALLAPUR,Rabi       ,1016.624334,304.0207997,1455,103,41,20,4575,3.144329897,Maize
2008,CHIKBALLAPUR,Summer     ,1015.665426,305.4676678,1113,135,20,23,2971,2.669362084,Maize
2008,CHIKBALLAPUR,Kharif     ,1015.53611,303.8701893,40071,141,39,73,72005,1.79693544,Ragi
2008,CHIKBALLAPUR,Rabi       ,1015.092677,304.3079115,59,69,41,44,123,2.084745763,Ragi
2008,CHIKBALLAPUR,Summer     ,1016.402802,304.9836647,144,82,67,22,286,1.986111111,Ragi
2008,CHIKBALLAPUR,Kharif     ,1016.838394,305.0316211,5061,123,74,28,15014,2.96660739,Rice
2008,CHIKBALLAPUR,Summer     ,1017.093371,303.7561671,3061,89,30,95,9590,3.132963084,Rice
2008,CHIKMAGALUR,Kharif     ,1014.597192,296.7978727,4639,81,32,93,11375,2.452037077,Maize
2008,CHIKMAGALUR,Kharif     ,1016.787068,297.4547583,59297,146,78,53,97399,1.642562018,Ragi
2008,CHIKMAGALUR,Rabi       ,1016.32319,297.9361415,9,51,61,62,11,1.222222222,Ragi
2008,CHIKMAGALUR,Kharif     ,1017.696996,297.104661,40566,146,22,93,100583.4,2.479500074,Rice
2008,CHIKMAGALUR,Summer     ,1015.549801,296.397135,3223,82,28,41,7704,2.390319578,Rice
2008,CHITRADURGA,Kharif     ,1014.61297,301.9665116,64726,126,79,89,77388,1.195624633,Maize
2008,CHITRADURGA,Rabi       ,1016.148616,302.4893665,5209,79,31,21,11688,2.243808792,Maize
2008,CHITRADURGA,Summer     ,1014.340088,301.1125631,438,82,42,85,1378,3.146118721,Maize
2008,CHITRADURGA,Kharif     ,1016.424309,301.3628556,63871,126,33,51,60153,0.941788918,Ragi
2008,CHITRADURGA,Rabi       ,1016.529861,301.1536059,549,75,52,35,710,1.293260474,Ragi
2008,CHITRADURGA,Summer     ,1017.695525,302.4726989,1276,71,37,95,1843,1.444357367,Ragi
2008,CHITRADURGA,Kharif     ,1015.713104,302.0157848,5265,115,68,20,11253.94,2.137500475,Rice
2008,CHITRADURGA,Rabi       ,1015.170889,301.1602629,552,87,78,91,947,1.71557971,Rice
2008,CHITRADURGA,Summer     ,1014.689475,302.6196256,2850,139,60,67,5981,2.098596491,Rice
2008,DAKSHIN KANNAD,Summer     ,1014.601479,301.2400842,10,95,28,69,21,2.1,Maize
2008,DAKSHIN KANNAD,Kharif     ,1016.258641,300.4419539,32845,64,42,32,83311.34,2.536499924,Rice
2008,DAKSHIN KANNAD,Rabi       ,1017.909988,300.6357401,20919,147,29,34,47026,2.248004207,Rice
2008,DAKSHIN KANNAD,Summer     ,1017.151914,300.1371202,1608,93,38,72,3608,2.243781095,Rice
2008,DAVANGERE,Kharif     ,1014.043189,301.3563898,168478,98,66,63,426746,2.532947922,Maize
2008,DAVANGERE,Rabi       ,1016.378943,300.7537238,526,124,24,27,1371,2.606463878,Maize
2008,DAVANGERE,Summer     ,1015.782318,300.8113837,740,110,66,93,2328,3.145945946,Maize
2008,DAVANGERE,Kharif     ,1015.160985,300.9062807,20087,116,71,65,21221,1.056454423,Ragi
2008,DAVANGERE,Rabi       ,1015.211799,301.9177417,295,55,42,88,509,1.725423729,Ragi
2008,DAVANGERE,Summer     ,1017.58627,301.2084702,24,58,49,38,48,2,Ragi
2008,DAVANGERE,Kharif     ,1017.637324,302.1275024,70956,55,44,57,235254.62,3.315500028,Rice
2008,DAVANGERE,Summer     ,1014.077721,301.3883245,59252,122,47,30,211873,3.57579491,Rice
2008,DHARWAD,Kharif     ,1016.357221,299.6201216,38605,144,53,62,88303,2.287346199,Maize
2008,DHARWAD,Rabi       ,1015.520092,299.0659393,2713,81,64,39,7954,2.931809805,Maize
2008,DHARWAD,Summer     ,1015.277554,299.174817,358,90,75,39,1126,3.145251397,Maize
2008,DHARWAD,Kharif     ,1016.474762,300.7180365,62,125,67,40,40,0.64516129,Ragi
2008,DHARWAD,Kharif     ,1014.251802,300.6584496,32699,57,66,76,27647,0.845499862,Rice
2008,DHARWAD,Summer     ,1015.816442,300.3538178,135,121,44,69,408,3.022222222,Rice
2008,GADAG,Kharif     ,1015.490695,301.3333184,25630,99,29,93,61952,2.417167382,Maize
2008,GADAG,Rabi       ,1015.500117,300.4121925,2607,141,33,45,6013,2.306482547,Maize
2008,GADAG,Summer     ,1015.809532,300.8312232,46,111,61,49,145,3.152173913,Maize
2008,GADAG,Kharif     ,1016.015627,300.5400813,10,133,76,92,6,0.6,Ragi
2008,GADAG,Kharif     ,1016.386832,300.9508237,1100,111,65,50,1755.6,1.596,Rice
2008,GADAG,Summer     ,1016.225611,301.4660789,805,56,77,61,906,1.125465839,Rice
2008,GULBARGA,Kharif     ,1014.743553,302.08033,4202,124,49,87,8820,2.099000476,Maize
2008,GULBARGA,Rabi       ,1014.068912,300.9111567,864,133,74,80,2597,3.005787037,Maize
2008,GULBARGA,Summer     ,1017.567749,300.3699047,871,129,60,80,2741,3.14695752,Maize
2008,GULBARGA,Kharif     ,1017.555121,301.4690183,47292,53,44,89,122202.53,2.584000042,Rice
2008,GULBARGA,Rabi       ,1015.720699,301.7785802,5122,55,33,97,7980,1.557985162,Rice
2008,GULBARGA,Summer     ,1014.87383,301.1531222,40326,107,54,87,86388,2.142240738,Rice
2008,HASSAN,Kharif     ,1014.736111,296.8942266,33769,71,71,36,113332,3.356095828,Maize
2008,HASSAN,Rabi       ,1014.779597,298.2889863,7202,75,67,38,21848,3.033601777,Maize
2008,HASSAN,Summer     ,1015.661659,297.7061907,783,52,53,70,3118,3.982120051,Maize
2008,HASSAN,Kharif     ,1014.46411,297.2311018,55121,90,29,89,80225,1.455434408,Ragi
2008,HASSAN,Rabi       ,1016.008948,297.7540287,18666,109,54,82,19681,1.054376942,Ragi
2008,HASSAN,Summer     ,1017.854903,298.4355534,145,63,30,94,288,1.986206897,Ragi
2008,HASSAN,Kharif     ,1016.509183,298.047005,47315,124,30,99,115969.07,2.451000106,Rice
2008,HASSAN,Rabi       ,1014.397423,297.2383774,300,131,40,49,604,2.013333333,Rice
2008,HASSAN,Summer     ,1016.452981,298.1926955,5531,61,40,44,14739,2.664798409,Rice
2008,HAVERI,Kharif     ,1016.305459,299.7415588,120619,136,41,94,313857,2.602052745,Maize
2008,HAVERI,Rabi       ,1017.80072,299.4446484,2207,61,64,90,6508,2.948799275,Maize
2008,HAVERI,Summer     ,1014.259991,299.2528207,1567,62,26,45,4985,3.181238034,Maize
2008,HAVERI,Kharif     ,1016.678705,299.4391913,988,74,74,75,1254,1.269230769,Ragi
2008,HAVERI,Kharif     ,1017.518276,299.2081306,46954,94,36,41,56650,1.206499979,Rice
2008,HAVERI,Summer     ,1014.20894,301.0667222,4715,68,21,38,15131,3.20911983,Rice
2008,KODAGU,Kharif     ,1016.601567,306.8430852,3015,104,31,50,14351,4.75986733,Maize
2008,KODAGU,Rabi       ,1017.625804,307.5425474,146,149,76,45,460,3.150684932,Maize
2008,KODAGU,Summer     ,1015.807329,307.261755,645,94,61,61,2029,3.145736434,Maize
2008,KODAGU,Kharif     ,1016.371391,307.3392511,205,57,37,60,252,1.229268293,Ragi
2008,KODAGU,Rabi       ,1016.551413,307.6307833,106,142,73,42,125,1.179245283,Ragi
2008,KODAGU,Summer     ,1016.138702,306.8301223,84,102,78,66,130,1.547619048,Ragi
2008,KODAGU,Kharif     ,1014.823842,307.8394413,34881,104,30,32,83505.11,2.393999885,Rice
2008,KODAGU,Rabi       ,1016.864311,307.2894902,20,81,35,85,44,2.2,Rice
2008,KODAGU,Summer     ,1015.246504,307.4765336,461,100,68,85,1162,2.520607375,Rice
2008,KOLAR,Kharif     ,1015.817668,301.6780584,520,93,70,35,1672,3.215384615,Maize
2008,KOLAR,Rabi       ,1015.752038,301.0560095,94,131,37,92,296,3.14893617,Maize
2008,KOLAR,Summer     ,1014.094389,301.9074684,103,119,54,47,324,3.145631068,Maize
2008,KOLAR,Kharif     ,1017.494492,301.5944371,63571,67,72,96,102755,1.616381683,Ragi
2008,KOLAR,Rabi       ,1017.652877,300.8011931,105,132,78,54,219,2.085714286,Ragi
2008,KOLAR,Summer     ,1017.613039,302.2134557,185,71,45,60,368,1.989189189,Ragi
2008,KOLAR,Kharif     ,1015.063169,301.5910971,3939,86,35,96,6211.8,1.576999238,Rice
2008,KOLAR,Summer     ,1017.952088,301.2382644,218,145,25,50,466,2.137614679,Rice
2008,KOPPAL,Kharif     ,1014.558588,301.9169019,23591,105,76,51,64894,2.750794795,Maize
2008,KOPPAL,Rabi       ,1016.592201,301.9423795,3263,108,63,73,8790,2.693840025,Maize
2008,KOPPAL,Summer     ,1017.323638,302.1112009,636,52,62,91,1839,2.891509434,Maize
2008,KOPPAL,Kharif     ,1016.505001,303.3823049,40332,77,66,78,149430.06,3.705,Rice
2008,KOPPAL,Summer     ,1016.593915,303.1202204,34891,123,66,60,114654,3.286062308,Rice
2008,MANDYA,Kharif     ,1016.701909,300.497477,5790,84,67,85,9452,1.632469775,Maize
2008,MANDYA,Summer     ,1017.525398,300.1600753,148,110,61,73,466,3.148648649,Maize
2008,MANDYA,Kharif     ,1016.66493,300.5123035,73470,142,31,59,94933,1.292132843,Ragi
2008,MANDYA,Rabi       ,1014.807612,300.0686953,2845,103,79,47,6078,2.136379613,Ragi
2008,MANDYA,Summer     ,1015.323301,299.8196608,3355,112,32,56,7474,2.227719821,Ragi
2008,MANDYA,Kharif     ,1016.945327,300.004884,68187,128,23,84,217652.9,3.191999941,Rice
2008,MANDYA,Rabi       ,1015.140037,300.5687242,14,146,58,93,44,3.142857143,Rice
2008,MANDYA,Summer     ,1017.766513,299.5608239,21156,56,73,74,68153,3.22145018,Rice
2008,MYSORE,Kharif     ,1015.274072,299.6895719,22771,125,21,23,83658,3.673883448,Maize
2008,MYSORE,Rabi       ,1015.446725,298.6748437,3323,98,45,29,8461,2.546193199,Maize
2008,MYSORE,Summer     ,1016.837585,298.724877,322,143,78,66,1013,3.145962733,Maize
2008,MYSORE,Kharif     ,1014.879282,300.1360151,52888,134,46,94,103766,1.96199516,Ragi
2008,MYSORE,Rabi       ,1016.445384,299.7539079,10319,80,46,33,18336,1.776916368,Ragi
2008,MYSORE,Summer     ,1017.866159,298.6693086,559,107,34,57,830,1.484794275,Ragi
2008,MYSORE,Kharif     ,1016.830114,300.0604994,110591,110,27,31,327791.72,2.963999964,Rice
2008,MYSORE,Summer     ,1014.797365,299.8107425,13212,73,26,64,37629,2.848092643,Rice
2008,RAICHUR,Kharif     ,1017.186765,304.6678012,438,69,66,36,1103,2.51826484,Maize
2008,RAICHUR,Rabi       ,1015.209717,303.5053267,116,86,74,99,366,3.155172414,Maize
2008,RAICHUR,Summer     ,1015.805954,304.0605209,198,53,65,54,623,3.146464646,Maize
2008,RAICHUR,Kharif     ,1016.992347,303.2000604,94423,141,59,85,334587.9,3.543499995,Rice
2008,RAICHUR,Summer     ,1014.498109,303.8850214,70502,69,79,94,188205,2.669498738,Rice
2008,RAMANAGARA,Kharif     ,1016.033586,302.1361482,1754,109,31,60,5374,3.063854048,Maize
2008,RAMANAGARA,Rabi       ,1016.783703,302.709395,100,73,32,86,315,3.15,Maize
2008,RAMANAGARA,Summer     ,1014.218241,302.451609,146,99,62,48,459,3.143835616,Maize
2008,RAMANAGARA,Kharif     ,1017.122221,301.9622673,78025,98,36,37,137659,1.764293496,Ragi
2008,RAMANAGARA,Rabi       ,1016.639645,302.8262256,11,100,36,39,23,2.090909091,Ragi
2008,RAMANAGARA,Summer     ,1016.543126,302.6190171,178,145,75,33,354,1.988764045,Ragi
2008,RAMANAGARA,Kharif     ,1016.460123,302.0374325,6252,85,55,53,16531,2.644113884,Rice
2008,RAMANAGARA,Summer     ,1016.118881,302.4536773,360,147,40,68,1130,3.138888889,Rice
2008,SHIMOGA,Kharif     ,1014.978289,301.2174317,54225,149,27,73,203967,3.761493776,Maize
2008,SHIMOGA,Rabi       ,1014.07123,300.5176101,120,115,24,50,378,3.15,Maize
2008,SHIMOGA,Summer     ,1014.135909,300.4430176,2172,128,45,77,8138,3.746777164,Maize
2008,SHIMOGA,Kharif     ,1014.959026,301.6445692,1688,83,35,61,2134,1.264218009,Ragi
2008,SHIMOGA,Summer     ,1014.771613,301.0514877,84,85,55,77,167,1.988095238,Ragi
2008,SHIMOGA,Kharif     ,1017.915231,300.8091579,114629,55,47,49,267887.97,2.336999974,Rice
2008,SHIMOGA,Summer     ,1014.985171,301.0273584,16441,88,73,44,52677,3.20400219,Rice
2008,TUMKUR,Kharif     ,1017.010745,302.1507044,19414,91,48,82,37071,1.9094983,Maize
2008,TUMKUR,Rabi       ,1017.126807,301.658659,71,107,66,38,91,1.281690141,Maize
2008,TUMKUR,Summer     ,1015.761553,302.3017087,739,61,31,91,2325,3.146143437,Maize
2008,TUMKUR,Kharif     ,1015.137049,301.6217455,196385,52,56,27,207853,1.058395499,Ragi
2008,TUMKUR,Rabi       ,1017.215353,301.4960747,177,67,49,22,361,2.039548023,Ragi
2008,TUMKUR,Summer     ,1016.669369,301.6900192,1941,89,42,86,3861,1.989180835,Ragi
2008,TUMKUR,Kharif     ,1015.508794,301.2115674,24342,70,35,36,61512.23,2.526999836,Rice
2008,TUMKUR,Rabi       ,1014.443073,302.3369822,1531,64,33,33,4253,2.777922926,Rice
2008,TUMKUR,Summer     ,1017.454743,301.114769,13943,146,29,28,41168,2.952592699,Rice
2008,UDUPI,Rabi       ,1015.987723,304.1965232,39,148,26,81,123,3.153846154,Maize
2008,UDUPI,Summer     ,1017.098547,303.879313,6,75,64,40,19,3.166666667,Maize
2008,UDUPI,Kharif     ,1014.415552,303.3411146,51040,57,71,95,117825.84,2.3085,Rice
2008,UDUPI,Rabi       ,1015.10756,303.0898848,10318,149,79,56,22594,2.189765458,Rice
2008,UDUPI,Summer     ,1017.810325,302.9082918,154,143,56,30,336,2.181818182,Rice
2008,UTTAR KANNAD,Kharif     ,1016.173982,297.7574785,2976,136,48,39,13141,4.415658602,Maize
2008,UTTAR KANNAD,Rabi       ,1016.42408,298.2439826,231,91,22,54,728,3.151515152,Maize
2008,UTTAR KANNAD,Summer     ,1014.345938,296.8944636,118,93,34,72,371,3.144067797,Maize
2008,UTTAR KANNAD,Kharif     ,1015.932658,297.8165379,28,63,55,66,18,0.642857143,Ragi
2008,UTTAR KANNAD,Rabi       ,1014.447269,297.1563552,2,127,66,94,3,1.5,Ragi
2008,UTTAR KANNAD,Kharif     ,1015.318454,297.74594,77373,51,65,71,115401.83,1.491500006,Rice
2008,UTTAR KANNAD,Rabi       ,1015.003555,297.9514881,1918,86,71,27,4456,2.323253389,Rice
2008,UTTAR KANNAD,Summer     ,1016.329491,296.6875907,1199,118,38,23,2650,2.210175146,Rice
2009,BAGALKOT,Kharif     ,1014.069069,302.9316573,59425,87,32,46,124102,2.088380311,Maize
2009,BAGALKOT,Rabi       ,1015.734457,302.556702,20192,90,61,63,63865,3.162886292,Maize
2009,BAGALKOT,Summer     ,1016.061021,302.3836722,2413,111,40,59,9552,3.958557812,Maize
2009,BAGALKOT,Kharif     ,1017.958956,303.7236784,133,109,56,66,381.58,2.869022556,Rice
2009,BANGALORE RURAL,Kharif     ,1017.847059,299.8639979,10788,63,46,63,50013,4.635984427,Maize
2009,BANGALORE RURAL,Rabi       ,1014.312548,300.6118387,37,138,74,67,98,2.648648649,Maize
2009,BANGALORE RURAL,Summer     ,1014.878584,299.8520953,110,133,71,71,301,2.736363636,Maize
2009,BANGALORE RURAL,Kharif     ,1014.023484,300.7368553,41469,51,48,87,91892,2.215920326,Ragi
2009,BANGALORE RURAL,Rabi       ,1017.976178,300.3652392,143,119,39,30,335,2.342657343,Ragi
2009,BANGALORE RURAL,Summer     ,1016.041482,300.1778019,143,66,44,96,268,1.874125874,Ragi
2009,BANGALORE RURAL,Kharif     ,1014.109778,300.1029028,1525,138,25,92,6751.18,4.427003279,Rice
2009,BANGALORE RURAL,Rabi       ,1014.361493,300.9522535,3,77,55,23,7,2.333333333,Rice
2009,BANGALORE RURAL,Summer     ,1014.892622,300.4293485,139,115,21,95,425,3.057553957,Rice
2009,BELGAUM,Kharif     ,1014.175934,298.5294599,119251,84,41,92,231381,1.940285616,Maize
2009,BELGAUM,Rabi       ,1016.029609,299.4515208,39852,54,51,96,101513,2.547249824,Maize
2009,BELGAUM,Summer     ,1017.527921,298.9203438,3241,114,35,67,10684,3.296513422,Maize
2009,BELGAUM,Kharif     ,1015.215101,298.5622138,1610,89,37,45,589,0.365838509,Ragi
2009,BELGAUM,Kharif     ,1014.135485,299.5684084,71730,125,24,96,83816.51,1.16850007,Rice
2009,BELGAUM,Summer     ,1014.699128,299.9129681,158,105,73,58,483,3.056962025,Rice
2009,BELLARY,Kharif     ,1017.233053,304.0160319,97077,85,55,77,189500,1.952058675,Maize
2009,BELLARY,Rabi       ,1014.666175,304.2477332,2216,94,49,38,4954,2.235559567,Maize
2009,BELLARY,Summer     ,1014.958975,303.2168451,1224,72,64,96,3688,3.013071895,Maize
2009,BELLARY,Kharif     ,1014.938294,304.5886993,3356,96,38,96,1082,0.322407628,Ragi
2009,BELLARY,Rabi       ,1015.485933,305.1012867,25,80,42,77,35,1.4,Ragi
2009,BELLARY,Summer     ,1017.131102,304.4456845,68,60,53,47,128,1.882352941,Ragi
2009,BELLARY,Kharif     ,1015.833954,303.8011937,80447,59,32,85,248380.11,3.087499969,Rice
2009,BELLARY,Rabi       ,1016.597529,304.0050328,46,116,62,29,185,4.02173913,Rice
2009,BELLARY,Summer     ,1014.26511,304.1755465,39921,63,73,96,132661,3.323088099,Rice
2009,BENGALURU URBAN,Kharif     ,1017.963446,302.2860705,442,129,48,77,1053,2.382352941,Maize
2009,BENGALURU URBAN,Rabi       ,1017.376496,302.6572861,84,123,55,92,221,2.630952381,Maize
2009,BENGALURU URBAN,Summer     ,1014.746086,301.1973325,129,142,41,33,353,2.736434109,Maize
2009,BENGALURU URBAN,Kharif     ,1016.479908,302.5669264,23922,59,71,34,53746,2.246718502,Ragi
2009,BENGALURU URBAN,Rabi       ,1014.880123,302.9097762,87,125,71,52,204,2.344827586,Ragi
2009,BENGALURU URBAN,Summer     ,1016.705367,302.8320399,82,143,66,36,154,1.87804878,Ragi
2009,BENGALURU URBAN,Kharif     ,1015.840761,301.8652182,1594,50,55,43,4361.18,2.735997491,Rice
2009,BENGALURU URBAN,Summer     ,1016.818091,301.1404406,447,54,28,49,1662,3.718120805,Rice
2009,BIDAR,Kharif     ,1017.148322,300.9585705,1440,69,58,81,930,0.645833333,Maize
2009,BIDAR,Rabi       ,1016.534902,300.2300008,213,57,70,32,409,1.920187793,Maize
2009,BIDAR,Summer     ,1014.870579,300.9717046,32,92,38,81,67,2.09375,Maize
2009,BIDAR,Kharif     ,1015.455588,300.2868233,5039,125,57,66,3877.51,0.769499901,Rice
2009,BIJAPUR,Kharif     ,1017.215026,300.8662252,47123,50,25,35,63432,1.346094264,Maize
2009,BIJAPUR,Rabi       ,1017.639805,300.7162273,10641,106,71,85,19237,1.807818814,Maize
2009,BIJAPUR,Summer     ,1017.551277,301.3708626,6794,113,66,62,13573,1.99779217,Maize
2009,BIJAPUR,Kharif     ,1017.06299,300.3791016,27,133,34,27,76.95,2.85,Rice
2009,CHAMARAJANAGAR,Kharif     ,1014.024392,294.8087032,35831,77,76,22,77685,2.168094667,Maize
2009,CHAMARAJANAGAR,Rabi       ,1017.285939,294.619666,1203,86,39,31,2916,2.42394015,Maize
2009,CHAMARAJANAGAR,Summer     ,1014.970243,294.6903413,865,96,28,35,2331,2.694797688,Maize
2009,CHAMARAJANAGAR,Kharif     ,1016.702408,295.5766415,16847,125,51,97,22129,1.313527631,Ragi
2009,CHAMARAJANAGAR,Rabi       ,1016.565008,295.1518139,611,86,23,99,972,1.590834697,Ragi
2009,CHAMARAJANAGAR,Summer     ,1014.553427,295.3231595,344,98,69,78,356,1.034883721,Ragi
2009,CHAMARAJANAGAR,Kharif     ,1016.070002,295.6697443,16480,93,37,68,43523.68,2.641,Rice
2009,CHAMARAJANAGAR,Rabi       ,1015.003467,294.3745298,132,105,24,82,392,2.96969697,Rice
2009,CHAMARAJANAGAR,Summer     ,1017.699251,295.6874201,502,77,39,81,1754,3.494023904,Rice
2009,CHIKBALLAPUR,Kharif     ,1015.219181,305.31543,37809,128,42,68,114248,3.021714407,Maize
2009,CHIKBALLAPUR,Rabi       ,1015.985379,304.5035103,422,55,30,70,1182,2.800947867,Maize
2009,CHIKBALLAPUR,Summer     ,1017.549255,304.9258132,908,110,56,52,3211,3.536343612,Maize
2009,CHIKBALLAPUR,Kharif     ,1017.786967,305.0071356,45842,69,41,49,49654,1.083155185,Ragi
2009,CHIKBALLAPUR,Rabi       ,1016.584655,304.4036847,56,127,77,78,131,2.339285714,Ragi
2009,CHIKBALLAPUR,Summer     ,1014.37997,304.5123457,82,51,23,95,154,1.87804878,Ragi
2009,CHIKBALLAPUR,Kharif     ,1016.853428,304.0219432,2649,122,48,34,6742,2.545111363,Rice
2009,CHIKBALLAPUR,Rabi       ,1017.967215,304.7622557,93,86,63,42,209,2.247311828,Rice
2009,CHIKBALLAPUR,Summer     ,1015.431318,304.6192389,617,69,53,97,1552,2.515397083,Rice
2009,CHIKMAGALUR,Kharif     ,1015.891611,297.2400848,10697,75,32,64,29449,2.753014864,Maize
2009,CHIKMAGALUR,Kharif     ,1016.279311,296.9372966,52360,78,61,81,89380,1.707028266,Ragi
2009,CHIKMAGALUR,Kharif     ,1016.322915,296.8325324,40065,50,28,98,100102.4,2.498499938,Rice
2009,CHIKMAGALUR,Summer     ,1017.324871,297.0875977,3577,84,61,90,8166,2.282918647,Rice
2009,CHITRADURGA,Kharif     ,1015.903737,300.8040332,79754,119,50,34,132144,1.656894952,Maize
2009,CHITRADURGA,Rabi       ,1017.097738,302.163398,3887,108,26,65,8196,2.108567018,Maize
2009,CHITRADURGA,Summer     ,1017.827334,301.8311857,797,118,23,83,1588,1.992471769,Maize
2009,CHITRADURGA,Kharif     ,1016.366701,300.973003,47915,82,38,65,64781,1.35199833,Ragi
2009,CHITRADURGA,Rabi       ,1015.018644,301.9981184,544,100,61,75,947,1.740808824,Ragi
2009,CHITRADURGA,Summer     ,1016.838134,302.6732672,1577,127,49,63,2455,1.556753329,Ragi
2009,CHITRADURGA,Kharif     ,1016.945486,301.0058692,5648,61,50,94,11106.79,1.966499646,Rice
2009,CHITRADURGA,Rabi       ,1014.62529,301.3253782,1438,69,54,48,2510,1.745479833,Rice
2009,CHITRADURGA,Summer     ,1014.614712,300.8466399,3989,102,76,81,8542,2.141388819,Rice
2009,DAKSHIN KANNAD,Summer     ,1014.601214,299.7124221,10,137,40,71,12,1.2,Maize
2009,DAKSHIN KANNAD,Kharif     ,1015.261712,300.285421,32583,92,50,73,73979.7,2.270499954,Rice
2009,DAKSHIN KANNAD,Rabi       ,1016.141921,300.2401438,20948,147,38,76,47154,2.251002482,Rice
2009,DAKSHIN KANNAD,Summer     ,1015.499021,300.0878716,1368,138,50,85,2944,2.152046784,Rice
2009,DAVANGERE,Kharif     ,1017.063837,301.6115387,172337,99,72,41,512542,2.97406825,Maize
2009,DAVANGERE,Rabi       ,1016.382552,302.1876208,729,78,51,39,1854,2.543209877,Maize
2009,DAVANGERE,Summer     ,1014.093059,300.8012443,1106,106,21,52,3843,3.474683544,Maize
2009,DAVANGERE,Kharif     ,1017.638225,301.0789622,16496,88,78,91,25323,1.535099418,Ragi
2009,DAVANGERE,Rabi       ,1015.280922,301.3634966,186,144,71,44,172,0.924731183,Ragi
2009,DAVANGERE,Summer     ,1017.293496,300.4962029,57,105,29,65,107,1.877192982,Ragi
2009,DAVANGERE,Kharif     ,1017.973519,301.2474473,75176,92,21,92,255673.58,3.401000053,Rice
2009,DAVANGERE,Summer     ,1014.477861,300.5056861,62273,99,21,76,213861,3.434249193,Rice
2009,DHARWAD,Kharif     ,1014.926629,300.7960124,49010,72,79,24,110768,2.260110182,Maize
2009,DHARWAD,Rabi       ,1016.772854,300.0465563,2128,93,43,74,6436,3.02443609,Maize
2009,DHARWAD,Summer     ,1015.635644,300.1739402,724,87,36,80,900,1.243093923,Maize
2009,DHARWAD,Kharif     ,1014.794348,300.3797321,56,133,51,27,62,1.107142857,Ragi
2009,DHARWAD,Kharif     ,1015.848123,300.010047,26681,72,35,35,30669.81,1.149500019,Rice
2009,DHARWAD,Summer     ,1015.009128,299.8023298,277,94,35,67,846,3.054151625,Rice
2009,GADAG,Kharif     ,1017.791501,300.82019,44090,101,65,80,87217,1.978158313,Maize
2009,GADAG,Rabi       ,1015.607251,301.0170635,4120,129,58,34,3801,0.922572816,Maize
2009,GADAG,Summer     ,1017.726196,300.40319,82,99,72,84,224,2.731707317,Maize
2009,GADAG,Kharif     ,1017.603495,301.619878,11,57,50,41,12,1.090909091,Ragi
2009,GADAG,Kharif     ,1015.710936,301.1623815,928,134,62,22,819.89,0.883502155,Rice
2009,GADAG,Summer     ,1016.017998,300.3524048,1084,50,43,73,2899,2.674354244,Rice
2009,GULBARGA,Kharif     ,1015.172453,301.7627667,4971,57,20,33,4138,0.832428083,Maize
2009,GULBARGA,Rabi       ,1015.450634,300.3098378,352,78,30,55,621,1.764204545,Maize
2009,GULBARGA,Summer     ,1016.224961,301.4538485,1029,145,74,86,2382,2.314868805,Maize
2009,GULBARGA,Kharif     ,1014.393178,301.8939341,39593,54,40,29,91024.31,2.299000076,Rice
2009,GULBARGA,Rabi       ,1014.103962,300.4786031,2164,135,23,68,4529,2.092883549,Rice
2009,GULBARGA,Summer     ,1016.178991,300.6571214,37715,96,26,84,84951,2.252445976,Rice
2009,HASSAN,Kharif     ,1016.93124,297.646499,57735,83,45,76,205628,3.561583095,Maize
2009,HASSAN,Rabi       ,1016.256761,298.3446443,4725,114,66,46,14884,3.15005291,Maize
2009,HASSAN,Summer     ,1015.685045,298.1004323,365,104,69,94,1738,4.761643836,Maize
2009,HASSAN,Kharif     ,1017.712609,296.7197193,60590,139,31,24,94000,1.551411124,Ragi
2009,HASSAN,Rabi       ,1015.700426,296.9610462,9541,92,50,90,12692,1.330258883,Ragi
2009,HASSAN,Summer     ,1016.950741,298.0743261,75,123,36,76,141,1.88,Ragi
2009,HASSAN,Kharif     ,1015.710818,297.0316026,41520,79,52,34,112020.96,2.698,Rice
2009,HASSAN,Rabi       ,1014.723385,298.3295763,1110,131,30,95,2255,2.031531532,Rice
2009,HASSAN,Summer     ,1015.585966,297.3222145,5029,66,47,49,13755,2.73513621,Rice
2009,HAVERI,Kharif     ,1015.062707,299.589383,120119,75,51,39,248755,2.070904686,Maize
2009,HAVERI,Rabi       ,1014.512389,300.4145667,3665,57,20,56,10735,2.929058663,Maize
2009,HAVERI,Summer     ,1017.025954,300.5803948,2181,96,66,22,2930,1.343420449,Maize
2009,HAVERI,Kharif     ,1014.868112,299.471504,562,125,47,92,371,0.660142349,Ragi
2009,HAVERI,Kharif     ,1014.974464,299.7823138,43936,140,72,60,47582.69,1.083000046,Rice
2009,HAVERI,Summer     ,1017.848735,299.289346,6059,121,61,58,12652,2.088133355,Rice
2009,KODAGU,Kharif     ,1014.769117,307.7855236,3336,138,26,45,15753,4.722122302,Maize
2009,KODAGU,Rabi       ,1014.655544,306.3328428,120,95,21,21,316,2.633333333,Maize
2009,KODAGU,Summer     ,1014.399259,307.2992392,120,117,61,42,667,5.558333333,Maize
2009,KODAGU,Kharif     ,1016.255177,307.7502315,204,82,43,42,227,1.112745098,Ragi
2009,KODAGU,Rabi       ,1014.158744,307.337768,5,50,23,35,7,1.4,Ragi
2009,KODAGU,Summer     ,1017.328726,306.2440267,60,68,63,28,93,1.55,Ragi
2009,KODAGU,Kharif     ,1017.800389,307.721726,34632,80,38,32,84554.03,2.441500058,Rice
2009,KODAGU,Rabi       ,1018.003837,307.0576562,10,129,45,47,22,2.2,Rice
2009,KODAGU,Summer     ,1015.511614,307.7465505,202,63,30,46,536,2.653465347,Rice
2009,KOLAR,Kharif     ,1015.279526,302.121506,526,102,59,70,1257,2.38973384,Maize
2009,KOLAR,Rabi       ,1016.851493,301.448514,77,97,69,83,203,2.636363636,Maize
2009,KOLAR,Summer     ,1014.45864,301.6021356,242,118,62,71,662,2.73553719,Maize
2009,KOLAR,Kharif     ,1017.760144,301.5560854,50091,139,30,57,67737,1.352278852,Ragi
2009,KOLAR,Rabi       ,1017.45167,301.6020984,86,111,64,84,202,2.348837209,Ragi
2009,KOLAR,Summer     ,1017.583213,301.2687419,460,141,22,37,864,1.87826087,Ragi
2009,KOLAR,Kharif     ,1014.151453,302.3853925,3832,115,31,82,6370.7,1.6625,Rice
2009,KOLAR,Summer     ,1017.854658,300.5818425,3264,113,22,70,6465,1.980698529,Rice
2009,KOPPAL,Kharif     ,1015.345643,301.8167232,34283,119,61,28,44074,1.285593443,Maize
2009,KOPPAL,Rabi       ,1017.680392,302.6427524,4604,112,46,32,10475,2.275195482,Maize
2009,KOPPAL,Summer     ,1017.87345,302.758351,2169,122,68,59,7222,3.329644998,Maize
2009,KOPPAL,Kharif     ,1017.05144,302.2190389,37107,82,73,74,114920.38,3.097000027,Rice
2009,KOPPAL,Summer     ,1017.912289,302.0069587,36848,90,21,98,130501,3.541603343,Rice
2009,MANDYA,Kharif     ,1016.304912,300.5319688,4013,138,68,62,5106,1.272364814,Maize
2009,MANDYA,Rabi       ,1017.403588,299.7965992,22,97,35,63,51,2.318181818,Maize
2009,MANDYA,Summer     ,1014.193066,298.7885314,38,62,21,87,104,2.736842105,Maize
2009,MANDYA,Kharif     ,1016.827911,299.8158037,59498,122,79,52,86392,1.452015194,Ragi
2009,MANDYA,Rabi       ,1016.153534,299.2041715,3532,126,73,43,7730,2.188561721,Ragi
2009,MANDYA,Summer     ,1017.772269,299.1867959,2558,80,49,55,5832,2.279906177,Ragi
2009,MANDYA,Kharif     ,1014.17238,300.543383,61250,124,39,29,199001.25,3.249,Rice
2009,MANDYA,Summer     ,1016.357778,299.5370253,18711,117,57,39,64276,3.435198546,Rice
2009,MYSORE,Kharif     ,1017.773759,299.8933563,26496,147,47,94,85131,3.212975543,Maize
2009,MYSORE,Rabi       ,1014.638181,298.1714277,2643,53,44,31,6463,2.44532728,Maize
2009,MYSORE,Summer     ,1017.105014,298.4240069,252,68,51,81,906,3.595238095,Maize
2009,MYSORE,Kharif     ,1016.454958,298.4228192,52134,119,29,37,99941,1.91700234,Ragi
2009,MYSORE,Rabi       ,1017.15712,299.9586796,11962,147,79,82,20148,1.684333723,Ragi
2009,MYSORE,Summer     ,1015.581355,299.0854524,552,131,61,44,802,1.452898551,Ragi
2009,MYSORE,Kharif     ,1016.238831,298.596983,110196,62,59,31,341277.01,3.096999982,Rice
2009,MYSORE,Summer     ,1016.448402,300.078055,13454,72,52,40,40747,3.028616025,Rice
2009,RAICHUR,Kharif     ,1016.10309,304.0064212,475,132,32,44,662,1.393684211,Maize
2009,RAICHUR,Rabi       ,1016.83263,304.0886873,109,124,75,30,287,2.633027523,Maize
2009,RAICHUR,Summer     ,1016.288901,304.2333022,331,50,60,83,906,2.737160121,Maize
2009,RAICHUR,Kharif     ,1014.066126,304.0228551,96230,137,73,92,252315.06,2.622,Rice
2009,RAICHUR,Summer     ,1014.902688,304.5366429,80210,103,61,69,240181,2.994402194,Rice
2009,RAMANAGARA,Kharif     ,1017.338122,302.7225508,1646,120,66,81,6845,4.158566221,Maize
2009,RAMANAGARA,Rabi       ,1015.131386,302.1527498,85,138,56,68,224,2.635294118,Maize
2009,RAMANAGARA,Summer     ,1017.391605,303.1866358,262,134,73,33,717,2.736641221,Maize
2009,RAMANAGARA,Kharif     ,1017.255642,302.4059872,76469,64,35,20,138869,1.816016948,Ragi
2009,RAMANAGARA,Rabi       ,1014.127875,303.3788747,25,114,64,44,59,2.36,Ragi
2009,RAMANAGARA,Summer     ,1016.825245,302.6737366,278,125,41,78,522,1.877697842,Ragi
2009,RAMANAGARA,Kharif     ,1017.039193,301.6640536,7446,120,76,91,21277,2.857507387,Rice
2009,RAMANAGARA,Summer     ,1014.921289,302.2835818,868,64,39,88,2738,3.15437788,Rice
2009,SHIMOGA,Kharif     ,1014.368202,301.5093083,66719,70,69,24,191274,2.866859515,Maize
2009,SHIMOGA,Rabi       ,1014.461466,300.0120871,416,68,62,38,1096,2.634615385,Maize
2009,SHIMOGA,Summer     ,1014.772994,299.7399032,2346,109,46,42,7562,3.223358909,Maize
2009,SHIMOGA,Kharif     ,1015.546676,300.9921013,1593,142,60,28,2129,1.336472065,Ragi
2009,SHIMOGA,Summer     ,1015.10136,301.5748477,35,138,35,69,66,1.885714286,Ragi
2009,SHIMOGA,Kharif     ,1017.62843,301.5641691,115124,82,53,35,265763.75,2.308499965,Rice
2009,SHIMOGA,Summer     ,1014.145189,299.8529919,18135,98,51,52,54388,2.999062586,Rice
2009,TUMKUR,Kharif     ,1017.872286,301.4846054,18999,145,45,21,36836,1.938838886,Maize
2009,TUMKUR,Rabi       ,1015.859657,301.6888296,919,84,44,33,1600,1.741022851,Maize
2009,TUMKUR,Summer     ,1016.037681,301.473861,388,93,21,20,912,2.350515464,Maize
2009,TUMKUR,Kharif     ,1014.762825,302.2121889,177795,139,31,77,248170,1.39582103,Ragi
2009,TUMKUR,Rabi       ,1014.857935,301.3630643,759,60,59,35,1290,1.699604743,Ragi
2009,TUMKUR,Summer     ,1016.042458,301.465841,1613,148,28,98,3028,1.877247365,Ragi
2009,TUMKUR,Kharif     ,1016.090406,302.3265516,26158,121,31,66,65355.76,2.498499885,Rice
2009,TUMKUR,Rabi       ,1015.687778,301.9731606,718,127,45,63,1764,2.456824513,Rice
2009,TUMKUR,Summer     ,1015.186821,301.4383779,9459,123,28,99,25925,2.740775981,Rice
2009,UDUPI,Rabi       ,1017.618393,303.5113655,12,115,29,33,32,2.666666667,Maize
2009,UDUPI,Summer     ,1017.227923,303.3817035,3,95,51,43,8,2.666666667,Maize
2009,UDUPI,Kharif     ,1014.417133,303.7541231,48083,58,76,74,116481.07,2.422500052,Rice
2009,UDUPI,Rabi       ,1015.641064,302.915422,9283,52,53,34,21400,2.305289238,Rice
2009,UDUPI,Summer     ,1015.993444,304.0886908,143,134,67,91,316,2.20979021,Rice
2009,UTTAR KANNAD,Kharif     ,1014.330402,297.3459748,4042,75,39,53,15271,3.778080158,Maize
2009,UTTAR KANNAD,Rabi       ,1017.571608,296.913545,229,121,58,21,603,2.633187773,Maize
2009,UTTAR KANNAD,Summer     ,1017.228643,297.396116,180,97,79,46,487,2.705555556,Maize
2009,UTTAR KANNAD,Kharif     ,1017.98311,297.3148816,8,115,21,93,9,1.125,Ragi
2009,UTTAR KANNAD,Kharif     ,1014.75642,297.3350904,76409,119,20,91,146628.87,1.918999987,Rice
2009,UTTAR KANNAD,Rabi       ,1015.198096,296.6230159,1802,77,70,42,4209,2.335738069,Rice
2009,UTTAR KANNAD,Summer     ,1017.05379,297.5679377,2061,142,79,87,4707,2.283842795,Rice
2010,BAGALKOT,Kharif     ,1014.625418,303.1651354,60240,75,55,33,242030,4.017762284,Maize
2010,BAGALKOT,Rabi       ,1017.684018,302.3808521,24819,74,43,82,64462,2.597284339,Maize
2010,BAGALKOT,Summer     ,1017.422094,303.6106018,2961,61,73,84,9446,3.190138467,Maize
2010,BAGALKOT,Kharif     ,1015.663023,302.6394832,121,54,46,87,388,3.20661157,Rice
2010,BAGALKOT,Summer     ,1014.921784,302.446633,23,147,21,82,74,3.217391304,Rice
2010,BANGALORE RURAL,Kharif     ,1015.606534,300.1678793,10109,97,50,83,53329,5.27539816,Maize
2010,BANGALORE RURAL,Rabi       ,1016.436717,300.4954614,124,86,76,51,365,2.943548387,Maize
2010,BANGALORE RURAL,Summer     ,1016.695486,299.4668805,105,128,33,98,357,3.4,Maize
2010,BANGALORE RURAL,Kharif     ,1016.513101,300.5805405,43927,93,21,32,115210,2.622760489,Ragi
2010,BANGALORE RURAL,Rabi       ,1015.583366,299.4174965,203,149,48,85,421,2.073891626,Ragi
2010,BANGALORE RURAL,Summer     ,1017.939201,299.5628172,117,64,34,38,229,1.957264957,Ragi
2010,BANGALORE RURAL,Kharif     ,1016.430152,300.2896359,1531,92,31,43,4486,2.930111039,Rice
2010,BANGALORE RURAL,Summer     ,1014.454104,299.4127613,155,97,56,30,501,3.232258065,Rice
2010,BELGAUM,Kharif     ,1014.879681,299.8479723,118380,136,47,78,429355,3.626921777,Maize
2010,BELGAUM,Rabi       ,1016.269121,299.2704849,35650,119,39,34,103811,2.911949509,Maize
2010,BELGAUM,Summer     ,1016.249395,298.4831574,3481,95,58,29,11002,3.160586038,Maize
2010,BELGAUM,Kharif     ,1017.599791,299.6033555,1361,92,43,60,867,0.637031594,Ragi
2010,BELGAUM,Kharif     ,1014.920453,299.7167188,68354,70,40,46,139200,2.036457267,Rice
2010,BELGAUM,Summer     ,1015.821018,298.1031478,115,72,29,79,372,3.234782609,Rice
2010,BELLARY,Kharif     ,1017.158724,303.58249,89370,129,65,92,254848,2.851605684,Maize
2010,BELLARY,Rabi       ,1017.108308,304.4947878,2383,96,33,71,5957,2.49979018,Maize
2010,BELLARY,Summer     ,1015.79671,303.3768001,1740,64,56,47,6486,3.727586207,Maize
2010,BELLARY,Kharif     ,1018.006496,304.552327,5966,74,37,84,3606,0.604425075,Ragi
2010,BELLARY,Summer     ,1014.48002,304.7706221,38,85,43,36,74,1.947368421,Ragi
2010,BELLARY,Kharif     ,1016.230404,304.6505404,88799,124,33,63,339376,3.821844841,Rice
2010,BELLARY,Rabi       ,1017.439529,303.3334535,135,100,53,29,602,4.459259259,Rice
2010,BELLARY,Summer     ,1014.900385,303.4745857,41745,64,77,82,145941,3.496011498,Rice
2010,BENGALURU URBAN,Kharif     ,1015.51981,302.0670699,553,117,31,66,1964,3.551537071,Maize
2010,BENGALURU URBAN,Rabi       ,1017.471657,302.1083569,60,70,41,57,177,2.95,Maize
2010,BENGALURU URBAN,Summer     ,1017.098133,302.2711939,136,62,75,89,463,3.404411765,Maize
2010,BENGALURU URBAN,Kharif     ,1016.313527,302.8685724,24063,135,25,95,62049,2.578606159,Ragi
2010,BENGALURU URBAN,Rabi       ,1016.733508,301.4313944,80,68,55,72,166,2.075,Ragi
2010,BENGALURU URBAN,Summer     ,1016.268684,301.221003,113,83,64,97,221,1.955752212,Ragi
2010,BENGALURU URBAN,Kharif     ,1014.853338,301.259179,1495,127,55,63,4258,2.848160535,Rice
2010,BENGALURU URBAN,Summer     ,1014.461754,301.6340692,400,117,41,93,1293,3.2325,Rice
2010,BIDAR,Kharif     ,1015.718577,299.3777197,925,101,33,73,1721,1.860540541,Maize
2010,BIDAR,Rabi       ,1014.08641,299.4549773,315,76,35,39,668,2.120634921,Maize
2010,BIDAR,Summer     ,1016.208916,300.3712076,116,78,55,98,295,2.543103448,Maize
2010,BIDAR,Kharif     ,1016.907327,300.4987919,4927,77,75,50,4816,0.977471078,Rice
2010,BIJAPUR,Kharif     ,1015.353251,301.5082847,58432,84,44,26,161639,2.766275329,Maize
2010,BIJAPUR,Rabi       ,1014.244954,301.7395173,11971,57,51,77,30069,2.511820232,Maize
2010,BIJAPUR,Summer     ,1016.337358,302.1812354,5593,65,52,29,13847,2.475773288,Maize
2010,BIJAPUR,Kharif     ,1016.329649,301.6945959,71,85,64,29,228,3.211267606,Rice
2010,CHAMARAJANAGAR,Kharif     ,1014.347608,295.8592102,30760,79,55,58,94393,3.068693108,Maize
2010,CHAMARAJANAGAR,Rabi       ,1015.835005,294.7038904,915,67,39,47,3640,3.978142077,Maize
2010,CHAMARAJANAGAR,Summer     ,1017.365679,295.4436909,1016,51,37,49,4537,4.465551181,Maize
2010,CHAMARAJANAGAR,Kharif     ,1017.830249,294.2991793,17749,98,57,56,22259,1.254098822,Ragi
2010,CHAMARAJANAGAR,Rabi       ,1016.779808,295.3503478,228,126,22,86,213,0.934210526,Ragi
2010,CHAMARAJANAGAR,Summer     ,1014.169241,294.530301,463,53,42,62,731,1.578833693,Ragi
2010,CHAMARAJANAGAR,Kharif     ,1014.741045,295.0658411,16244,139,51,98,46851,2.884203398,Rice
2010,CHAMARAJANAGAR,Rabi       ,1015.727677,294.3634743,73,138,64,71,206,2.821917808,Rice
2010,CHAMARAJANAGAR,Summer     ,1016.286385,295.5628022,2126,143,78,75,6635,3.12088429,Rice
2010,CHIKBALLAPUR,Kharif     ,1016.17059,304.1113175,38540,124,35,95,125131,3.246782564,Maize
2010,CHIKBALLAPUR,Rabi       ,1015.802916,304.8156291,1948,56,78,87,4627,2.375256674,Maize
2010,CHIKBALLAPUR,Summer     ,1017.394149,303.9559945,672,144,24,28,2132,3.172619048,Maize
2010,CHIKBALLAPUR,Kharif     ,1014.125031,305.2950341,41306,123,23,42,83787,2.028446231,Ragi
2010,CHIKBALLAPUR,Rabi       ,1016.521453,304.0663843,226,88,40,82,468,2.07079646,Ragi
2010,CHIKBALLAPUR,Summer     ,1016.402277,304.9523201,57,62,59,80,112,1.964912281,Ragi
2010,CHIKBALLAPUR,Kharif     ,1014.444267,305.3044402,6599,80,70,59,21666,3.283224731,Rice
2010,CHIKBALLAPUR,Rabi       ,1015.436823,305.5567123,1155,120,33,63,2748,2.379220779,Rice
2010,CHIKBALLAPUR,Summer     ,1017.640332,305.0265132,1912,112,58,43,5108,2.671548117,Rice
2010,CHIKMAGALUR,Kharif     ,1015.577799,296.4221115,15590,105,50,70,53496,3.431430404,Maize
2010,CHIKMAGALUR,Kharif     ,1015.79588,297.0007993,52560,91,33,77,93115,1.771594368,Ragi
2010,CHIKMAGALUR,Kharif     ,1016.257732,298.1313173,40562,110,25,52,111308,2.744144766,Rice
2010,CHIKMAGALUR,Summer     ,1017.762462,297.8732913,3494,91,31,35,7751,2.218374356,Rice
2010,CHITRADURGA,Kharif     ,1017.539804,302.5233,95720,105,35,41,266771,2.786993314,Maize
2010,CHITRADURGA,Rabi       ,1014.583387,302.5457945,6453,85,36,76,14949,2.316596932,Maize
2010,CHITRADURGA,Summer     ,1014.809036,301.2189464,1547,133,64,81,6077,3.928248222,Maize
2010,CHITRADURGA,Kharif     ,1017.080138,301.058664,53001,117,42,90,86967,1.640855833,Ragi
2010,CHITRADURGA,Rabi       ,1014.240475,301.9096821,392,56,33,91,695,1.772959184,Ragi
2010,CHITRADURGA,Summer     ,1016.158109,301.2819294,2127,103,26,89,3429,1.61212976,Ragi
2010,CHITRADURGA,Kharif     ,1015.814178,301.3934839,7941,50,65,49,18659,2.349704067,Rice
2010,CHITRADURGA,Rabi       ,1014.315064,301.5514192,953,93,51,42,2099,2.202518363,Rice
2010,CHITRADURGA,Summer     ,1015.074385,302.4564126,5054,94,34,51,11610,2.297190344,Rice
2010,DAKSHIN KANNAD,Summer     ,1014.55763,300.6765501,8,96,63,76,9,1.125,Maize
2010,DAKSHIN KANNAD,Kharif     ,1017.560496,300.1244548,32408,62,36,28,80253,2.476333004,Rice
2010,DAKSHIN KANNAD,Rabi       ,1017.378765,300.5471478,20982,71,60,50,47350,2.256696216,Rice
2010,DAKSHIN KANNAD,Summer     ,1016.749295,299.6406099,1243,70,73,90,2855,2.29686243,Rice
2010,DAVANGERE,Kharif     ,1014.07967,301.8405487,177510,135,66,28,640248,3.606827784,Maize
2010,DAVANGERE,Rabi       ,1017.526196,301.6896212,1824,141,63,32,6158,3.376096491,Maize
2010,DAVANGERE,Summer     ,1016.848073,301.6542068,488,58,53,77,2421,4.961065574,Maize
2010,DAVANGERE,Kharif     ,1017.537987,302.1825018,15658,75,24,22,28419,1.814982756,Ragi
2010,DAVANGERE,Rabi       ,1016.152034,301.1289939,345,58,64,54,409,1.185507246,Ragi
2010,DAVANGERE,Summer     ,1016.374465,301.9054001,116,64,46,40,227,1.956896552,Ragi
2010,DAVANGERE,Kharif     ,1016.536999,300.8513089,76270,59,71,83,271152,3.555159302,Rice
2010,DAVANGERE,Summer     ,1016.506843,300.5882549,66254,137,42,71,259570,3.917801189,Rice
2010,DHARWAD,Kharif     ,1016.128298,300.47153,44582,91,59,53,133395,2.992126867,Maize
2010,DHARWAD,Rabi       ,1016.018642,300.1353681,1804,121,78,54,6692,3.709534368,Maize
2010,DHARWAD,Summer     ,1014.930453,299.9260862,780,73,33,34,2210,2.833333333,Maize
2010,DHARWAD,Kharif     ,1017.992497,299.9611854,54,129,34,25,54,1,Ragi
2010,DHARWAD,Kharif     ,1015.283505,299.2317874,27881,98,62,51,33658,1.207202037,Rice
2010,DHARWAD,Summer     ,1014.566973,300.4659242,273,75,52,71,883,3.234432234,Rice
2010,GADAG,Kharif     ,1014.728284,301.5959028,49417,140,72,47,135931,2.750693081,Maize
2010,GADAG,Rabi       ,1014.705026,301.5187006,1225,86,50,83,3803,3.104489796,Maize
2010,GADAG,Summer     ,1014.326363,300.5564989,41,117,54,98,139,3.390243902,Maize
2010,GADAG,Kharif     ,1015.538143,301.132023,865,99,36,97,1914,2.212716763,Rice
2010,GADAG,Summer     ,1014.60668,301.7739725,1480,73,47,38,4682,3.163513514,Rice
2010,GULBARGA,Kharif     ,1015.974243,301.4202304,5641,68,38,34,11018,1.953199787,Maize
2010,GULBARGA,Rabi       ,1014.190719,301.9811338,1176,149,65,25,404,0.343537415,Maize
2010,GULBARGA,Summer     ,1014.960153,300.8830259,1124,109,73,92,2713,2.413701068,Maize
2010,GULBARGA,Kharif     ,1016.92047,301.7483429,3033,88,42,57,4822,1.589845038,Rice
2010,GULBARGA,Rabi       ,1017.591208,301.7292843,608,123,51,45,1850,3.042763158,Rice
2010,GULBARGA,Summer     ,1017.722176,300.4410538,901,138,59,70,2913,3.233074362,Rice
2010,HASSAN,Kharif     ,1016.587088,297.703487,53920,67,32,92,253287,4.697459199,Maize
2010,HASSAN,Rabi       ,1016.309536,298.31786,9321,68,78,72,29706,3.186997103,Maize
2010,HASSAN,Summer     ,1014.841916,298.5157514,332,85,39,75,1129,3.40060241,Maize
2010,HASSAN,Kharif     ,1014.616389,297.792051,57557,123,54,78,114919,1.996612054,Ragi
2010,HASSAN,Rabi       ,1015.243553,297.3969709,28378,146,24,89,41031,1.445873564,Ragi
2010,HASSAN,Summer     ,1015.669682,296.8817471,127,104,28,97,249,1.960629921,Ragi
2010,HASSAN,Kharif     ,1014.17072,297.6842223,35785,118,48,77,105364,2.944362163,Rice
2010,HASSAN,Rabi       ,1014.019369,298.2712883,10790,96,25,32,29009,2.688507878,Rice
2010,HASSAN,Summer     ,1016.250179,298.363714,5170,98,44,62,13364,2.584912959,Rice
2010,HAVERI,Kharif     ,1015.963615,299.2294879,129212,148,50,95,472631,3.657794942,Maize
2010,HAVERI,Rabi       ,1017.734845,299.8495659,3736,147,41,70,11877,3.179068522,Maize
2010,HAVERI,Summer     ,1017.943305,299.3796005,2983,82,21,38,10559,3.539725109,Maize
2010,HAVERI,Kharif     ,1016.219786,299.7105267,483,70,64,40,275,0.569358178,Ragi
2010,HAVERI,Kharif     ,1016.076571,299.3849234,44996,130,24,43,89319,1.985043115,Rice
2010,HAVERI,Summer     ,1015.366815,300.8410569,5931,71,79,45,17833,3.006744225,Rice
2010,KODAGU,Kharif     ,1017.949661,307.3016432,3110,97,46,64,15160,4.874598071,Maize
2010,KODAGU,Rabi       ,1017.956399,307.8656681,33,86,44,47,97,2.939393939,Maize
2010,KODAGU,Summer     ,1017.081886,306.9193858,130,64,27,48,442,3.4,Maize
2010,KODAGU,Kharif     ,1015.071812,307.3092112,228,84,74,36,434,1.903508772,Ragi
2010,KODAGU,Rabi       ,1015.564754,307.7734705,110,141,20,87,176,1.6,Ragi
2010,KODAGU,Kharif     ,1017.885366,306.5886598,35291,120,39,63,89155,2.526281488,Rice
2010,KODAGU,Rabi       ,1017.062088,306.1920303,5,81,63,80,12,2.4,Rice
2010,KODAGU,Summer     ,1015.562533,306.8516309,140,60,42,87,399,2.85,Rice
2010,KOLAR,Kharif     ,1015.739141,301.7864562,455,59,51,93,1653,3.632967033,Maize
2010,KOLAR,Rabi       ,1015.862059,301.3989149,74,122,30,44,218,2.945945946,Maize
2010,KOLAR,Summer     ,1014.815886,300.8038195,197,127,58,86,670,3.401015228,Maize
2010,KOLAR,Kharif     ,1015.371525,302.0380229,57153,126,66,21,108551,1.899305373,Ragi
2010,KOLAR,Rabi       ,1014.115116,301.0634301,81,106,73,68,168,2.074074074,Ragi
2010,KOLAR,Summer     ,1015.471323,300.6970302,260,74,43,89,509,1.957692308,Ragi
2010,KOLAR,Kharif     ,1016.786912,300.5765708,7539,51,30,45,16286,2.160233453,Rice
2010,KOLAR,Summer     ,1015.550398,301.2954303,2040,113,48,91,3397,1.665196078,Rice
2010,KOPPAL,Kharif     ,1014.448592,302.3177032,39768,84,73,46,109285,2.74806377,Maize
2010,KOPPAL,Rabi       ,1016.212893,301.9652704,5985,56,45,37,18457,3.083876358,Maize
2010,KOPPAL,Summer     ,1014.81727,302.2120627,2434,134,35,73,8706,3.576828266,Maize
2010,KOPPAL,Kharif     ,1016.331423,301.8190766,41275,67,54,20,170981,4.142483343,Rice
2010,KOPPAL,Summer     ,1016.548035,301.8680995,36859,116,39,80,152810,4.145798855,Rice
2010,MANDYA,Kharif     ,1014.656781,298.8658715,4671,91,65,22,7619,1.631128238,Maize
2010,MANDYA,Rabi       ,1014.269936,298.8407913,39,88,22,87,115,2.948717949,Maize
2010,MANDYA,Summer     ,1015.115108,299.4617015,40,90,20,60,136,3.4,Maize
2010,MANDYA,Kharif     ,1014.253151,299.9492662,66786,124,77,56,151162,2.263378552,Ragi
2010,MANDYA,Rabi       ,1015.259596,299.3241373,3704,73,72,70,7567,2.042926566,Ragi
2010,MANDYA,Summer     ,1015.581447,299.3234826,2877,109,66,34,6784,2.358011818,Ragi
2010,MANDYA,Kharif     ,1017.838644,299.9269329,60845,95,20,27,225761,3.710428137,Rice
2010,MANDYA,Summer     ,1016.546765,300.4433878,19795,68,36,57,71103,3.591967669,Rice
2010,MYSORE,Kharif     ,1015.350878,299.527127,25928,117,21,75,106277,4.0989278,Maize
2010,MYSORE,Rabi       ,1016.174459,300.1070116,4292,139,48,66,10860,2.53028891,Maize
2010,MYSORE,Summer     ,1016.108025,299.2717675,205,91,39,29,697,3.4,Maize
2010,MYSORE,Kharif     ,1014.057303,299.7117407,42299,81,25,97,66557,1.573488735,Ragi
2010,MYSORE,Rabi       ,1014.12225,298.5721363,11663,88,27,68,19310,1.655663208,Ragi
2010,MYSORE,Summer     ,1016.043933,299.2477873,379,85,48,60,501,1.321899736,Ragi
2010,MYSORE,Kharif     ,1016.378487,298.9295723,106382,146,67,49,337247,3.170150965,Rice
2010,MYSORE,Summer     ,1017.50367,299.4456974,18712,85,70,24,56724,3.031423685,Rice
2010,RAICHUR,Kharif     ,1015.246849,304.6537793,358,52,52,90,1029,2.874301676,Maize
2010,RAICHUR,Rabi       ,1016.063335,303.7511639,339,122,22,50,999,2.946902655,Maize
2010,RAICHUR,Summer     ,1017.23475,303.441791,316,57,79,71,1075,3.401898734,Maize
2010,RAICHUR,Kharif     ,1017.448374,304.0689426,100297,146,54,42,309529,3.086124211,Rice
2010,RAICHUR,Summer     ,1016.37383,304.3223248,74459,119,24,67,212420,2.85284519,Rice
2010,RAMANAGARA,Kharif     ,1017.830629,301.8885157,1134,90,46,59,5367,4.732804233,Maize
2010,RAMANAGARA,Rabi       ,1016.970283,303.0625503,200,117,63,25,589,2.945,Maize
2010,RAMANAGARA,Summer     ,1016.932063,303.0841991,391,62,31,57,1330,3.401534527,Maize
2010,RAMANAGARA,Kharif     ,1016.051936,303.3979243,72967,98,39,60,165230,2.264448312,Ragi
2010,RAMANAGARA,Rabi       ,1017.694239,302.6942254,67,109,64,46,139,2.074626866,Ragi
2010,RAMANAGARA,Summer     ,1016.972226,302.2481362,440,51,39,94,861,1.956818182,Ragi
2010,RAMANAGARA,Kharif     ,1017.729089,303.3255124,7884,109,28,88,19794,2.51065449,Rice
2010,RAMANAGARA,Summer     ,1015.165392,303.3831842,589,54,58,76,1744,2.960950764,Rice
2010,SHIMOGA,Kharif     ,1014.334444,301.6070257,60120,93,23,36,256876,4.272721224,Maize
2010,SHIMOGA,Rabi       ,1014.650084,301.5305849,269,76,70,90,1158,4.304832714,Maize
2010,SHIMOGA,Summer     ,1017.930773,300.8702145,3345,81,73,66,15965,4.772795217,Maize
2010,SHIMOGA,Kharif     ,1014.308991,300.9659148,1310,70,38,98,1890,1.442748092,Ragi
2010,SHIMOGA,Summer     ,1014.350021,300.0178892,44,57,57,32,86,1.954545455,Ragi
2010,SHIMOGA,Kharif     ,1016.168859,301.5979673,112819,121,46,30,307516,2.72574655,Rice
2010,SHIMOGA,Summer     ,1015.794721,300.4093592,19575,99,64,43,67802,3.463703704,Rice
2010,TUMKUR,Kharif     ,1016.028974,300.7410181,20840,116,62,92,55194,2.648464491,Maize
2010,TUMKUR,Rabi       ,1015.135057,301.9317288,518,93,32,23,1138,2.196911197,Maize
2010,TUMKUR,Summer     ,1014.492585,301.5841929,399,107,32,65,1062,2.661654135,Maize
2010,TUMKUR,Kharif     ,1015.584954,300.8406821,178909,52,79,37,304510,1.702038466,Ragi
2010,TUMKUR,Rabi       ,1017.943259,301.2213237,417,135,76,62,828,1.985611511,Ragi
2010,TUMKUR,Summer     ,1017.90998,302.1330814,1517,119,41,99,2970,1.95781147,Ragi
2010,TUMKUR,Kharif     ,1017.490533,302.2991778,23766,51,47,52,66025,2.778128419,Rice
2010,TUMKUR,Rabi       ,1015.977318,301.7746547,461,136,71,29,1421,3.082429501,Rice
2010,TUMKUR,Summer     ,1016.315465,300.7587354,10349,93,66,92,31186,3.013431249,Rice
2010,UDUPI,Rabi       ,1015.167642,304.3490408,17,51,72,78,50,2.941176471,Maize
2010,UDUPI,Summer     ,1015.018265,303.8887129,3,130,64,50,10,3.333333333,Maize
2010,UDUPI,Kharif     ,1015.324026,303.0568836,47200,84,41,47,122102,2.58690678,Rice
2010,UDUPI,Rabi       ,1017.643224,304.3191255,8982,147,62,79,19578,2.179692719,Rice
2010,UDUPI,Summer     ,1016.947221,304.3007881,158,136,38,22,382,2.417721519,Rice
2010,UTTAR KANNAD,Kharif     ,1017.417703,297.4049119,4143,79,27,74,17818,4.30074825,Maize
2010,UTTAR KANNAD,Rabi       ,1017.621942,297.0468091,212,57,71,33,625,2.948113208,Maize
2010,UTTAR KANNAD,Summer     ,1015.398635,297.7257287,134,71,27,77,302,2.253731343,Maize
2010,UTTAR KANNAD,Kharif     ,1014.579085,296.4762692,8,93,61,34,8,1,Ragi
2010,UTTAR KANNAD,Rabi       ,1014.695607,296.3542371,4,107,45,21,7,1.75,Ragi
2010,UTTAR KANNAD,Kharif     ,1014.990727,297.0820375,75425,85,67,43,143863,1.907364932,Rice
2010,UTTAR KANNAD,Rabi       ,1017.952051,297.4216426,2036,118,70,97,4460,2.190569745,Rice
2010,UTTAR KANNAD,Summer     ,1017.030568,296.6801778,1558,126,45,83,3137,2.013478819,Rice
2010,YADGIR,Kharif     ,1017.441875,303.7922055,471,142,42,90,921,1.955414013,Maize
2010,YADGIR,Rabi       ,1015.27572,302.6162309,101,80,62,43,291,2.881188119,Maize
2010,YADGIR,Summer     ,1016.071309,302.3360523,17,96,32,46,58,3.411764706,Maize
2010,YADGIR,Kharif     ,1017.569989,302.8059368,52699,104,47,56,106769,2.026015674,Rice
2010,YADGIR,Rabi       ,1015.729654,302.7053445,3520,129,28,58,8166,2.319886364,Rice
2010,YADGIR,Summer     ,1014.305708,303.5158721,39552,111,39,82,81236,2.053903722,Rice
2011,BAGALKOT,Kharif     ,1016.917884,303.2274566,55883,79,75,98,197044,3.526009699,Maize
2011,BAGALKOT,Rabi       ,1014.808132,302.7917964,24019,104,38,45,74159,3.087514051,Maize
2011,BAGALKOT,Summer     ,1015.373201,303.4682241,2395,65,67,84,8680,3.624217119,Maize
2011,BAGALKOT,Kharif     ,1017.92872,302.4816354,79,61,58,23,254,3.215189873,Rice
2011,BAGALKOT,Summer     ,1016.867424,303.5549429,6,66,70,48,20,3.333333333,Rice
2011,BANGALORE RURAL,Kharif     ,1017.705211,300.6199844,14355,65,31,20,66335,4.621037966,Maize
2011,BANGALORE RURAL,Rabi       ,1017.844909,299.6766727,100,61,34,69,323,3.23,Maize
2011,BANGALORE RURAL,Summer     ,1015.045732,299.2207866,96,57,50,30,327,3.40625,Maize
2011,BANGALORE RURAL,Kharif     ,1014.21526,299.4868256,42716,133,74,93,100336,2.348909074,Ragi
2011,BANGALORE RURAL,Rabi       ,1016.116329,299.5112508,155,52,33,78,312,2.012903226,Ragi
2011,BANGALORE RURAL,Summer     ,1017.39274,300.1456348,103,65,30,81,198,1.922330097,Ragi
2011,BANGALORE RURAL,Kharif     ,1014.590022,299.321414,1460,79,45,55,4836,3.312328767,Rice
2011,BANGALORE RURAL,Summer     ,1015.743274,300.5680415,153,72,61,75,521,3.405228758,Rice
2011,BELGAUM,Kharif     ,1014.923119,299.7392145,111075,141,46,40,386569,3.480252082,Maize
2011,BELGAUM,Rabi       ,1015.093553,299.5371901,34155,54,30,32,109475,3.205240814,Maize
2011,BELGAUM,Summer     ,1017.166214,299.5834874,2768,133,57,28,7997,2.889089595,Maize
2011,BELGAUM,Kharif     ,1015.622248,299.2480144,525,114,53,30,371,0.706666667,Ragi
2011,BELGAUM,Kharif     ,1015.429195,299.3340677,68215,79,62,94,158758,2.327318039,Rice
2011,BELGAUM,Summer     ,1017.563608,299.9935209,92,70,38,89,313,3.402173913,Rice
2011,BELLARY,Kharif     ,1015.350074,304.5971883,98727,133,25,20,207485,2.101603411,Maize
2011,BELLARY,Rabi       ,1014.719383,304.6060442,2976,119,65,89,9830,3.303091398,Maize
2011,BELLARY,Summer     ,1015.551529,303.7312346,1947,71,71,96,4591,2.357986646,Maize
2011,BELLARY,Kharif     ,1015.934021,303.3753995,3580,131,57,75,2472,0.690502793,Ragi
2011,BELLARY,Rabi       ,1017.982514,303.887643,13,121,68,50,24,1.846153846,Ragi
2011,BELLARY,Summer     ,1017.361177,304.1501772,149,81,61,56,287,1.926174497,Ragi
2011,BELLARY,Kharif     ,1017.555867,303.3445969,77226,82,47,66,288837,3.74015228,Rice
2011,BELLARY,Summer     ,1017.172916,303.1641892,38943,65,20,97,139548,3.58339111,Rice
2011,BENGALURU URBAN,Kharif     ,1017.098246,301.5348043,633,125,54,66,1963,3.101105845,Maize
2011,BENGALURU URBAN,Rabi       ,1016.77788,301.7018648,73,87,59,88,236,3.232876712,Maize
2011,BENGALURU URBAN,Summer     ,1014.405819,302.7308462,125,147,27,77,426,3.408,Maize
2011,BENGALURU URBAN,Kharif     ,1014.882976,302.9474722,24419,63,78,55,70059,2.869036406,Ragi
2011,BENGALURU URBAN,Rabi       ,1015.315282,302.0869324,122,85,71,51,245,2.008196721,Ragi
2011,BENGALURU URBAN,Summer     ,1016.905654,302.1902428,110,146,73,83,212,1.927272727,Ragi
2011,BENGALURU URBAN,Kharif     ,1014.357291,301.9201769,1410,72,66,90,4853,3.441843972,Rice
2011,BENGALURU URBAN,Summer     ,1015.802214,301.1571124,360,115,75,61,1400,3.888888889,Rice
2011,BIDAR,Kharif     ,1014.568848,299.9483236,943,134,26,67,2107,2.234358431,Maize
2011,BIDAR,Rabi       ,1014.212746,300.7505464,400,51,30,93,1036,2.59,Maize
2011,BIDAR,Summer     ,1017.105304,301.0314362,184,140,58,49,385,2.092391304,Maize
2011,BIDAR,Kharif     ,1015.497556,301.0271371,6489,122,23,40,5830,0.89844352,Rice
2011,BIJAPUR,Kharif     ,1017.420111,300.7661517,67424,114,44,79,239977,3.559222235,Maize
2011,BIJAPUR,Rabi       ,1014.332714,300.8258838,11094,124,31,32,38458,3.4665585,Maize
2011,BIJAPUR,Summer     ,1017.877821,300.3905568,3372,116,45,20,9046,2.682680902,Maize
2011,BIJAPUR,Kharif     ,1017.326291,301.3283484,88,101,57,84,283,3.215909091,Rice
2011,CHAMARAJANAGAR,Kharif     ,1016.988219,294.4786009,35369,111,65,52,77499,2.191156097,Maize
2011,CHAMARAJANAGAR,Rabi       ,1017.485026,294.521183,1256,72,31,57,3737,2.975318471,Maize
2011,CHAMARAJANAGAR,Summer     ,1016.932271,296.1973042,2082,75,62,44,10307,4.950528338,Maize
2011,CHAMARAJANAGAR,Kharif     ,1017.408262,296.077174,16470,117,70,45,19499,1.18391014,Ragi
2011,CHAMARAJANAGAR,Rabi       ,1015.831465,295.8670206,419,131,72,96,717,1.711217184,Ragi
2011,CHAMARAJANAGAR,Summer     ,1016.272377,294.6517623,141,104,56,78,412,2.921985816,Ragi
2011,CHAMARAJANAGAR,Kharif     ,1015.180782,295.3790849,14443,55,65,52,43509,3.012462785,Rice
2011,CHAMARAJANAGAR,Rabi       ,1014.972456,294.8698151,489,84,72,60,1693,3.462167689,Rice
2011,CHAMARAJANAGAR,Summer     ,1017.960423,294.6156991,509,71,43,49,1565,3.074656189,Rice
2011,CHIKBALLAPUR,Kharif     ,1016.960156,305.0649589,57621,92,35,76,157526,2.73382968,Maize
2011,CHIKBALLAPUR,Rabi       ,1016.91798,304.4680202,487,64,76,68,1507,3.094455852,Maize
2011,CHIKBALLAPUR,Summer     ,1015.407374,304.3571361,877,135,32,67,4357,4.968072976,Maize
2011,CHIKBALLAPUR,Kharif     ,1014.199062,305.2053211,38478,109,44,91,72066,1.872914393,Ragi
2011,CHIKBALLAPUR,Rabi       ,1015.631,304.9886945,22,61,73,68,44,2,Ragi
2011,CHIKBALLAPUR,Summer     ,1016.043155,305.2676139,208,98,73,66,401,1.927884615,Ragi
2011,CHIKBALLAPUR,Kharif     ,1014.014036,304.9747219,5152,91,76,75,15249,2.959821429,Rice
2011,CHIKBALLAPUR,Summer     ,1016.626087,305.1778238,470,87,71,84,1594,3.391489362,Rice
2011,CHIKMAGALUR,Kharif     ,1017.593354,297.020084,25064,131,73,31,63622,2.538381743,Maize
2011,CHIKMAGALUR,Kharif     ,1015.240472,297.5604996,39215,94,23,88,48505,1.236899146,Ragi
2011,CHIKMAGALUR,Kharif     ,1017.60637,298.2804464,41880,84,30,25,113629,2.713204394,Rice
2011,CHIKMAGALUR,Summer     ,1017.899552,296.5068811,3496,79,51,84,8971,2.566075515,Rice
2011,CHITRADURGA,Kharif     ,1017.274134,302.1778012,97918,137,68,44,162562,1.660185053,Maize
2011,CHITRADURGA,Rabi       ,1016.703789,302.3144476,3923,79,26,20,9884,2.519500382,Maize
2011,CHITRADURGA,Summer     ,1017.006518,302.0024345,1220,127,65,51,3310,2.713114754,Maize
2011,CHITRADURGA,Kharif     ,1014.889014,302.4465799,39112,55,77,22,35937,0.918822868,Ragi
2011,CHITRADURGA,Rabi       ,1014.297665,301.0518408,431,116,30,68,639,1.482598608,Ragi
2011,CHITRADURGA,Summer     ,1015.398008,301.8253339,1634,129,47,38,2020,1.23623011,Ragi
2011,CHITRADURGA,Kharif     ,1014.434464,302.3369895,4723,56,73,79,10517,2.226762651,Rice
2011,CHITRADURGA,Rabi       ,1017.031497,300.8822538,510,101,60,48,1174,2.301960784,Rice
2011,CHITRADURGA,Summer     ,1015.062062,301.5823864,763,63,42,69,1524,1.997378768,Rice
2011,DAKSHIN KANNAD,Summer     ,1016.502091,300.7524273,6,122,64,21,12,2,Maize
2011,DAKSHIN KANNAD,Kharif     ,1014.321899,300.7124427,32423,64,42,92,87200,2.689448848,Rice
2011,DAKSHIN KANNAD,Rabi       ,1014.716028,299.9303485,21231,70,69,75,47207,2.223493948,Rice
2011,DAKSHIN KANNAD,Summer     ,1015.43885,299.4433825,1512,84,47,36,3766,2.490740741,Rice
2011,DAVANGERE,Kharif     ,1015.010024,302.1403613,175401,115,62,79,477066,2.719859066,Maize
2011,DAVANGERE,Rabi       ,1016.590146,301.6567222,1596,140,66,55,5737,3.594611529,Maize
2011,DAVANGERE,Summer     ,1017.222619,302.1813537,827,51,76,80,2158,2.609431681,Maize
2011,DAVANGERE,Kharif     ,1014.398056,301.6124586,13650,84,45,36,14545,1.065567766,Ragi
2011,DAVANGERE,Rabi       ,1016.334786,302.0257643,407,131,44,68,472,1.15970516,Ragi
2011,DAVANGERE,Summer     ,1014.696354,301.1567925,307,127,73,95,591,1.925081433,Ragi
2011,DAVANGERE,Kharif     ,1014.473652,301.0568912,78404,69,48,79,276223,3.523072802,Rice
2011,DAVANGERE,Summer     ,1014.319701,300.8772945,66915,131,38,39,269152,4.022296944,Rice
2011,DHARWAD,Kharif     ,1017.08578,298.9910356,40717,59,52,69,85321,2.095463811,Maize
2011,DHARWAD,Rabi       ,1014.061213,300.7669917,3795,74,55,22,10313,2.717523057,Maize
2011,DHARWAD,Summer     ,1016.401972,299.263804,760,115,33,62,2109,2.775,Maize
2011,DHARWAD,Kharif     ,1015.834447,299.9978029,50,74,33,76,56,1.12,Ragi
2011,DHARWAD,Kharif     ,1016.010504,300.432915,25634,103,54,69,25790,1.006085667,Rice
2011,DHARWAD,Summer     ,1015.88891,300.4322597,195,82,49,87,663,3.4,Rice
2011,GADAG,Kharif     ,1015.653067,301.1863615,62334,85,47,69,131926,2.116437257,Maize
2011,GADAG,Rabi       ,1016.912648,301.7113572,1450,144,36,56,2769,1.909655172,Maize
2011,GADAG,Summer     ,1014.087038,301.5694165,76,63,22,65,259,3.407894737,Maize
2011,GADAG,Kharif     ,1017.939561,300.6209573,11,114,35,61,12,1.090909091,Ragi
2011,GADAG,Kharif     ,1014.561517,300.93294,1063,129,65,34,2933,2.759172154,Rice
2011,GADAG,Summer     ,1015.236148,301.2152549,644,103,49,52,1474,2.288819876,Rice
2011,GULBARGA,Kharif     ,1017.088523,301.9939393,5918,101,71,99,13977,2.361777628,Maize
2011,GULBARGA,Rabi       ,1014.937865,301.2981145,262,52,48,30,190,0.72519084,Maize
2011,GULBARGA,Summer     ,1017.673084,301.7109852,779,148,64,39,1104,1.41720154,Maize
2011,GULBARGA,Kharif     ,1014.756468,301.7352543,3282,90,34,43,5331,1.624314442,Rice
2011,GULBARGA,Rabi       ,1016.680164,300.5280667,575,55,65,83,718,1.248695652,Rice
2011,GULBARGA,Summer     ,1017.205774,300.2163898,106,74,75,99,182,1.716981132,Rice
2011,HASSAN,Kharif     ,1014.017799,297.2307927,56445,62,44,84,191839,3.398688989,Maize
2011,HASSAN,Rabi       ,1016.877638,296.855843,8075,147,70,92,22895,2.835294118,Maize
2011,HASSAN,Summer     ,1016.732991,297.1645269,575,57,57,95,1959,3.406956522,Maize
2011,HASSAN,Kharif     ,1015.430843,297.1407949,58620,70,61,36,76377,1.302917093,Ragi
2011,HASSAN,Rabi       ,1017.284076,296.7472099,13176,147,78,80,17510,1.32893139,Ragi
2011,HASSAN,Summer     ,1016.322773,297.2753769,142,117,66,34,273,1.922535211,Ragi
2011,HASSAN,Kharif     ,1015.736579,296.9002374,46451,74,72,70,119911,2.581451422,Rice
2011,HASSAN,Rabi       ,1014.122229,296.8513325,523,128,73,46,1388,2.653919694,Rice
2011,HASSAN,Summer     ,1016.054619,296.8300988,1895,117,71,93,4710,2.485488127,Rice
2011,HAVERI,Kharif     ,1014.241621,301.0310234,128640,94,77,80,422394,3.283535448,Maize
2011,HAVERI,Rabi       ,1015.157564,300.0203103,6870,109,57,77,24040,3.499272198,Maize
2011,HAVERI,Summer     ,1014.322445,300.543321,3468,61,42,50,10408,3.001153403,Maize
2011,HAVERI,Kharif     ,1014.748628,299.6237264,604,81,44,31,528,0.874172185,Ragi
2011,HAVERI,Kharif     ,1015.14712,300.9713978,44761,145,61,65,102249,2.284332343,Rice
2011,HAVERI,Summer     ,1016.240579,300.1241842,4917,141,26,50,16340,3.323164531,Rice
2011,KODAGU,Kharif     ,1017.905907,306.8491413,3625,62,41,51,13792,3.804689655,Maize
2011,KODAGU,Rabi       ,1017.65466,306.675214,35,80,36,51,113,3.228571429,Maize
2011,KODAGU,Summer     ,1016.051425,306.0828221,43,127,37,72,147,3.418604651,Maize
2011,KODAGU,Kharif     ,1014.664433,306.2701156,229,69,68,80,385,1.681222707,Ragi
2011,KODAGU,Rabi       ,1016.842394,307.0835244,20,67,60,65,33,1.65,Ragi
2011,KODAGU,Kharif     ,1017.710164,307.2516743,34065,142,29,93,88570,2.600029356,Rice
2011,KODAGU,Rabi       ,1014.410796,306.8979779,3,109,29,99,7,2.333333333,Rice
2011,KODAGU,Summer     ,1014.982842,307.426938,147,112,76,26,450,3.06122449,Rice
2011,KOLAR,Kharif     ,1017.662541,301.8461983,550,55,26,23,1697,3.085454545,Maize
2011,KOLAR,Rabi       ,1016.342081,300.9398486,80,81,67,71,258,3.225,Maize
2011,KOLAR,Summer     ,1016.183403,300.9983473,209,142,69,50,712,3.406698565,Maize
2011,KOLAR,Kharif     ,1014.209179,300.917258,60011,92,57,94,118044,1.967039376,Ragi
2011,KOLAR,Rabi       ,1016.185603,301.0366718,77,51,46,55,155,2.012987013,Ragi
2011,KOLAR,Summer     ,1016.564772,301.1202319,185,109,71,73,356,1.924324324,Ragi
2011,KOLAR,Kharif     ,1016.120339,302.0006343,5138,72,52,73,10063,1.958544181,Rice
2011,KOLAR,Summer     ,1014.521893,301.6458074,65,132,20,36,221,3.4,Rice
2011,KOPPAL,Kharif     ,1015.252656,302.3006261,46264,80,63,94,127395,2.753652948,Maize
2011,KOPPAL,Rabi       ,1016.000495,303.4970698,4077,54,72,49,10864,2.66470444,Maize
2011,KOPPAL,Summer     ,1015.371115,301.7756767,2775,132,79,41,9077,3.270990991,Maize
2011,KOPPAL,Kharif     ,1016.84616,303.2644411,42421,83,53,62,161960,3.81792037,Rice
2011,KOPPAL,Summer     ,1014.61916,301.851757,33652,59,23,46,115410,3.429513848,Rice
2011,MANDYA,Kharif     ,1017.334939,299.1308304,4498,138,36,56,9662,2.148065807,Maize
2011,MANDYA,Rabi       ,1017.730371,300.3004017,180,51,23,65,581,3.227777778,Maize
2011,MANDYA,Summer     ,1017.277447,299.0033251,581,60,62,54,1980,3.407917384,Maize
2011,MANDYA,Kharif     ,1017.489951,300.3583125,49329,99,73,23,82707,1.676640516,Ragi
2011,MANDYA,Rabi       ,1015.132821,299.6354614,3268,80,45,99,6421,1.964810282,Ragi
2011,MANDYA,Summer     ,1014.035039,298.8451363,2933,105,23,99,6598,2.249573815,Ragi
2011,MANDYA,Kharif     ,1014.312803,298.9681741,57137,128,20,45,225491,3.946497016,Rice
2011,MANDYA,Summer     ,1016.945227,299.7207094,17024,122,26,38,53322,3.132166353,Rice
2011,MYSORE,Kharif     ,1016.361377,299.8197499,28414,136,49,64,77629,2.732068699,Maize
2011,MYSORE,Rabi       ,1017.547698,298.7299699,4602,132,69,45,13516,2.93698392,Maize
2011,MYSORE,Summer     ,1017.369921,300.0180824,186,58,28,41,634,3.408602151,Maize
2011,MYSORE,Kharif     ,1015.243402,299.0632321,29873,148,54,77,51570,1.726308037,Ragi
2011,MYSORE,Rabi       ,1015.672146,299.5082162,15363,70,27,82,23774,1.547484215,Ragi
2011,MYSORE,Summer     ,1017.877675,299.208788,166,122,43,47,207,1.246987952,Ragi
2011,MYSORE,Kharif     ,1017.506429,299.8630187,107820,77,38,84,349693,3.243303654,Rice
2011,MYSORE,Rabi       ,1015.690958,299.5653581,4,111,55,63,9,2.25,Rice
2011,MYSORE,Summer     ,1014.523217,298.4886897,13180,56,69,62,45113,3.422837633,Rice
2011,RAICHUR,Kharif     ,1016.942432,304.5575705,329,129,71,56,1074,3.26443769,Maize
2011,RAICHUR,Rabi       ,1016.548553,302.9484018,199,65,78,85,642,3.226130653,Maize
2011,RAICHUR,Summer     ,1016.495439,304.8741203,159,146,62,36,542,3.408805031,Maize
2011,RAICHUR,Kharif     ,1015.120179,304.2726352,105525,53,46,59,346950,3.287846482,Rice
2011,RAICHUR,Summer     ,1015.82697,304.3431104,37175,53,51,57,108244,2.911741762,Rice
2011,RAMANAGARA,Kharif     ,1016.954206,302.6522391,1959,89,33,80,6797,3.469627361,Maize
2011,RAMANAGARA,Rabi       ,1017.274669,302.0673452,131,66,76,28,482,3.679389313,Maize
2011,RAMANAGARA,Summer     ,1014.302619,302.6778392,299,101,37,96,1019,3.408026756,Maize
2011,RAMANAGARA,Kharif     ,1016.725213,302.8205851,70613,142,47,94,165450,2.343052979,Ragi
2011,RAMANAGARA,Rabi       ,1015.617671,303.2575026,10,101,79,80,20,2,Ragi
2011,RAMANAGARA,Summer     ,1014.938692,302.3814867,335,85,48,99,645,1.925373134,Ragi
2011,RAMANAGARA,Kharif     ,1016.71461,302.4102685,7230,87,35,35,19461,2.691701245,Rice
2011,RAMANAGARA,Summer     ,1015.47676,303.4250381,467,99,54,21,802,1.717344754,Rice
2011,SHIMOGA,Kharif     ,1017.25082,301.1406558,57418,112,66,91,241810,4.211397123,Maize
2011,SHIMOGA,Rabi       ,1015.471425,301.07453,976,112,78,62,4598,4.711065574,Maize
2011,SHIMOGA,Summer     ,1017.017507,300.5688047,4623,111,78,61,22012,4.76141034,Maize
2011,SHIMOGA,Kharif     ,1014.534432,300.7125099,1016,148,50,96,1538,1.513779528,Ragi
2011,SHIMOGA,Rabi       ,1015.602631,300.9455175,1,56,23,76,2,2,Ragi
2011,SHIMOGA,Summer     ,1017.069063,300.7034921,42,76,56,86,81,1.928571429,Ragi
2011,SHIMOGA,Kharif     ,1017.225952,300.2235268,111399,141,36,49,324594,2.913796354,Rice
2011,SHIMOGA,Summer     ,1016.862414,300.1810101,17580,135,58,32,60060,3.416382253,Rice
2011,TUMKUR,Kharif     ,1017.528293,302.5243335,25130,63,67,38,57843,2.301750895,Maize
2011,TUMKUR,Rabi       ,1014.873945,301.4045579,231,120,65,26,583,2.523809524,Maize
2011,TUMKUR,Summer     ,1016.536841,301.9392331,533,135,45,28,1707,3.202626642,Maize
2011,TUMKUR,Kharif     ,1016.934996,302.3616145,149946,54,67,73,226360,1.509610126,Ragi
2011,TUMKUR,Rabi       ,1016.598179,301.0599165,362,104,58,80,562,1.552486188,Ragi
2011,TUMKUR,Summer     ,1015.459836,302.568837,1153,51,60,21,2368,2.053772767,Ragi
2011,TUMKUR,Kharif     ,1014.174673,300.9253001,22359,111,23,69,56895,2.544612908,Rice
2011,TUMKUR,Rabi       ,1014.275119,300.8950471,239,140,49,94,772,3.230125523,Rice
2011,TUMKUR,Summer     ,1016.695813,301.7978359,5839,70,49,50,19498,3.339270423,Rice
2011,UDUPI,Rabi       ,1016.060896,304.3509597,9,128,41,52,29,3.222222222,Maize
2011,UDUPI,Summer     ,1015.508237,304.6313758,21,70,30,97,44,2.095238095,Maize
2011,UDUPI,Kharif     ,1015.266863,304.3261642,46990,59,21,99,121037,2.575803362,Rice
2011,UDUPI,Rabi       ,1015.774442,303.8767879,8239,136,63,30,18951,2.300157786,Rice
2011,UDUPI,Summer     ,1016.980729,303.6516975,103,107,31,52,231,2.242718447,Rice
2011,UTTAR KANNAD,Kharif     ,1015.115696,297.6299485,3633,88,49,26,10596,2.916597853,Maize
2011,UTTAR KANNAD,Rabi       ,1017.854603,296.9971309,214,54,55,50,690,3.224299065,Maize
2011,UTTAR KANNAD,Summer     ,1016.764688,297.8665551,367,114,37,67,994,2.708446866,Maize
2011,UTTAR KANNAD,Kharif     ,1015.743451,297.5397542,6,62,45,66,7,1.166666667,Ragi
2011,UTTAR KANNAD,Rabi       ,1017.089832,298.1765363,4,134,72,97,7,1.75,Ragi
2011,UTTAR KANNAD,Kharif     ,1017.775339,297.7971194,72590,139,26,72,144585,1.991803279,Rice
2011,UTTAR KANNAD,Rabi       ,1016.100983,297.472279,1869,134,20,99,4262,2.280363831,Rice
2011,UTTAR KANNAD,Summer     ,1016.218778,296.5642647,1289,102,77,38,2818,2.186190846,Rice
2011,YADGIR,Kharif     ,1015.363207,303.840523,241,131,45,25,374,1.55186722,Maize
2011,YADGIR,Rabi       ,1015.121662,303.1259674,97,94,42,68,308,3.175257732,Maize
2011,YADGIR,Summer     ,1014.852117,302.5582441,141,81,45,92,480,3.404255319,Maize
2011,YADGIR,Kharif     ,1017.224092,303.4554787,51863,85,64,69,102798,1.982106704,Rice
2011,YADGIR,Rabi       ,1014.187221,302.0254656,9510,130,25,31,18015,1.894321767,Rice
2011,YADGIR,Summer     ,1014.914623,302.2141914,7726,148,25,42,11222,1.452498059,Rice
2012,BAGALKOT,Kharif     ,1015.865339,303.5664655,41945,109,63,73,106154,2.530790321,Maize
2012,BAGALKOT,Rabi       ,1017.624025,301.9357779,24328,60,27,88,63025,2.590636304,Maize
2012,BAGALKOT,Summer     ,1015.557339,301.8465236,2192,112,43,78,8432,3.846715328,Maize
2012,BAGALKOT,Kharif     ,1017.619401,303.3361627,49,70,41,55,125,2.551020408,Rice
2012,BANGALORE RURAL,Kharif     ,1014.448278,299.6531974,10363,101,38,22,33207,3.204380971,Maize
2012,BANGALORE RURAL,Rabi       ,1015.305599,300.0122668,82,104,56,77,248,3.024390244,Maize
2012,BANGALORE RURAL,Summer     ,1016.662212,300.2708815,66,75,37,74,227,3.439393939,Maize
2012,BANGALORE RURAL,Kharif     ,1017.928238,299.6916995,39812,117,50,76,92776,2.330352657,Ragi
2012,BANGALORE RURAL,Rabi       ,1014.307345,300.8559616,123,83,56,36,177,1.43902439,Ragi
2012,BANGALORE RURAL,Summer     ,1016.473091,299.9081753,91,101,49,58,136,1.494505495,Ragi
2012,BANGALORE RURAL,Kharif     ,1015.043148,300.1758126,963,131,76,87,2796,2.903426791,Rice
2012,BANGALORE RURAL,Rabi       ,1015.834441,300.5742751,1,148,61,74,2,2,Rice
2012,BANGALORE RURAL,Summer     ,1016.946037,300.848848,13,142,52,64,41,3.153846154,Rice
2012,BELGAUM,Kharif     ,1014.588931,298.5588254,91964,101,29,95,231694,2.519398895,Maize
2012,BELGAUM,Rabi       ,1017.768278,299.1310583,37993,78,56,20,111601,2.937409523,Maize
2012,BELGAUM,Summer     ,1014.847983,299.8078653,3211,87,31,40,9536,2.969791342,Maize
2012,BELGAUM,Kharif     ,1015.887692,299.1368941,903,91,73,40,672,0.744186047,Ragi
2012,BELGAUM,Kharif     ,1017.843739,299.7364416,63613,70,49,71,94818,1.490544386,Rice
2012,BELGAUM,Summer     ,1017.656153,298.6664389,82,91,46,62,260,3.170731707,Rice
2012,BELLARY,Kharif     ,1016.324203,303.4192256,104728,62,58,71,241566,2.306603774,Maize
2012,BELLARY,Rabi       ,1014.975645,303.5013954,2129,113,28,86,6385,2.999060592,Maize
2012,BELLARY,Summer     ,1016.315476,304.2304839,2260,66,73,63,6523,2.886283186,Maize
2012,BELLARY,Kharif     ,1017.837978,304.3470223,4102,58,40,51,2015,0.491223793,Ragi
2012,BELLARY,Rabi       ,1016.047468,303.9456001,6,90,31,29,9,1.5,Ragi
2012,BELLARY,Summer     ,1015.489004,303.168123,66,50,74,83,99,1.5,Ragi
2012,BELLARY,Kharif     ,1014.636906,304.5959045,78029,51,48,98,289394,3.708800574,Rice
2012,BELLARY,Summer     ,1014.695561,304.5502395,31119,109,52,88,98386,3.16160545,Rice
2012,BENGALURU URBAN,Kharif     ,1016.000013,303.0499229,808,97,62,87,2072,2.564356436,Maize
2012,BENGALURU URBAN,Rabi       ,1017.240245,302.4940536,68,78,72,47,206,3.029411765,Maize
2012,BENGALURU URBAN,Summer     ,1015.733017,302.6828543,101,146,34,72,347,3.435643564,Maize
2012,BENGALURU URBAN,Kharif     ,1016.49572,302.7656239,22457,59,21,70,49517,2.204969497,Ragi
2012,BENGALURU URBAN,Rabi       ,1014.530984,302.6931524,43,107,71,72,62,1.441860465,Ragi
2012,BENGALURU URBAN,Summer     ,1014.802801,301.1234585,95,109,58,23,142,1.494736842,Ragi
2012,BENGALURU URBAN,Kharif     ,1015.945798,301.4270252,974,70,72,98,3006,3.0862423,Rice
2012,BENGALURU URBAN,Rabi       ,1014.691623,301.740743,42,77,63,36,101,2.404761905,Rice
2012,BENGALURU URBAN,Summer     ,1016.911505,301.6631346,178,124,73,86,639,3.58988764,Rice
2012,BIDAR,Kharif     ,1016.544522,301.0808119,1937,83,37,93,4967,2.564274652,Maize
2012,BIDAR,Rabi       ,1017.72839,300.4170279,444,57,22,66,1344,3.027027027,Maize
2012,BIDAR,Summer     ,1016.160629,300.9547362,337,108,26,75,1158,3.43620178,Maize
2012,BIDAR,Kharif     ,1014.855286,300.428659,4939,135,62,42,4880,0.988054262,Rice
2012,BIJAPUR,Kharif     ,1014.075047,300.4529053,53818,121,37,37,166214,3.088446245,Maize
2012,BIJAPUR,Rabi       ,1017.070249,301.3682053,14422,98,63,20,48392,3.355429205,Maize
2012,BIJAPUR,Summer     ,1015.808047,301.036969,4006,128,57,54,13720,3.424862706,Maize
2012,BIJAPUR,Kharif     ,1017.427842,301.453519,97,66,56,83,247,2.546391753,Rice
2012,CHAMARAJANAGAR,Kharif     ,1014.283811,295.8654768,25377,109,77,77,79436,3.130236041,Maize
2012,CHAMARAJANAGAR,Rabi       ,1015.063901,295.112634,8274,136,52,78,32212,3.893159294,Maize
2012,CHAMARAJANAGAR,Summer     ,1015.349714,295.0050222,1336,137,63,20,6173,4.620508982,Maize
2012,CHAMARAJANAGAR,Kharif     ,1014.192469,294.9310473,8117,94,78,22,10395,1.280645559,Ragi
2012,CHAMARAJANAGAR,Rabi       ,1016.601025,294.7230916,4861,132,50,86,9707,1.996914215,Ragi
2012,CHAMARAJANAGAR,Summer     ,1015.693635,294.8321322,267,118,77,56,689,2.580524345,Ragi
2012,CHAMARAJANAGAR,Kharif     ,1015.83991,294.6245364,6871,81,30,48,23401,3.405763353,Rice
2012,CHAMARAJANAGAR,Rabi       ,1015.687087,295.8497125,5933,93,23,52,20646,3.479858419,Rice
2012,CHAMARAJANAGAR,Summer     ,1014.197095,294.5358969,260,114,78,80,1220,4.692307692,Rice
2012,CHIKBALLAPUR,Kharif     ,1016.722597,304.4030955,59778,136,37,23,165143,2.762604972,Maize
2012,CHIKBALLAPUR,Rabi       ,1017.752774,305.3137718,629,57,23,33,2345,3.728139905,Maize
2012,CHIKBALLAPUR,Summer     ,1017.182152,304.1998922,450,126,68,52,2373,5.273333333,Maize
2012,CHIKBALLAPUR,Kharif     ,1017.900557,305.5139709,47375,121,53,41,94558,1.99594723,Ragi
2012,CHIKBALLAPUR,Rabi       ,1017.559627,304.2677795,140,136,48,67,202,1.442857143,Ragi
2012,CHIKBALLAPUR,Summer     ,1015.995864,305.3342668,139,92,43,22,208,1.496402878,Ragi
2012,CHIKBALLAPUR,Kharif     ,1016.740009,304.7076256,3082,50,41,42,8623,2.797858533,Rice
2012,CHIKBALLAPUR,Summer     ,1016.487673,305.2882773,133,100,21,87,422,3.172932331,Rice
2012,CHIKMAGALUR,Kharif     ,1014.77254,298.1630038,17385,73,63,40,36120,2.077653149,Maize
2012,CHIKMAGALUR,Summer     ,1014.793807,297.610101,4,148,25,62,14,3.5,Maize
2012,CHIKMAGALUR,Kharif     ,1015.336072,296.964502,38664,73,61,45,37723,0.975662115,Ragi
2012,CHIKMAGALUR,Kharif     ,1017.97397,297.8427971,35282,66,44,60,80175,2.272405192,Rice
2012,CHIKMAGALUR,Summer     ,1014.063517,298.0194269,2708,54,74,57,7298,2.694977843,Rice
2012,CHITRADURGA,Kharif     ,1015.301074,302.6378066,95948,69,76,30,221861,2.312304582,Maize
2012,CHITRADURGA,Rabi       ,1015.59257,302.5980768,4631,70,40,48,12745,2.752105377,Maize
2012,CHITRADURGA,Summer     ,1017.272147,301.5567061,1267,107,74,79,3097,2.444356748,Maize
2012,CHITRADURGA,Kharif     ,1017.220735,301.9778261,45272,80,78,86,51137,1.129550274,Ragi
2012,CHITRADURGA,Rabi       ,1015.672745,300.7488974,284,149,35,84,366,1.288732394,Ragi
2012,CHITRADURGA,Summer     ,1017.463478,301.0997645,1613,60,50,80,2283,1.415375077,Ragi
2012,CHITRADURGA,Kharif     ,1015.241208,302.7197445,2864,101,33,38,6470,2.259078212,Rice
2012,CHITRADURGA,Rabi       ,1015.656954,301.4168897,273,64,58,65,668,2.446886447,Rice
2012,CHITRADURGA,Summer     ,1015.613365,302.1137721,410,132,47,68,849,2.070731707,Rice
2012,DAKSHIN KANNAD,Summer     ,1017.989761,301.3506637,13,56,51,41,45,3.461538462,Maize
2012,DAKSHIN KANNAD,Kharif     ,1016.630988,299.4611632,31498,77,47,97,83815,2.660962601,Rice
2012,DAKSHIN KANNAD,Rabi       ,1016.058836,300.4005965,21201,100,70,76,54985,2.59350974,Rice
2012,DAKSHIN KANNAD,Summer     ,1016.25887,299.6747196,1505,107,74,33,3900,2.591362126,Rice
2012,DAVANGERE,Kharif     ,1015.220242,302.2235312,177917,54,68,63,482893,2.714147608,Maize
2012,DAVANGERE,Rabi       ,1014.50196,302.2446567,4608,54,28,35,14380,3.120659722,Maize
2012,DAVANGERE,Summer     ,1016.907679,300.6139,1665,143,77,96,6934,4.164564565,Maize
2012,DAVANGERE,Kharif     ,1016.335084,302.1169486,10758,145,64,31,11722,1.089607734,Ragi
2012,DAVANGERE,Rabi       ,1014.596901,301.675571,1327,57,41,74,1326,0.99924642,Ragi
2012,DAVANGERE,Summer     ,1016.356258,302.0747783,405,113,51,70,607,1.498765432,Ragi
2012,DAVANGERE,Kharif     ,1017.786724,302.0999096,75562,59,24,58,248085,3.283197904,Rice
2012,DAVANGERE,Summer     ,1016.716227,302.3148128,41318,87,42,52,139306,3.371557191,Rice
2012,DHARWAD,Kharif     ,1015.480286,300.190722,23658,145,24,52,57042,2.411108293,Maize
2012,DHARWAD,Rabi       ,1014.781814,299.0449791,3770,141,61,48,11848,3.14270557,Maize
2012,DHARWAD,Summer     ,1014.773518,299.5541304,862,130,72,88,1621,1.880510441,Maize
2012,DHARWAD,Kharif     ,1014.631354,299.6766089,38,144,51,89,58,1.526315789,Ragi
2012,DHARWAD,Rabi       ,1015.419958,300.3916401,17,57,78,50,24,1.411764706,Ragi
2012,DHARWAD,Kharif     ,1016.16444,299.878087,27411,74,29,99,24009,0.875889242,Rice
2012,DHARWAD,Summer     ,1016.089267,300.5861578,96,122,78,50,305,3.177083333,Rice
2012,GADAG,Kharif     ,1014.601473,301.1207257,36458,115,58,65,74362,2.039662077,Maize
2012,GADAG,Rabi       ,1017.196448,301.5567837,2081,128,77,96,4798,2.305622297,Maize
2012,GADAG,Summer     ,1015.194161,301.1326344,43,99,34,71,148,3.441860465,Maize
2012,GADAG,Kharif     ,1015.571382,300.3861187,9,116,26,29,14,1.555555556,Ragi
2012,GADAG,Kharif     ,1015.568627,300.8248303,895,98,48,93,2125,2.374301676,Rice
2012,GADAG,Summer     ,1014.504224,300.2667074,682,85,78,60,1651,2.420821114,Rice
2012,GULBARGA,Kharif     ,1015.069468,300.9026182,4818,117,66,96,13278,2.755915318,Maize
2012,GULBARGA,Rabi       ,1017.990622,301.0360454,292,127,22,22,591,2.023972603,Maize
2012,GULBARGA,Summer     ,1017.565374,301.8733942,701,90,38,78,2383,3.399429387,Maize
2012,GULBARGA,Kharif     ,1014.573542,301.8654169,2799,138,29,71,4834,1.727045373,Rice
2012,GULBARGA,Rabi       ,1015.050789,301.9975693,1623,111,47,53,2277,1.402957486,Rice
2012,GULBARGA,Summer     ,1014.364894,300.7372361,140,59,48,68,210,1.5,Rice
2012,HASSAN,Kharif     ,1014.628981,298.3304798,64465,70,34,47,169333,2.626743194,Maize
2012,HASSAN,Rabi       ,1014.844484,297.4946069,5437,85,54,32,15526,2.855618907,Maize
2012,HASSAN,Summer     ,1017.71623,297.487563,232,61,25,88,668,2.879310345,Maize
2012,HASSAN,Kharif     ,1015.510083,296.7227031,64850,140,31,86,66290,1.022205089,Ragi
2012,HASSAN,Rabi       ,1015.274628,297.8391407,9514,51,66,80,6001,0.630754677,Ragi
2012,HASSAN,Summer     ,1017.759739,297.3823272,111,62,57,79,166,1.495495495,Ragi
2012,HASSAN,Kharif     ,1014.423923,296.8783896,48265,102,32,90,105184,2.179301771,Rice
2012,HASSAN,Rabi       ,1017.961765,297.6810332,26,81,48,43,67,2.576923077,Rice
2012,HASSAN,Summer     ,1017.555732,297.345167,1003,144,38,82,2529,2.521435693,Rice
2012,HAVERI,Kharif     ,1015.135855,299.8222893,163807,65,22,80,321971,1.965550923,Maize
2012,HAVERI,Rabi       ,1015.720573,299.9247383,5969,81,27,42,21457,3.594739487,Maize
2012,HAVERI,Summer     ,1017.910131,300.1537625,3711,81,27,49,8387,2.260037726,Maize
2012,HAVERI,Kharif     ,1016.486279,299.8705038,249,147,74,79,98,0.393574297,Ragi
2012,HAVERI,Kharif     ,1015.942701,299.6715999,46099,60,77,37,37313,0.809410182,Rice
2012,HAVERI,Summer     ,1016.593982,299.1786731,4592,59,39,75,9301,2.025479094,Rice
2012,KODAGU,Kharif     ,1014.545743,306.8093859,3880,64,66,72,17420,4.489690722,Maize
2012,KODAGU,Summer     ,1015.067853,306.5063924,25,66,23,26,86,3.44,Maize
2012,KODAGU,Kharif     ,1016.894385,307.8688764,12,89,70,88,10,0.833333333,Ragi
2012,KODAGU,Kharif     ,1016.661719,306.9915194,31281,67,40,91,77621,2.481410441,Rice
2012,KODAGU,Summer     ,1014.136672,307.4015359,85,104,22,98,156,1.835294118,Rice
2012,KOLAR,Kharif     ,1016.401889,301.2711858,420,122,64,71,1077,2.564285714,Maize
2012,KOLAR,Rabi       ,1015.896353,301.7621045,77,74,27,23,233,3.025974026,Maize
2012,KOLAR,Summer     ,1017.173743,301.9435041,168,108,42,53,577,3.43452381,Maize
2012,KOLAR,Kharif     ,1015.352143,300.883878,57079,127,35,88,137406,2.407295152,Ragi
2012,KOLAR,Rabi       ,1017.228343,301.7638818,76,138,32,52,110,1.447368421,Ragi
2012,KOLAR,Summer     ,1014.236436,302.4054178,180,71,22,88,270,1.5,Ragi
2012,KOLAR,Kharif     ,1017.929573,301.4755626,3909,79,67,57,8552,2.187771809,Rice
2012,KOLAR,Summer     ,1016.574484,300.9901048,66,133,28,45,155,2.348484848,Rice
2012,KOPPAL,Kharif     ,1016.366496,303.2403777,49098,134,79,20,132187,2.692309259,Maize
2012,KOPPAL,Rabi       ,1014.088271,301.8983284,3777,93,33,23,11701,3.097961345,Maize
2012,KOPPAL,Summer     ,1014.215196,302.5948524,3034,81,32,58,10079,3.322017139,Maize
2012,KOPPAL,Kharif     ,1017.976596,302.1765325,41047,100,72,73,131451,3.202450849,Rice
2012,KOPPAL,Summer     ,1015.676177,302.9456525,35833,95,76,52,133102,3.714508972,Rice
2012,MANDYA,Kharif     ,1014.978574,299.979059,3868,70,26,52,6350,1.641675284,Maize
2012,MANDYA,Rabi       ,1014.343072,299.1957141,365,148,34,91,1105,3.02739726,Maize
2012,MANDYA,Summer     ,1014.688522,299.6714067,77,81,26,39,265,3.441558442,Maize
2012,MANDYA,Kharif     ,1016.595119,300.3325377,38581,143,57,35,61575,1.595992846,Ragi
2012,MANDYA,Rabi       ,1015.518225,300.2277066,8035,88,53,40,13343,1.660609832,Ragi
2012,MANDYA,Summer     ,1016.90855,298.9519101,660,61,60,64,1053,1.595454545,Ragi
2012,MANDYA,Kharif     ,1014.422347,299.6609679,47709,96,41,81,148389,3.110293655,Rice
2012,MANDYA,Rabi       ,1014.668776,299.1825004,318,67,43,50,1083,3.405660377,Rice
2012,MANDYA,Summer     ,1016.291359,299.5641228,1923,70,68,61,6189,3.218408736,Rice
2012,MYSORE,Kharif     ,1017.008172,298.2236798,33510,62,56,31,61982,1.849656819,Maize
2012,MYSORE,Rabi       ,1014.361891,298.4854416,6454,70,63,84,19810,3.069414317,Maize
2012,MYSORE,Summer     ,1015.712623,298.7748136,114,57,20,92,392,3.438596491,Maize
2012,MYSORE,Kharif     ,1014.820328,299.1947113,21283,95,29,22,18965,0.891086783,Ragi
2012,MYSORE,Rabi       ,1014.954675,298.8870101,11862,56,62,28,20960,1.766987017,Ragi
2012,MYSORE,Summer     ,1016.594856,298.3331074,172,72,35,70,153,0.889534884,Ragi
2012,MYSORE,Kharif     ,1016.92446,298.512144,87894,145,65,35,276550,3.146403623,Rice
2012,MYSORE,Rabi       ,1016.637179,299.7372659,240,124,27,97,579,2.4125,Rice
2012,MYSORE,Summer     ,1016.432429,299.7634586,901,135,75,22,2709,3.006659267,Rice
2012,RAICHUR,Kharif     ,1017.706089,303.8598466,141,71,68,43,311,2.205673759,Maize
2012,RAICHUR,Rabi       ,1015.996775,304.8137202,338,138,44,92,1023,3.026627219,Maize
2012,RAICHUR,Summer     ,1014.368809,303.5963262,171,71,69,32,588,3.438596491,Maize
2012,RAICHUR,Kharif     ,1014.562533,303.2469045,113989,141,31,21,354865,3.113151269,Rice
2012,RAICHUR,Summer     ,1015.439871,303.1726318,37718,78,44,90,115881,3.072299698,Rice
2012,RAMANAGARA,Kharif     ,1015.268749,302.8281504,2988,62,36,40,10784,3.609103079,Maize
2012,RAMANAGARA,Rabi       ,1015.943382,303.3496241,134,131,79,38,550,4.104477612,Maize
2012,RAMANAGARA,Summer     ,1015.82552,303.242619,262,51,45,66,900,3.435114504,Maize
2012,RAMANAGARA,Kharif     ,1015.282799,302.2851196,62037,78,65,41,127654,2.057707497,Ragi
2012,RAMANAGARA,Rabi       ,1017.691647,302.742113,1,134,67,94,1,1,Ragi
2012,RAMANAGARA,Summer     ,1017.665453,303.175471,288,128,33,52,431,1.496527778,Ragi
2012,RAMANAGARA,Kharif     ,1016.652342,302.9887665,6340,101,60,51,15407,2.430126183,Rice
2012,RAMANAGARA,Summer     ,1015.824537,302.0121671,412,76,55,83,849,2.060679612,Rice
2012,SHIMOGA,Kharif     ,1017.35729,300.8942493,63635,99,76,58,260977,4.101155025,Maize
2012,SHIMOGA,Rabi       ,1017.459098,300.8211484,476,144,42,91,1975,4.149159664,Maize
2012,SHIMOGA,Summer     ,1015.722463,300.9311958,5416,128,62,61,24285,4.483936484,Maize
2012,SHIMOGA,Kharif     ,1016.109,300.6729494,1019,72,25,28,1698,1.666339549,Ragi
2012,SHIMOGA,Rabi       ,1017.720211,299.7837251,4,137,66,44,6,1.5,Ragi
2012,SHIMOGA,Summer     ,1017.106349,300.4235248,49,93,24,21,73,1.489795918,Ragi
2012,SHIMOGA,Kharif     ,1016.692927,300.1891446,107987,126,62,38,279757,2.590654431,Rice
2012,SHIMOGA,Summer     ,1017.088921,300.3469521,15324,71,44,39,49147,3.207191334,Rice
2012,TUMKUR,Kharif     ,1017.796992,300.8078414,24792,92,37,89,56714,2.287592772,Maize
2012,TUMKUR,Rabi       ,1014.532026,300.9808923,162,86,32,36,687,4.240740741,Maize
2012,TUMKUR,Summer     ,1015.160273,301.9826279,299,110,62,87,1083,3.622073579,Maize
2012,TUMKUR,Kharif     ,1016.168444,300.9390103,140555,146,33,22,149551,1.064003415,Ragi
2012,TUMKUR,Rabi       ,1016.761519,301.1696625,341,105,47,70,491,1.439882698,Ragi
2012,TUMKUR,Summer     ,1016.176458,300.6930114,1103,52,37,45,1536,1.39256573,Ragi
2012,TUMKUR,Kharif     ,1017.508892,302.0745418,14298,112,78,75,36131,2.526996783,Rice
2012,TUMKUR,Rabi       ,1015.376388,302.2411913,147,68,79,83,387,2.632653061,Rice
2012,TUMKUR,Summer     ,1016.022594,300.7658851,442,72,76,27,1201,2.71719457,Rice
2012,UDUPI,Rabi       ,1016.723312,303.5674354,11,78,47,56,33,3,Maize
2012,UDUPI,Summer     ,1016.446352,304.5207457,4,79,70,46,14,3.5,Maize
2012,UDUPI,Kharif     ,1016.502063,302.9394268,44563,88,75,64,110579,2.481408343,Rice
2012,UDUPI,Rabi       ,1017.121612,304.4705057,6949,74,46,23,15362,2.210677795,Rice
2012,UDUPI,Summer     ,1014.378805,303.3244133,96,57,51,56,221,2.302083333,Rice
2012,UTTAR KANNAD,Kharif     ,1015.50155,297.7070057,3974,107,66,90,23044,5.798691495,Maize
2012,UTTAR KANNAD,Rabi       ,1016.856608,297.7037143,238,65,28,52,720,3.025210084,Maize
2012,UTTAR KANNAD,Summer     ,1017.625926,296.9314653,295,121,59,50,1014,3.437288136,Maize
2012,UTTAR KANNAD,Kharif     ,1015.139459,297.4801638,12,50,51,74,18,1.5,Ragi
2012,UTTAR KANNAD,Rabi       ,1017.148537,298.1012572,4,54,39,31,6,1.5,Ragi
2012,UTTAR KANNAD,Kharif     ,1017.691008,297.6562573,71506,52,47,30,144149,2.015900764,Rice
2012,UTTAR KANNAD,Rabi       ,1017.224334,298.1923116,1567,114,52,91,3421,2.183152521,Rice
2012,UTTAR KANNAD,Summer     ,1014.844869,296.4640852,1211,53,23,51,2499,2.063583815,Rice
2012,YADGIR,Kharif     ,1015.092216,302.3888001,164,148,65,76,318,1.93902439,Maize
2012,YADGIR,Rabi       ,1015.63627,302.9367017,388,145,76,57,1174,3.025773196,Maize
2012,YADGIR,Summer     ,1016.800809,303.1402606,91,113,53,79,313,3.43956044,Maize
2012,YADGIR,Kharif     ,1016.270237,303.1584657,48612,147,67,38,64608,1.329054554,Rice
2012,YADGIR,Rabi       ,1014.067608,303.5808713,7006,138,22,75,9731,1.388952327,Rice
2012,YADGIR,Summer     ,1015.233646,303.8494849,6912,59,45,33,9285,1.343315972,Rice
2013,BAGALKOT,Kharif     ,1015.590356,302.4347812,51814,70,27,52,183308,3.537808314,Maize
2013,BAGALKOT,Rabi       ,1014.183465,303.7668063,20503,95,25,29,67647,3.299370824,Maize
2013,BAGALKOT,Summer     ,1015.933754,303.6542801,2825,140,35,99,8384,2.967787611,Maize
2013,BAGALKOT,Kharif     ,1014.952467,302.3325544,54,76,43,83,160,2.962962963,Rice
2013,BANGALORE RURAL,Kharif     ,1017.916127,300.9550894,10622,115,67,83,28931,2.723686688,Maize
2013,BANGALORE RURAL,Rabi       ,1016.773406,300.288081,112,90,58,81,343,3.0625,Maize
2013,BANGALORE RURAL,Summer     ,1016.773237,300.59146,78,62,49,87,253,3.243589744,Maize
2013,BANGALORE RURAL,Kharif     ,1015.216655,300.6010862,40329,58,64,62,103750,2.572590444,Ragi
2013,BANGALORE RURAL,Rabi       ,1016.750891,300.0173654,177,85,32,99,258,1.457627119,Ragi
2013,BANGALORE RURAL,Summer     ,1016.667976,300.8512652,36,135,24,78,71,1.972222222,Ragi
2013,BANGALORE RURAL,Kharif     ,1015.497088,299.5501063,685,139,44,71,2197,3.20729927,Rice
2013,BANGALORE RURAL,Summer     ,1017.244955,299.9570464,137,107,39,38,463,3.379562044,Rice
2013,BELGAUM,Kharif     ,1017.117965,298.5735378,120574,103,73,40,381092,3.160648233,Maize
2013,BELGAUM,Rabi       ,1016.569873,299.8313221,33690,61,37,41,107026,3.176788364,Maize
2013,BELGAUM,Summer     ,1014.039993,299.8528562,3375,130,66,28,8131,2.409185185,Maize
2013,BELGAUM,Kharif     ,1017.099608,298.1783543,1161,127,37,28,1024,0.881998277,Ragi
2013,BELGAUM,Rabi       ,1015.145687,299.8510046,62,63,21,92,90,1.451612903,Ragi
2013,BELGAUM,Kharif     ,1017.504604,299.4971909,58597,83,29,46,123581,2.108998754,Rice
2013,BELGAUM,Summer     ,1015.607377,298.2943119,77,102,74,36,260,3.376623377,Rice
2013,BELLARY,Kharif     ,1017.450483,303.8921706,80459,69,64,63,220977,2.746454716,Maize
2013,BELLARY,Rabi       ,1016.635672,303.7135217,2470,124,69,64,7070,2.862348178,Maize
2013,BELLARY,Summer     ,1014.57003,304.1605096,1698,65,66,27,6085,3.583627797,Maize
2013,BELLARY,Kharif     ,1015.468572,304.583199,3525,144,31,99,2548,0.722836879,Ragi
2013,BELLARY,Rabi       ,1016.096976,304.2237474,149,119,66,37,217,1.456375839,Ragi
2013,BELLARY,Summer     ,1014.608851,303.4549706,187,105,32,52,367,1.962566845,Ragi
2013,BELLARY,Kharif     ,1017.645311,304.4055703,76010,132,69,20,290788,3.825654519,Rice
2013,BELLARY,Summer     ,1015.504942,303.4506384,34538,107,66,95,127832,3.70119868,Rice
2013,BENGALURU URBAN,Kharif     ,1014.797334,302.5797132,907,53,76,25,2875,3.169790518,Maize
2013,BENGALURU URBAN,Rabi       ,1014.500458,302.858698,171,53,74,60,524,3.064327485,Maize
2013,BENGALURU URBAN,Summer     ,1016.500096,301.9958687,160,69,30,74,519,3.24375,Maize
2013,BENGALURU URBAN,Kharif     ,1015.003632,302.6430028,23157,59,38,24,72993,3.15209224,Ragi
2013,BENGALURU URBAN,Rabi       ,1016.759999,301.692062,104,73,54,78,152,1.461538462,Ragi
2013,BENGALURU URBAN,Summer     ,1017.037148,302.6357959,72,148,58,99,141,1.958333333,Ragi
2013,BENGALURU URBAN,Kharif     ,1016.170725,301.3806614,1113,75,72,37,3941,3.540880503,Rice
2013,BENGALURU URBAN,Rabi       ,1017.565933,302.2968504,4,86,45,68,10,2.5,Rice
2013,BENGALURU URBAN,Summer     ,1014.787,301.3335753,59,134,65,84,218,3.694915254,Rice
2013,BIDAR,Kharif     ,1017.671703,301.0586688,2145,103,33,73,8359,3.896969697,Maize
2013,BIDAR,Rabi       ,1015.454901,299.5625203,451,70,73,80,1381,3.062084257,Maize
2013,BIDAR,Summer     ,1014.849797,299.6978529,170,123,64,27,552,3.247058824,Maize
2013,BIDAR,Kharif     ,1015.1087,300.8250372,3572,87,63,22,5541,1.551231803,Rice
2013,BIJAPUR,Kharif     ,1015.60301,302.0389826,69222,95,43,44,249891,3.609993933,Maize
2013,BIJAPUR,Rabi       ,1014.527227,300.8603051,8703,53,60,88,27921,3.208204068,Maize
2013,BIJAPUR,Summer     ,1015.7255,301.1785445,3460,109,20,74,13848,4.002312139,Maize
2013,BIJAPUR,Kharif     ,1014.864703,300.5111874,52,106,70,59,154,2.961538462,Rice
2013,CHAMARAJANAGAR,Kharif     ,1015.458218,296.1656183,36353,94,62,69,133030,3.659395373,Maize
2013,CHAMARAJANAGAR,Rabi       ,1015.683861,294.6499265,1458,69,74,52,4165,2.856652949,Maize
2013,CHAMARAJANAGAR,Summer     ,1016.83819,294.7538788,404,66,41,37,1790,4.430693069,Maize
2013,CHAMARAJANAGAR,Kharif     ,1014.053329,296.1673362,13801,120,42,76,22997,1.666328527,Ragi
2013,CHAMARAJANAGAR,Rabi       ,1017.671375,295.2147389,281,53,75,35,530,1.886120996,Ragi
2013,CHAMARAJANAGAR,Summer     ,1015.720357,296.2349233,356,142,73,99,881,2.474719101,Ragi
2013,CHAMARAJANAGAR,Kharif     ,1016.276409,296.2423226,15001,63,38,57,55778,3.718285448,Rice
2013,CHAMARAJANAGAR,Rabi       ,1017.565653,296.2538375,26,52,37,60,65,2.5,Rice
2013,CHAMARAJANAGAR,Summer     ,1014.339064,295.2982558,350,137,31,26,1226,3.502857143,Rice
2013,CHIKBALLAPUR,Kharif     ,1016.983543,304.3225713,58369,129,74,97,210102,3.599547705,Maize
2013,CHIKBALLAPUR,Rabi       ,1014.680755,305.1900979,411,107,47,72,1367,3.326034063,Maize
2013,CHIKBALLAPUR,Summer     ,1015.740578,304.5792898,88,104,47,82,265,3.011363636,Maize
2013,CHIKBALLAPUR,Kharif     ,1014.440297,304.6260222,47760,53,79,51,105218,2.203056951,Ragi
2013,CHIKBALLAPUR,Rabi       ,1017.568515,305.3861745,47,73,78,57,69,1.468085106,Ragi
2013,CHIKBALLAPUR,Summer     ,1016.094423,304.9996686,10,83,52,41,20,2,Ragi
2013,CHIKBALLAPUR,Kharif     ,1015.376569,305.1074326,2095,79,38,35,5983,2.855847255,Rice
2013,CHIKBALLAPUR,Summer     ,1014.126405,305.5365262,9,131,47,71,26,2.888888889,Rice
2013,CHIKMAGALUR,Kharif     ,1015.965944,296.4283227,28075,68,78,48,72759,2.591593945,Maize
2013,CHIKMAGALUR,Kharif     ,1016.419731,297.3609047,38547,80,71,35,41820,1.084909331,Ragi
2013,CHIKMAGALUR,Kharif     ,1015.639251,297.6219511,38396,109,68,95,105672,2.752161684,Rice
2013,CHIKMAGALUR,Summer     ,1015.068959,297.9096233,2652,109,56,36,6430,2.424585219,Rice
2013,CHITRADURGA,Kharif     ,1016.933971,301.6769608,97736,68,45,83,209839,2.146998036,Maize
2013,CHITRADURGA,Rabi       ,1015.511568,301.8231381,4882,98,54,32,12040,2.466202376,Maize
2013,CHITRADURGA,Summer     ,1017.898882,301.3989863,519,112,53,91,976,1.880539499,Maize
2013,CHITRADURGA,Kharif     ,1017.59907,300.9260854,45995,132,54,75,57896,1.258745516,Ragi
2013,CHITRADURGA,Rabi       ,1015.692767,302.118313,173,71,59,24,279,1.612716763,Ragi
2013,CHITRADURGA,Summer     ,1014.233668,302.4084173,1052,73,35,31,1644,1.562737643,Ragi
2013,CHITRADURGA,Kharif     ,1015.242369,301.955942,1196,125,57,60,2692,2.25083612,Rice
2013,CHITRADURGA,Rabi       ,1016.326493,301.0781712,361,79,32,22,994,2.753462604,Rice
2013,CHITRADURGA,Summer     ,1014.205437,301.1849461,612,107,42,52,1307,2.135620915,Rice
2013,DAKSHIN KANNAD,Summer     ,1016.880933,300.684853,31,80,79,69,101,3.258064516,Maize
2013,DAKSHIN KANNAD,Kharif     ,1015.68924,299.8478389,31646,149,73,75,87004,2.74928901,Rice
2013,DAKSHIN KANNAD,Rabi       ,1014.495591,300.615471,21705,113,41,28,57921,2.668555632,Rice
2013,DAKSHIN KANNAD,Summer     ,1015.954198,299.5291383,1980,68,35,69,5402,2.728282828,Rice
2013,DAVANGERE,Kharif     ,1016.270397,300.4706945,180515,97,47,48,664178,3.679350746,Maize
2013,DAVANGERE,Rabi       ,1014.605799,302.1417086,2580,94,67,58,5154,1.997674419,Maize
2013,DAVANGERE,Summer     ,1014.9937,302.2835013,1261,149,54,64,2475,1.962727994,Maize
2013,DAVANGERE,Kharif     ,1016.6215,301.4232028,9151,143,79,36,13492,1.474374385,Ragi
2013,DAVANGERE,Rabi       ,1017.480362,301.7576165,996,104,64,75,1769,1.776104418,Ragi
2013,DAVANGERE,Summer     ,1014.230326,302.2321838,470,104,65,65,923,1.963829787,Ragi
2013,DAVANGERE,Kharif     ,1017.549719,302.1786661,74223,146,27,86,248272,3.344946984,Rice
2013,DAVANGERE,Summer     ,1015.351426,301.9474422,53400,67,63,88,203072,3.802846442,Rice
2013,DHARWAD,Kharif     ,1017.775697,299.1593273,41375,112,74,33,110726,2.6761571,Maize
2013,DHARWAD,Rabi       ,1015.068949,299.7179668,3123,141,74,86,7150,2.289465258,Maize
2013,DHARWAD,Summer     ,1015.882989,299.6535996,925,96,41,42,2047,2.212972973,Maize
2013,DHARWAD,Kharif     ,1014.936168,299.3565636,46,124,40,80,87,1.891304348,Ragi
2013,DHARWAD,Kharif     ,1015.852884,300.7439228,22354,106,45,42,25080,1.121946855,Rice
2013,DHARWAD,Summer     ,1016.57004,299.8409041,89,94,59,46,301,3.382022472,Rice
2013,GADAG,Kharif     ,1017.175182,301.5748287,58627,82,40,73,135396,2.309447865,Maize
2013,GADAG,Rabi       ,1015.071205,300.7908069,2617,66,44,29,5609,2.143293848,Maize
2013,GADAG,Summer     ,1016.650779,301.18567,25,119,60,96,81,3.24,Maize
2013,GADAG,Kharif     ,1014.488704,300.4786892,2,53,20,35,4,2,Ragi
2013,GADAG,Kharif     ,1014.250993,301.2439591,1362,69,25,60,3906,2.86784141,Rice
2013,GADAG,Summer     ,1017.060993,300.3774137,1565,96,42,74,4166,2.661980831,Rice
2013,GULBARGA,Kharif     ,1016.44381,300.72054,5302,140,70,80,13705,2.584873633,Maize
2013,GULBARGA,Rabi       ,1015.883629,302.0439272,437,64,42,68,1295,2.963386728,Maize
2013,GULBARGA,Summer     ,1016.931271,300.397053,288,119,62,92,801,2.78125,Maize
2013,GULBARGA,Kharif     ,1014.243894,300.3068412,4281,96,62,71,11335,2.647745854,Rice
2013,GULBARGA,Rabi       ,1015.424067,300.9666566,875,127,42,21,1949,2.227428571,Rice
2013,GULBARGA,Summer     ,1014.339118,300.3426003,122,124,51,69,249,2.040983607,Rice
2013,HASSAN,Kharif     ,1016.069521,297.0440373,66119,58,49,62,218903,3.310742752,Maize
2013,HASSAN,Rabi       ,1015.115527,297.2164792,3806,139,32,96,10992,2.888071466,Maize
2013,HASSAN,Summer     ,1015.639407,298.2612926,95,65,62,27,308,3.242105263,Maize
2013,HASSAN,Kharif     ,1017.395898,296.8972791,68540,118,37,78,126384,1.843945142,Ragi
2013,HASSAN,Rabi       ,1017.870487,296.8795725,7826,110,42,84,8126,1.038333759,Ragi
2013,HASSAN,Summer     ,1016.423509,298.510798,53,59,34,31,104,1.962264151,Ragi
2013,HASSAN,Kharif     ,1016.697712,297.8795277,50260,99,52,23,153841,3.060903303,Rice
2013,HASSAN,Rabi       ,1014.612962,297.1754909,453,52,40,96,1007,2.222958057,Rice
2013,HASSAN,Summer     ,1016.66128,296.7238197,1086,126,76,60,3746,3.449355433,Rice
2013,HAVERI,Kharif     ,1014.913862,301.0735292,147684,143,58,26,525142,3.555848975,Maize
2013,HAVERI,Rabi       ,1015.374571,300.736264,6138,119,42,88,23307,3.7971652,Maize
2013,HAVERI,Summer     ,1015.088427,299.5561744,3061,130,46,88,9148,2.988565828,Maize
2013,HAVERI,Kharif     ,1015.13568,300.9999161,150,100,64,49,83,0.553333333,Ragi
2013,HAVERI,Kharif     ,1015.653742,300.2651704,41051,68,63,92,101006,2.460500353,Rice
2013,HAVERI,Summer     ,1016.238538,301.0419809,7312,91,37,25,21110,2.887035011,Rice
2013,KODAGU,Kharif     ,1015.994551,307.4430814,2049,84,43,38,7936,3.873108834,Maize
2013,KODAGU,Summer     ,1017.644055,306.7903048,52,95,70,99,169,3.25,Maize
2013,KODAGU,Kharif     ,1017.391212,307.4482157,31917,75,66,85,91843,2.877557415,Rice
2013,KODAGU,Summer     ,1015.568971,305.9657873,110,118,59,29,366,3.327272727,Rice
2013,KOLAR,Kharif     ,1014.945117,302.2272052,420,142,70,35,1331,3.169047619,Maize
2013,KOLAR,Rabi       ,1016.270497,301.1502009,70,113,61,56,214,3.057142857,Maize
2013,KOLAR,Summer     ,1017.103663,302.3650829,75,86,26,98,243,3.24,Maize
2013,KOLAR,Kharif     ,1015.81723,301.6147712,55002,133,69,96,123680,2.248645504,Ragi
2013,KOLAR,Rabi       ,1016.569012,302.0984588,74,98,67,96,108,1.459459459,Ragi
2013,KOLAR,Summer     ,1015.079532,302.425209,60,70,39,51,118,1.966666667,Ragi
2013,KOLAR,Kharif     ,1014.389471,301.7808054,1917,123,46,66,3278,1.709963485,Rice
2013,KOLAR,Summer     ,1015.42658,301.4401194,60,113,25,91,203,3.383333333,Rice
2013,KOPPAL,Kharif     ,1016.609146,303.1074707,59167,54,46,62,212637,3.593844542,Maize
2013,KOPPAL,Rabi       ,1014.526178,303.510677,6948,149,28,55,17808,2.563039724,Maize
2013,KOPPAL,Summer     ,1015.92283,303.1435883,1725,119,72,45,5192,3.009855072,Maize
2013,KOPPAL,Kharif     ,1015.406082,302.2951408,39740,139,64,29,134099,3.374408656,Rice
2013,KOPPAL,Summer     ,1014.533971,301.6383617,36137,53,76,50,128944,3.568198799,Rice
2013,MANDYA,Kharif     ,1015.58754,299.4685049,2868,88,50,48,9937,3.464783821,Maize
2013,MANDYA,Rabi       ,1014.322801,299.9418815,144,84,40,24,441,3.0625,Maize
2013,MANDYA,Summer     ,1016.991118,299.5413782,161,50,45,96,522,3.242236025,Maize
2013,MANDYA,Kharif     ,1017.527854,299.3935128,41362,73,59,20,80042,1.935157874,Ragi
2013,MANDYA,Rabi       ,1014.431983,298.8325228,5419,106,67,22,10682,1.971212401,Ragi
2013,MANDYA,Summer     ,1017.811326,299.7335668,3198,149,64,86,6553,2.049093183,Ragi
2013,MANDYA,Kharif     ,1016.093234,298.8981899,52305,119,32,90,183107,3.500755186,Rice
2013,MANDYA,Rabi       ,1014.01879,298.7411493,1407,90,68,54,5089,3.616915423,Rice
2013,MANDYA,Summer     ,1017.830511,300.2334554,11903,103,42,34,40957,3.440897253,Rice
2013,MYSORE,Kharif     ,1014.639224,299.3280333,30416,95,39,86,92060,3.026696476,Maize
2013,MYSORE,Rabi       ,1017.656447,298.359988,4167,109,56,49,12874,3.089512839,Maize
2013,MYSORE,Summer     ,1015.033003,300.0344987,880,109,73,94,2855,3.244318182,Maize
2013,MYSORE,Kharif     ,1015.288634,298.7669264,27007,106,72,62,46875,1.735661125,Ragi
2013,MYSORE,Rabi       ,1016.145822,299.5069043,9290,80,47,79,13609,1.464908504,Ragi
2013,MYSORE,Summer     ,1015.069031,299.886206,540,133,36,59,1030,1.907407407,Ragi
2013,MYSORE,Kharif     ,1015.060288,299.8145328,91737,73,47,84,311039,3.39055125,Rice
2013,MYSORE,Rabi       ,1015.943467,298.7723577,50,138,60,48,125,2.5,Rice
2013,MYSORE,Summer     ,1017.266769,298.2572244,10661,85,21,93,39236,3.680330175,Rice
2013,RAICHUR,Kharif     ,1017.857422,304.0015361,227,134,44,38,870,3.832599119,Maize
2013,RAICHUR,Rabi       ,1016.200984,303.4461057,103,79,77,22,315,3.058252427,Maize
2013,RAICHUR,Summer     ,1016.023024,303.4985407,50,73,69,55,107,2.14,Maize
2013,RAICHUR,Kharif     ,1015.874909,303.8068131,107557,79,60,62,347511,3.230947312,Rice
2013,RAICHUR,Summer     ,1014.692296,304.064065,70799,135,25,34,225452,3.18439526,Rice
2013,RAMANAGARA,Kharif     ,1015.861487,303.1538618,4270,141,30,60,18323,4.291100703,Maize
2013,RAMANAGARA,Rabi       ,1017.650668,303.123608,104,56,76,99,391,3.759615385,Maize
2013,RAMANAGARA,Summer     ,1016.106294,302.5862906,304,84,57,55,986,3.243421053,Maize
2013,RAMANAGARA,Kharif     ,1015.162751,301.6072366,69955,104,25,96,175912,2.514645129,Ragi
2013,RAMANAGARA,Rabi       ,1014.230343,301.6268806,4,141,64,52,6,1.5,Ragi
2013,RAMANAGARA,Summer     ,1014.488183,302.2739973,330,63,30,24,648,1.963636364,Ragi
2013,RAMANAGARA,Kharif     ,1014.920847,302.3157415,5321,59,33,97,13931,2.618116895,Rice
2013,RAMANAGARA,Summer     ,1017.774317,301.4904102,431,129,21,33,799,1.853828306,Rice
2013,SHIMOGA,Kharif     ,1017.920329,301.0358193,60228,65,59,87,169247,2.810104935,Maize
2013,SHIMOGA,Rabi       ,1017.107435,300.9188523,397,103,22,66,1885,4.748110831,Maize
2013,SHIMOGA,Summer     ,1016.384857,299.9581659,4812,144,74,73,20210,4.199916874,Maize
2013,SHIMOGA,Kharif     ,1017.436502,300.2768363,662,138,72,23,1114,1.682779456,Ragi
2013,SHIMOGA,Summer     ,1017.131058,299.7715881,13,126,54,28,26,2,Ragi
2013,SHIMOGA,Kharif     ,1015.297033,300.4818134,108268,119,52,72,326666,3.017198064,Rice
2013,SHIMOGA,Summer     ,1014.524175,299.8019414,16354,93,43,96,54144,3.310749664,Rice
2013,TUMKUR,Kharif     ,1015.485598,302.2760322,25247,122,38,97,53678,2.126113994,Maize
2013,TUMKUR,Rabi       ,1015.731654,302.0198459,71,94,37,79,121,1.704225352,Maize
2013,TUMKUR,Summer     ,1017.490883,301.3964109,150,149,68,65,487,3.246666667,Maize
2013,TUMKUR,Kharif     ,1017.356835,302.1471293,153043,105,71,73,231462,1.512398476,Ragi
2013,TUMKUR,Rabi       ,1015.359235,300.8750207,313,133,43,93,457,1.460063898,Ragi
2013,TUMKUR,Summer     ,1014.222722,301.1687122,935,131,64,56,1837,1.964705882,Ragi
2013,TUMKUR,Kharif     ,1015.375648,301.466081,11659,106,54,42,34225,2.935500472,Rice
2013,TUMKUR,Rabi       ,1014.177923,301.1673698,109,70,20,46,274,2.513761468,Rice
2013,TUMKUR,Summer     ,1015.230842,300.7363626,1268,117,55,89,3994,3.149842271,Rice
2013,UDUPI,Rabi       ,1015.771956,304.5045731,15,99,44,85,46,3.066666667,Maize
2013,UDUPI,Summer     ,1014.271934,302.9661346,8,82,64,80,26,3.25,Maize
2013,UDUPI,Kharif     ,1015.256561,303.1909418,44663,140,68,96,120373,2.695139153,Rice
2013,UDUPI,Rabi       ,1014.585394,303.0000166,6824,56,79,70,17231,2.525058617,Rice
2013,UDUPI,Summer     ,1016.89051,303.5544875,110,119,62,69,291,2.645454545,Rice
2013,UTTAR KANNAD,Kharif     ,1014.973049,297.7616989,5243,64,53,38,14718,2.807171467,Maize
2013,UTTAR KANNAD,Rabi       ,1015.158928,297.2624484,254,131,44,20,778,3.062992126,Maize
2013,UTTAR KANNAD,Summer     ,1017.626318,296.9319484,411,81,35,59,1333,3.243309002,Maize
2013,UTTAR KANNAD,Kharif     ,1015.731485,297.716081,8,124,53,51,15,1.875,Ragi
2013,UTTAR KANNAD,Rabi       ,1014.086127,296.46131,1,69,48,41,1,1,Ragi
2013,UTTAR KANNAD,Kharif     ,1015.051359,298.0281677,67136,137,38,85,163211,2.431050405,Rice
2013,UTTAR KANNAD,Rabi       ,1015.550563,296.4593489,1527,64,42,59,4115,2.694826457,Rice
2013,UTTAR KANNAD,Summer     ,1015.030568,297.8457574,1302,97,38,57,2997,2.301843318,Rice
2013,YADGIR,Kharif     ,1015.200532,303.0194857,76,120,44,67,202,2.657894737,Maize
2013,YADGIR,Rabi       ,1014.400302,302.4298051,54,70,35,74,165,3.055555556,Maize
2013,YADGIR,Summer     ,1015.571817,303.1191204,89,91,73,94,289,3.247191011,Maize
2013,YADGIR,Kharif     ,1014.812034,302.4655996,50943,75,70,74,101680,1.995956265,Rice
2013,YADGIR,Rabi       ,1014.326054,302.1982559,7555,63,28,70,13859,1.834414295,Rice
2013,YADGIR,Summer     ,1014.514339,303.4784559,10905,106,20,79,18875,1.730857405,Rice
2014,BAGALKOT,Kharif     ,1017.063245,303.1894667,44472,86,61,27,166543,3.744895665,Maize
2014,BAGALKOT,Rabi       ,1017.596987,302.31847,20789,107,38,87,81388,3.914955024,Maize
2014,BAGALKOT,Summer     ,1015.466481,301.8281474,2820,70,52,94,9746,3.456028369,Maize
2014,BAGALKOT,Kharif     ,1015.992498,303.1466784,25,131,53,91,76,3.04,Rice
2014,BANGALORE RURAL,Kharif     ,1015.798307,300.6299982,14334,118,35,28,44066,3.074229106,Maize
2014,BANGALORE RURAL,Rabi       ,1017.702094,299.6410954,127,52,63,21,429,3.377952756,Maize
2014,BANGALORE RURAL,Summer     ,1017.568974,299.865401,99,136,59,99,323,3.262626263,Maize
2014,BANGALORE RURAL,Kharif     ,1017.883429,299.3756919,35844,139,74,89,91940,2.565003906,Ragi
2014,BANGALORE RURAL,Rabi       ,1014.701513,300.9434839,76,86,37,78,123,1.618421053,Ragi
2014,BANGALORE RURAL,Summer     ,1014.113429,299.8227488,42,137,53,38,75,1.785714286,Ragi
2014,BANGALORE RURAL,Kharif     ,1015.891682,299.9741285,598,98,44,47,2093,3.5,Rice
2014,BANGALORE RURAL,Summer     ,1014.164853,300.3645525,49,68,64,91,150,3.06122449,Rice
2014,BELGAUM,Kharif     ,1014.450188,298.4899424,119185,138,25,33,447468,3.754398624,Maize
2014,BELGAUM,Rabi       ,1016.912727,298.4178945,33268,134,40,43,115641,3.476043044,Maize
2014,BELGAUM,Summer     ,1014.855854,298.1563017,4265,61,77,63,17427,4.086049238,Maize
2014,BELGAUM,Kharif     ,1014.965571,298.8694052,1032,110,25,75,1207,1.169573643,Ragi
2014,BELGAUM,Rabi       ,1016.235135,298.6410648,101,90,51,70,164,1.623762376,Ragi
2014,BELGAUM,Kharif     ,1016.020781,300.0292465,59938,82,60,51,176688,2.947846108,Rice
2014,BELLARY,Kharif     ,1014.123549,304.9996797,95624,99,67,69,249999,2.614395968,Maize
2014,BELLARY,Rabi       ,1014.445247,304.868704,2369,117,62,60,6468,2.730265935,Maize
2014,BELLARY,Summer     ,1017.311807,303.4933065,1859,120,58,85,4812,2.588488435,Maize
2014,BELLARY,Kharif     ,1014.652672,303.8120775,2897,135,50,44,2042,0.704867104,Ragi
2014,BELLARY,Rabi       ,1016.767787,304.0436867,67,82,61,80,109,1.626865672,Ragi
2014,BELLARY,Summer     ,1014.595996,303.6033545,189,130,29,85,337,1.783068783,Ragi
2014,BELLARY,Kharif     ,1015.444212,304.2291512,77598,73,49,61,286690,3.694553983,Rice
2014,BELLARY,Rabi       ,1017.139529,303.1602989,40,110,76,84,99,2.475,Rice
2014,BELLARY,Summer     ,1014.089946,303.43528,41005,110,71,55,121344,2.959248872,Rice
2014,BENGALURU URBAN,Kharif     ,1016.023301,301.8547125,634,147,37,95,1985,3.130914826,Maize
2014,BENGALURU URBAN,Rabi       ,1017.764672,302.5012847,118,77,79,28,399,3.381355932,Maize
2014,BENGALURU URBAN,Summer     ,1014.188605,302.6258229,40,107,43,55,130,3.25,Maize
2014,BENGALURU URBAN,Kharif     ,1016.789284,302.6057342,23792,92,71,57,66654,2.801529926,Ragi
2014,BENGALURU URBAN,Rabi       ,1014.978109,302.0056257,116,90,28,52,188,1.620689655,Ragi
2014,BENGALURU URBAN,Summer     ,1015.615349,301.403264,34,88,50,61,61,1.794117647,Ragi
2014,BENGALURU URBAN,Kharif     ,1015.768944,301.2609393,950,135,34,80,3374,3.551578947,Rice
2014,BENGALURU URBAN,Summer     ,1015.61703,301.2242131,21,98,23,65,87,4.142857143,Rice
2014,BIDAR,Kharif     ,1016.418903,299.2856295,1065,66,59,80,1329,1.247887324,Maize
2014,BIDAR,Rabi       ,1016.720625,299.587107,396,147,28,37,1337,3.376262626,Maize
2014,BIDAR,Summer     ,1016.245837,300.3073842,22,119,64,89,72,3.272727273,Maize
2014,BIDAR,Kharif     ,1017.616565,299.6386041,2063,119,28,99,1989,0.964129908,Rice
2014,BIJAPUR,Kharif     ,1015.455802,301.758392,54990,147,45,34,175215,3.186306601,Maize
2014,BIJAPUR,Rabi       ,1017.12808,301.0113401,7579,114,23,67,22824,3.011479087,Maize
2014,BIJAPUR,Summer     ,1016.850916,301.382616,3445,123,36,91,10358,3.006676343,Maize
2014,BIJAPUR,Kharif     ,1015.302372,301.9200661,50,134,35,32,153,3.06,Rice
2014,CHAMARAJANAGAR,Kharif     ,1016.772083,294.8060768,32800,54,34,62,140127,4.272164634,Maize
2014,CHAMARAJANAGAR,Rabi       ,1017.499584,294.6733532,979,51,54,79,2616,2.672114402,Maize
2014,CHAMARAJANAGAR,Summer     ,1017.647393,294.8268782,946,71,76,76,4775,5.04756871,Maize
2014,CHAMARAJANAGAR,Kharif     ,1015.878135,294.4138376,15415,106,71,90,23812,1.54472916,Ragi
2014,CHAMARAJANAGAR,Rabi       ,1016.74168,294.6981178,120,115,24,36,208,1.733333333,Ragi
2014,CHAMARAJANAGAR,Summer     ,1016.848164,294.4446501,55,123,74,69,76,1.381818182,Ragi
2014,CHAMARAJANAGAR,Kharif     ,1014.282695,294.6971258,13739,147,24,51,44455,3.235679453,Rice
2014,CHAMARAJANAGAR,Rabi       ,1016.740892,294.9247143,17,65,39,41,57,3.352941176,Rice
2014,CHAMARAJANAGAR,Summer     ,1017.299454,295.936913,60,100,34,74,209,3.483333333,Rice
2014,CHIKBALLAPUR,Kharif     ,1014.869634,303.7725495,64454,88,37,76,129627,2.011155242,Maize
2014,CHIKBALLAPUR,Rabi       ,1017.334351,304.5178135,306,135,66,32,946,3.091503268,Maize
2014,CHIKBALLAPUR,Summer     ,1015.851728,305.5668762,412,125,21,66,1344,3.262135922,Maize
2014,CHIKBALLAPUR,Kharif     ,1015.780925,303.9423794,46858,137,48,81,69310,1.479149772,Ragi
2014,CHIKBALLAPUR,Rabi       ,1017.459246,304.8651038,53,89,32,73,86,1.622641509,Ragi
2014,CHIKBALLAPUR,Summer     ,1014.279367,305.5246148,129,87,23,48,230,1.782945736,Ragi
2014,CHIKBALLAPUR,Kharif     ,1017.115614,305.4900121,799,109,61,41,1900,2.377972466,Rice
2014,CHIKBALLAPUR,Summer     ,1014.347567,304.3825522,15,108,64,84,27,1.8,Rice
2014,CHIKMAGALUR,Kharif     ,1014.689067,297.2059848,23589,59,29,48,60797,2.577345373,Maize
2014,CHIKMAGALUR,Kharif     ,1017.660488,297.7936233,44122,148,50,67,52437,1.188454739,Ragi
2014,CHIKMAGALUR,Kharif     ,1015.248474,297.098242,37327,113,60,24,97056,2.600155384,Rice
2014,CHIKMAGALUR,Summer     ,1014.568711,297.4357144,3010,112,27,54,8244,2.738870432,Rice
2014,CHITRADURGA,Kharif     ,1015.979793,302.4909251,86351,98,22,93,247823,2.869949393,Maize
2014,CHITRADURGA,Rabi       ,1014.837176,302.1554701,3803,113,67,90,8407,2.210623192,Maize
2014,CHITRADURGA,Summer     ,1014.11746,302.2483077,1195,81,65,65,3577,2.993305439,Maize
2014,CHITRADURGA,Kharif     ,1015.872198,302.2422126,54642,56,28,54,87468,1.600746678,Ragi
2014,CHITRADURGA,Rabi       ,1016.917943,302.2786344,567,70,49,64,867,1.529100529,Ragi
2014,CHITRADURGA,Summer     ,1017.889644,302.5749249,1929,69,72,32,2720,1.410057024,Ragi
2014,CHITRADURGA,Kharif     ,1017.073771,300.8242895,1048,75,30,29,2376,2.267175573,Rice
2014,CHITRADURGA,Rabi       ,1017.992206,300.9448561,402,117,54,85,927,2.305970149,Rice
2014,CHITRADURGA,Summer     ,1014.277994,301.4810103,575,135,56,89,1110,1.930434783,Rice
2014,DAKSHIN KANNAD,Kharif     ,1016.573515,300.6317071,29749,64,61,91,78228,2.629600995,Rice
2014,DAKSHIN KANNAD,Rabi       ,1017.836384,300.9027699,21240,134,32,44,51979,2.447222222,Rice
2014,DAKSHIN KANNAD,Summer     ,1014.963847,300.45311,1360,128,55,63,2817,2.071323529,Rice
2014,DAVANGERE,Kharif     ,1017.103419,302.1686535,179496,135,75,79,576021,3.209102153,Maize
2014,DAVANGERE,Rabi       ,1015.417043,301.6237975,1780,141,32,66,6722,3.776404494,Maize
2014,DAVANGERE,Summer     ,1017.668169,300.690255,835,63,31,59,2753,3.297005988,Maize
2014,DAVANGERE,Kharif     ,1015.808461,300.3770829,8729,76,56,26,13658,1.564669492,Ragi
2014,DAVANGERE,Rabi       ,1017.867881,300.4162441,2500,89,29,65,3707,1.4828,Ragi
2014,DAVANGERE,Summer     ,1014.798556,301.8469076,824,107,79,42,1469,1.78276699,Ragi
2014,DAVANGERE,Kharif     ,1017.72372,301.2039414,75259,77,75,65,262676,3.49029352,Rice
2014,DAVANGERE,Summer     ,1014.58688,300.7326463,61421,75,28,32,237076,3.859852493,Rice
2014,DHARWAD,Kharif     ,1017.136356,300.5386649,29177,112,71,40,79828,2.735990678,Maize
2014,DHARWAD,Rabi       ,1014.071891,300.5301228,3768,115,26,20,8373,2.222133758,Maize
2014,DHARWAD,Summer     ,1015.975228,299.9451635,634,74,21,38,2068,3.261829653,Maize
2014,DHARWAD,Kharif     ,1015.175814,299.8929906,11,52,73,79,20,1.818181818,Ragi
2014,DHARWAD,Kharif     ,1014.440754,300.786843,20554,121,75,52,32589,1.585530797,Rice
2014,DHARWAD,Summer     ,1017.607466,299.1510577,123,93,79,23,376,3.056910569,Rice
2014,GADAG,Kharif     ,1017.4653,301.9568284,53717,146,42,22,146664,2.730308841,Maize
2014,GADAG,Rabi       ,1014.161564,300.0874105,1532,91,58,71,3030,1.977806789,Maize
2014,GADAG,Summer     ,1017.94347,299.9991619,115,148,59,47,375,3.260869565,Maize
2014,GADAG,Kharif     ,1014.540309,300.5441735,10,55,58,89,18,1.8,Ragi
2014,GADAG,Kharif     ,1014.160902,300.6888417,1044,88,40,89,2594,2.48467433,Rice
2014,GADAG,Summer     ,1017.305603,300.5156521,999,101,42,74,3405,3.408408408,Rice
2014,GULBARGA,Kharif     ,1014.451754,300.8079052,4747,72,48,76,12713,2.678112492,Maize
2014,GULBARGA,Rabi       ,1017.559007,301.3522579,136,138,33,35,87,0.639705882,Maize
2014,GULBARGA,Summer     ,1017.755548,301.2238568,601,99,45,43,593,0.986688852,Maize
2014,GULBARGA,Kharif     ,1017.865687,300.2938317,1556,92,70,88,2887,1.855398458,Rice
2014,GULBARGA,Rabi       ,1015.20858,302.0499881,356,68,24,60,452,1.269662921,Rice
2014,GULBARGA,Summer     ,1016.824191,301.0075853,3744,118,74,96,4542,1.213141026,Rice
2014,HASSAN,Kharif     ,1014.626274,298.4104503,78492,100,50,66,307814,3.921597105,Maize
2014,HASSAN,Rabi       ,1014.192318,298.1923692,4806,60,44,95,15012,3.123595506,Maize
2014,HASSAN,Summer     ,1016.985393,296.649601,138,61,50,88,450,3.260869565,Maize
2014,HASSAN,Kharif     ,1016.642897,297.8448521,63354,123,69,50,141859,2.239148278,Ragi
2014,HASSAN,Rabi       ,1016.905117,298.0761808,10978,57,39,49,14038,1.278739297,Ragi
2014,HASSAN,Summer     ,1014.111727,296.9490397,46,73,63,37,82,1.782608696,Ragi
2014,HASSAN,Kharif     ,1017.528598,298.2231938,45653,141,74,63,140563,3.078943333,Rice
2014,HASSAN,Rabi       ,1016.426254,297.2841505,1752,90,36,46,3911,2.232305936,Rice
2014,HASSAN,Summer     ,1015.680428,296.9755922,667,85,64,45,1814,2.71964018,Rice
2014,HAVERI,Kharif     ,1014.691127,300.2736288,137136,134,21,79,382369,2.788246704,Maize
2014,HAVERI,Rabi       ,1015.404176,299.4650849,7944,121,44,37,28768,3.621349446,Maize
2014,HAVERI,Summer     ,1016.324869,300.3659192,3124,104,32,75,9571,3.063700384,Maize
2014,HAVERI,Kharif     ,1017.752383,300.9306117,225,58,77,50,160,0.711111111,Ragi
2014,HAVERI,Kharif     ,1016.498651,299.5710627,39894,96,58,78,99031,2.482353236,Rice
2014,HAVERI,Summer     ,1016.343315,300.4345122,6285,64,47,21,19345,3.077963405,Rice
2014,KODAGU,Kharif     ,1016.936177,307.0360269,3467,97,61,58,17740,5.116815691,Maize
2014,KODAGU,Rabi       ,1016.807695,306.398646,15,131,74,80,51,3.4,Maize
2014,KODAGU,Summer     ,1015.614052,307.8618418,38,91,25,82,124,3.263157895,Maize
2014,KODAGU,Kharif     ,1015.889529,306.144536,30899,109,22,37,86741,2.807242953,Rice
2014,KODAGU,Rabi       ,1014.9441,307.0502336,5,133,77,36,12,2.4,Rice
2014,KODAGU,Summer     ,1016.133045,307.8593131,56,119,54,58,147,2.625,Rice
2014,KOLAR,Kharif     ,1015.616688,302.5555288,439,61,37,90,1374,3.129840547,Maize
2014,KOLAR,Rabi       ,1015.45212,300.6301562,35,51,30,73,118,3.371428571,Maize
2014,KOLAR,Summer     ,1014.612042,301.1502007,55,56,73,95,179,3.254545455,Maize
2014,KOLAR,Kharif     ,1016.144649,300.8750996,52427,129,39,54,70824,1.350906975,Ragi
2014,KOLAR,Rabi       ,1015.09953,302.4190322,43,52,24,30,70,1.627906977,Ragi
2014,KOLAR,Summer     ,1015.04662,301.2410184,21,52,38,80,37,1.761904762,Ragi
2014,KOLAR,Kharif     ,1014.101649,301.3426872,344,76,41,63,873,2.537790698,Rice
2014,KOPPAL,Kharif     ,1017.024347,302.7879033,56712,89,78,87,172189,3.036200451,Maize
2014,KOPPAL,Rabi       ,1014.606325,302.9627024,5486,82,79,44,16948,3.089318265,Maize
2014,KOPPAL,Summer     ,1014.407011,302.0504354,1740,141,38,67,4324,2.485057471,Maize
2014,KOPPAL,Kharif     ,1016.17962,302.0843246,39439,50,66,51,145559,3.690737595,Rice
2014,KOPPAL,Summer     ,1015.076449,301.7202739,35716,57,35,23,95208,2.665696047,Rice
2014,MANDYA,Kharif     ,1014.831425,299.1277775,3904,81,43,57,15978,4.09272541,Maize
2014,MANDYA,Rabi       ,1017.566439,300.2950611,411,97,60,82,1388,3.377128954,Maize
2014,MANDYA,Summer     ,1017.263019,299.5367511,173,53,23,66,564,3.260115607,Maize
2014,MANDYA,Kharif     ,1015.174191,298.7011039,50810,143,34,20,89492,1.761306829,Ragi
2014,MANDYA,Rabi       ,1015.833576,299.994011,5922,119,44,22,12231,2.065349544,Ragi
2014,MANDYA,Summer     ,1014.383418,300.1115931,2627,68,63,81,5381,2.048344119,Ragi
2014,MANDYA,Kharif     ,1014.929212,300.0491778,51037,81,74,83,189916,3.721143484,Rice
2014,MANDYA,Rabi       ,1015.590096,300.4352358,828,58,54,36,2628,3.173913043,Rice
2014,MANDYA,Summer     ,1014.239894,298.8715875,14657,61,74,97,52912,3.610015692,Rice
2014,MYSORE,Kharif     ,1017.421336,299.715739,30195,60,33,81,101259,3.353502235,Maize
2014,MYSORE,Rabi       ,1014.36711,298.5233439,6266,95,68,54,22704,3.623364188,Maize
2014,MYSORE,Summer     ,1015.943369,298.3683431,238,65,38,32,776,3.260504202,Maize
2014,MYSORE,Kharif     ,1017.885081,299.5558945,26942,50,57,54,60430,2.242966372,Ragi
2014,MYSORE,Rabi       ,1017.066001,298.7440697,12834,112,55,62,22361,1.742325074,Ragi
2014,MYSORE,Summer     ,1016.076064,298.24542,356,70,26,21,676,1.898876404,Ragi
2014,MYSORE,Kharif     ,1015.695559,300.110373,94359,79,49,75,319929,3.390550981,Rice
2014,MYSORE,Summer     ,1016.923776,298.8123068,8864,62,38,96,30349,3.423849278,Rice
2014,RAICHUR,Kharif     ,1017.720956,303.4969419,198,83,68,70,293,1.47979798,Maize
2014,RAICHUR,Rabi       ,1016.511662,303.7794714,118,53,44,73,399,3.381355932,Maize
2014,RAICHUR,Kharif     ,1014.446319,303.3330899,97935,77,35,35,320982,3.277500383,Rice
2014,RAICHUR,Summer     ,1015.983333,303.090485,64645,144,66,37,171894,2.659045557,Rice
2014,RAMANAGARA,Kharif     ,1015.965637,302.6504901,2084,108,73,26,8262,3.964491363,Maize
2014,RAMANAGARA,Rabi       ,1016.779105,302.6190266,114,76,59,64,467,4.096491228,Maize
2014,RAMANAGARA,Summer     ,1015.500588,302.1837667,530,118,70,55,1729,3.262264151,Maize
2014,RAMANAGARA,Kharif     ,1015.921919,302.5605381,69083,74,27,60,136049,1.969355703,Ragi
2014,RAMANAGARA,Rabi       ,1016.84249,301.7156762,25,52,37,61,41,1.64,Ragi
2014,RAMANAGARA,Summer     ,1017.591959,303.0000309,503,146,47,26,896,1.781312127,Ragi
2014,RAMANAGARA,Kharif     ,1015.368188,303.3570148,4617,117,35,34,10759,2.330301061,Rice
2014,RAMANAGARA,Rabi       ,1017.67334,303.4239036,2,74,71,79,5,2.5,Rice
2014,RAMANAGARA,Summer     ,1014.275078,301.6665939,605,69,38,59,1887,3.119008264,Rice
2014,SHIMOGA,Kharif     ,1014.080474,300.0254681,58712,83,61,56,209831,3.57390312,Maize
2014,SHIMOGA,Rabi       ,1016.999858,300.2739094,268,75,36,85,1367,5.100746269,Maize
2014,SHIMOGA,Kharif     ,1015.583886,300.3695549,564,54,64,74,1039,1.842198582,Ragi
2014,SHIMOGA,Kharif     ,1017.508933,301.5233543,105581,148,32,96,313744,2.971595268,Rice
2014,SHIMOGA,Summer     ,1015.333701,301.2629059,16288,110,26,99,56262,3.454199411,Rice
2014,TUMKUR,Kharif     ,1014.595989,302.3416245,27981,141,46,75,66721,2.384510918,Maize
2014,TUMKUR,Rabi       ,1017.744599,301.7879542,77,142,29,63,246,3.194805195,Maize
2014,TUMKUR,Summer     ,1016.216554,302.417868,146,58,53,76,476,3.260273973,Maize
2014,TUMKUR,Kharif     ,1014.058099,300.8955815,170691,99,55,25,323016,1.89240206,Ragi
2014,TUMKUR,Rabi       ,1016.820693,301.7781486,233,55,44,51,378,1.622317597,Ragi
2014,TUMKUR,Summer     ,1015.268515,302.0524256,603,132,25,93,1075,1.782752902,Ragi
2014,TUMKUR,Kharif     ,1015.169032,301.9609004,7636,109,43,37,22713,2.97446307,Rice
2014,TUMKUR,Rabi       ,1017.180136,301.0143604,67,93,37,87,165,2.462686567,Rice
2014,TUMKUR,Summer     ,1017.307956,302.0448711,1802,60,42,92,4054,2.249722531,Rice
2014,UDUPI,Rabi       ,1017.059273,302.9598105,29,115,25,26,98,3.379310345,Maize
2014,UDUPI,Summer     ,1016.589898,302.7568687,1,96,48,27,3,3,Maize
2014,UDUPI,Kharif     ,1016.722481,304.5953101,43013,122,44,83,119359,2.774951759,Rice
2014,UDUPI,Rabi       ,1015.528403,303.2370437,6441,134,74,26,17690,2.74646794,Rice
2014,UDUPI,Summer     ,1014.96766,304.5715335,95,137,36,60,283,2.978947368,Rice
2014,UTTAR KANNAD,Kharif     ,1016.052322,297.0428228,5667,147,65,59,21938,3.871184048,Maize
2014,UTTAR KANNAD,Rabi       ,1014.31808,296.3398146,187,135,43,22,632,3.379679144,Maize
2014,UTTAR KANNAD,Summer     ,1014.736951,298.2461072,439,52,30,36,1432,3.261958998,Maize
2014,UTTAR KANNAD,Kharif     ,1015.705614,296.5743974,8,125,45,85,15,1.875,Ragi
2014,UTTAR KANNAD,Rabi       ,1016.268776,297.5252754,1,141,70,98,2,2,Ragi
2014,UTTAR KANNAD,Kharif     ,1016.464743,297.8763821,65865,79,53,71,145604,2.210642982,Rice
2014,UTTAR KANNAD,Rabi       ,1016.316156,298.0162562,1498,139,47,41,4012,2.67823765,Rice
2014,UTTAR KANNAD,Summer     ,1017.879878,297.2585033,1147,70,22,23,3086,2.690496949,Rice
2014,YADGIR,Kharif     ,1017.636034,302.291574,714,77,30,25,2316,3.243697479,Maize
2014,YADGIR,Rabi       ,1016.423584,303.1735684,114,139,57,57,385,3.377192982,Maize
2014,YADGIR,Summer     ,1014.580736,301.9765725,18,111,33,45,59,3.277777778,Maize
2014,YADGIR,Kharif     ,1017.638732,302.9392366,51456,82,70,30,146014,2.837647699,Rice
2014,YADGIR,Rabi       ,1016.681458,303.0359041,15448,134,45,36,36542,2.365484205,Rice
2014,YADGIR,Summer     ,1016.838988,302.3036276,15205,84,67,50,35029,2.303781651,Rice
2015,Bagalkot,Kharif,768.1,28.77,1260,101,40,96,3403.14,2.7,Maize
2015,Bagalkot,Rabi,545.5,25.19,1399,83,73,54,5862.32,4.19,Ragi
2015,Bagalkot,Rabi,567.3,28.69,4800,90,75,35,12118.51,2.52,Rice
2015,Ballari,Rabi,660.32,31.2,4993,100,58,98,17220.35,3.45,Maize
2015,Ballari,Kharif,926.09,28.52,1718,96,49,37,3059.8,1.78,Ragi
2015,Ballari,Rabi,758.74,34.92,3369,131,78,81,6831.58,2.03,Rice
2015,Belagavi,Kharif,528.98,33.95,3814,107,27,46,14967.51,3.92,Maize
2015,Belagavi,Kharif,1097.17,32.06,3560,124,70,54,7332.57,2.06,Ragi
2015,Belagavi,Rabi,1004.44,23.43,2178,106,39,64,3769.99,1.73,Rice
2015,Bengaluru Rural,Kharif,536.42,20.98,1146,72,67,54,4981.27,4.35,Maize
2015,Bengaluru Rural,Rabi,1046.72,24.57,2561,97,51,47,4591.91,1.79,Ragi
2015,Bengaluru Rural,Kharif,811.39,28.89,2399,71,41,28,3932.8,1.64,Rice
2015,Bengaluru Urban,Rabi,479.98,26.89,966,66,78,95,2416.09,2.5,Maize
2015,Bengaluru Urban,Rabi,416.47,34.55,630,118,26,34,2518.32,4,Ragi
2015,Bengaluru Urban,Kharif,546.75,31.7,1360,60,28,40,4475.15,3.29,Rice
2015,Bidar,Kharif,804.2,32.4,4452,143,64,71,10952.58,2.46,Maize
2015,Bidar,Kharif,1166.83,32.71,895,64,20,54,2295.42,2.56,Ragi
2015,Bidar,Kharif,590.88,30.2,4632,140,48,70,17229.77,3.72,Rice
2015,Chamarajanagar,Kharif,1155.81,32.74,4136,84,27,74,9273.1,2.24,Maize
2015,Chamarajanagar,Rabi,1163.24,29.09,2548,82,75,96,5569.75,2.19,Ragi
2015,Chamarajanagar,Kharif,827.48,31.25,2500,133,73,63,10598.74,4.24,Rice
2015,Chikkaballapur,Kharif,409.76,28.98,4725,65,23,84,15103.58,3.2,Maize
2015,Chikkaballapur,Rabi,879.22,32.4,2334,83,54,99,10216.44,4.38,Ragi
2015,Chikkaballapur,Rabi,831.89,27.3,3728,115,78,44,10165.75,2.73,Rice
2015,Chikkamagaluru,Kharif,687.59,24.4,4841,148,22,66,19015.85,3.93,Maize
2015,Chikkamagaluru,Kharif,1093.66,33.7,2341,89,73,99,7102.66,3.03,Ragi
2015,Chikkamagaluru,Rabi,636.23,24.84,654,77,64,75,2646.09,4.05,Rice
2015,Chitradurga,Rabi,1036.21,23.02,4350,96,59,57,8660.71,1.99,Maize
2015,Chitradurga,Kharif,932.16,27.85,3398,88,26,30,8754.92,2.58,Ragi
2015,Chitradurga,Rabi,703.38,33.9,3135,119,46,86,11489.12,3.66,Rice
2015,Dakshina Kannada,Rabi,753.88,23.6,1012,122,20,34,1803,1.78,Maize
2015,Dakshina Kannada,Kharif,813.36,29.86,3843,69,46,20,10787.37,2.81,Ragi
2015,Dakshina Kannada,Rabi,742.65,30.33,3338,50,35,26,5589.75,1.67,Rice
2015,Davangere,Rabi,846.63,33.24,4223,121,57,20,8725.23,2.07,Maize
2015,Davangere,Kharif,960.29,32.7,3670,136,26,68,14933.13,4.07,Ragi
2015,Davangere,Rabi,813.31,23.91,1516,112,63,92,6804.96,4.49,Rice
2015,Dharwad,Kharif,690.9,34.58,4263,116,42,48,18703.24,4.39,Maize
2015,Dharwad,Rabi,969.82,22.22,3957,53,60,45,17779.68,4.49,Ragi
2015,Dharwad,Kharif,1154.33,24.85,1163,107,78,64,3554.56,3.06,Rice
2015,Gadag,Rabi,874.87,30.19,4096,74,30,90,15841.34,3.87,Maize
2015,Gadag,Kharif,469.54,28.06,1669,96,61,31,5441.81,3.26,Ragi
2015,Gadag,Rabi,657.66,23.17,1562,87,72,51,3877.65,2.48,Rice
2015,Hassan,Rabi,708.32,30.22,1275,64,52,39,3215.39,2.52,Maize
2015,Hassan,Kharif,796.83,30.39,1116,112,69,70,2840.23,2.55,Ragi
2015,Hassan,Rabi,431.17,29.27,4469,70,55,55,11215.68,2.51,Rice
2015,Haveri,Rabi,1073.85,20.77,3370,148,56,86,5239.43,1.55,Maize
2015,Haveri,Kharif,1197.8,33.45,3095,106,60,20,9990.65,3.23,Ragi
2015,Haveri,Rabi,1080.65,21.32,3063,102,78,46,11999.59,3.92,Rice
2015,Kalaburagi,Kharif,964.67,34.53,4830,95,36,59,17214.55,3.56,Maize
2015,Kalaburagi,Rabi,1093.49,32.58,3039,63,54,33,8443.18,2.78,Ragi
2015,Kalaburagi,Rabi,1196.74,20.84,3482,149,67,88,12922.07,3.71,Rice
2015,Kodagu,Rabi,608.71,20.23,3349,125,24,98,14401.73,4.3,Maize
2015,Kodagu,Rabi,831.5,30.26,3316,66,67,25,11100.49,3.35,Ragi
2015,Kodagu,Kharif,538.56,26.51,2135,88,51,52,5754.92,2.7,Rice
2015,Kolar,Kharif,667.92,22.09,1702,58,22,74,6607.29,3.88,Maize
2015,Kolar,Kharif,993.17,28.6,2535,148,71,38,11389.95,4.49,Ragi
2015,Kolar,Kharif,583.22,28.14,4187,126,66,96,11700.93,2.79,Rice
2015,Koppal,Kharif,818.48,29.44,4012,128,54,48,14392.03,3.59,Maize
2015,Koppal,Kharif,902.05,28.76,4084,131,71,80,17166.99,4.2,Ragi
2015,Koppal,Kharif,822.16,34.89,4675,146,33,89,8047.5,1.72,Rice
2015,Mandya,Rabi,935.07,29.99,2954,55,67,98,9671.08,3.27,Maize
2015,Mandya,Rabi,777.77,21.79,2070,140,50,99,7534.25,3.64,Ragi
2015,Mandya,Kharif,1090.48,29.35,3599,72,50,43,8971.21,2.49,Rice
2015,Mysuru,Rabi,816.67,34.42,4298,108,36,42,17336.42,4.03,Maize
2015,Mysuru,Kharif,831.75,28.8,837,140,79,29,3679.26,4.4,Ragi
2015,Mysuru,Rabi,1115.86,28.97,4797,147,43,73,20462.19,4.27,Rice
2015,Raichur,Rabi,488.96,27.39,4102,95,71,60,6292.72,1.53,Maize
2015,Raichur,Rabi,445.04,21.78,4209,87,42,68,7797.5,1.85,Ragi
2015,Raichur,Rabi,785.33,25.67,3986,63,37,36,14410.4,3.62,Rice
2015,Ramanagara,Rabi,570.37,22.05,2622,149,69,75,4047.41,1.54,Maize
2015,Ramanagara,Rabi,871.93,25.88,1829,121,73,64,5143.92,2.81,Ragi
2015,Ramanagara,Kharif,423.03,31.33,3314,111,33,49,11138.12,3.36,Rice
2015,Shivamogga,Rabi,1106.8,31.22,3944,84,69,63,17192.75,4.36,Maize
2015,Shivamogga,Kharif,1173.32,34.45,801,68,34,93,3251.28,4.06,Ragi
2015,Shivamogga,Rabi,434.88,34.92,3620,79,34,74,10533.6,2.91,Rice
2015,Tumakuru,Rabi,520.57,27.62,1108,127,25,38,3974.88,3.59,Maize
2015,Tumakuru,Kharif,660.77,23.3,1159,133,46,48,4211.17,3.63,Ragi
2015,Tumakuru,Rabi,1186.74,25.98,3431,74,34,21,13550.03,3.95,Rice
2015,Udupi,Rabi,688.15,21.91,4354,89,69,55,13352.54,3.07,Maize
2015,Udupi,Kharif,1172.2,26.86,3551,137,55,38,14296.57,4.03,Ragi
2015,Udupi,Rabi,1071.15,32.91,1648,63,74,26,3709.24,2.25,Rice
2015,Uttara Kannada,Kharif,875.11,25.54,2526,75,27,45,7231.44,2.86,Maize
2015,Uttara Kannada,Kharif,1191.97,24.84,2173,136,34,98,8539.07,3.93,Ragi
2015,Uttara Kannada,Rabi,888.5,24.33,2548,71,22,57,8264.98,3.24,Rice
2015,Vijayapura,Kharif,701.83,20.04,3378,97,66,22,13866.36,4.1,Maize
2015,Vijayapura,Rabi,1189.01,28.05,1776,132,32,99,7587.29,4.27,Ragi
2015,Vijayapura,Kharif,784.92,30.32,2796,100,60,85,8485.78,3.03,Rice
2015,Yadgir,Kharif,1159.84,30.89,4985,52,53,90,16651.12,3.34,Maize
2015,Yadgir,Rabi,1146.18,32.99,509,91,43,62,832.55,1.64,Ragi
2015,Yadgir,Rabi,947.78,22.44,3008,68,59,81,12732.21,4.23,Rice
2016,Bagalkot,Kharif,874.36,22.45,3655,122,51,90,9770.71,2.67,Maize
2016,Bagalkot,Kharif,606.51,29.85,527,77,51,43,1304.63,2.48,Ragi
2016,Bagalkot,Rabi,1096.6,26.68,2025,133,49,58,6165.02,3.04,Rice
2016,Ballari,Rabi,954.54,20.77,4226,94,71,87,14832.21,3.51,Maize
2016,Ballari,Rabi,544.46,28.52,900,120,68,63,3821.82,4.25,Ragi
2016,Ballari,Kharif,909.79,34.71,2921,127,32,24,12297.68,4.21,Rice
2016,Belagavi,Kharif,607.54,25.7,4094,112,20,74,13391,3.27,Maize
2016,Belagavi,Rabi,899.32,26.14,2055,122,53,49,6485.87,3.16,Ragi
2016,Belagavi,Kharif,866.43,26.32,1414,68,34,48,5907.71,4.18,Rice
2016,Bengaluru Rural,Kharif,869.65,20.49,4100,96,63,45,17376.82,4.24,Maize
2016,Bengaluru Rural,Rabi,798.69,26.28,4620,63,33,45,19609.76,4.24,Ragi
2016,Bengaluru Rural,Rabi,1138.37,26.99,2622,87,76,56,7715.26,2.94,Rice
2016,Bengaluru Urban,Kharif,455.14,21.16,3949,102,48,72,7158.51,1.81,Maize
2016,Bengaluru Urban,Kharif,1128.55,21.84,4297,110,53,49,9486.56,2.21,Ragi
2016,Bengaluru Urban,Rabi,418.42,29.77,3435,85,37,22,13100.2,3.81,Rice
2016,Bidar,Rabi,1192.12,30.14,2853,89,73,62,8096.46,2.84,Maize
2016,Bidar,Kharif,706.89,20.98,2928,130,26,26,11608.17,3.96,Ragi
2016,Bidar,Rabi,966.86,27.1,1417,79,48,68,2371.72,1.67,Rice
2016,Chamarajanagar,Rabi,1097.47,26.5,2427,58,74,92,3958.4,1.63,Maize
2016,Chamarajanagar,Rabi,416.69,29.8,4165,113,50,60,10399.77,2.5,Ragi
2016,Chamarajanagar,Kharif,1097.43,23.29,2060,82,44,96,9120.85,4.43,Rice
2016,Chikkaballapur,Kharif,604.52,24.53,3725,101,57,98,13767.13,3.7,Maize
2016,Chikkaballapur,Rabi,1047.62,31.5,3773,138,33,73,7354,1.95,Ragi
2016,Chikkaballapur,Rabi,688.62,33.59,2925,63,27,88,11143.76,3.81,Rice
2016,Chikkamagaluru,Kharif,1014.62,26.27,2924,124,46,46,8082.14,2.76,Maize
2016,Chikkamagaluru,Kharif,591.02,21.66,3124,102,73,27,8009.52,2.56,Ragi
2016,Chikkamagaluru,Kharif,783.9,29.41,4913,148,21,51,20246.63,4.12,Rice
2016,Chitradurga,Kharif,781.36,25.92,3871,108,36,83,12186.85,3.15,Maize
2016,Chitradurga,Rabi,972.39,27.82,3045,127,56,29,12080.06,3.97,Ragi
2016,Chitradurga,Kharif,487.13,22.23,1677,143,33,32,5164.94,3.08,Rice
2016,Dakshina Kannada,Rabi,1101.97,23.98,1790,90,44,82,3380.5,1.89,Maize
2016,Dakshina Kannada,Kharif,1164.52,32.93,1718,117,75,54,6749.25,3.93,Ragi
2016,Dakshina Kannada,Kharif,829.58,28.89,1392,117,49,80,4510.44,3.24,Rice
2016,Davangere,Kharif,878.63,26.9,1438,141,48,73,2484.58,1.73,Maize
2016,Davangere,Rabi,401.87,34.52,1752,57,39,27,2655.61,1.52,Ragi
2016,Davangere,Rabi,675.51,25.27,2024,51,40,48,5542.48,2.74,Rice
2016,Dharwad,Kharif,617.85,20.28,3157,135,72,60,13394.82,4.24,Maize
2016,Dharwad,Kharif,861.21,24.11,2589,90,41,49,8187.8,3.16,Ragi
2016,Dharwad,Kharif,1067.94,34.77,1801,104,54,40,5541.8,3.08,Rice
2016,Gadag,Kharif,864.09,23.81,1708,65,56,95,5235.34,3.07,Maize
2016,Gadag,Kharif,500.59,21.99,4423,142,35,30,8539.16,1.93,Ragi
2016,Gadag,Rabi,948.77,20.26,1739,111,69,21,4294.27,2.47,Rice
2016,Hassan,Rabi,805.97,20.1,1088,97,77,69,2568.89,2.36,Maize
2016,Hassan,Rabi,1184.95,29.48,2190,79,68,60,4991.91,2.28,Ragi
2016,Hassan,Rabi,994.81,22.41,4008,61,62,85,15847.24,3.95,Rice
2016,Haveri,Rabi,1144.76,30.34,1486,84,36,22,5244.9,3.53,Maize
2016,Haveri,Kharif,933.58,28.66,3624,60,35,99,9225.69,2.55,Ragi
2016,Haveri,Rabi,894.28,33.03,4549,113,77,70,14610.61,3.21,Rice
2016,Kalaburagi,Rabi,745.87,34.15,4011,99,74,87,11067.08,2.76,Maize
2016,Kalaburagi,Kharif,718.08,24.11,4679,134,21,44,20830.59,4.45,Ragi
2016,Kalaburagi,Kharif,923.61,24.1,3655,70,23,49,15908.72,4.35,Rice
2016,Kodagu,Kharif,929.69,28.16,2091,118,40,30,8559.46,4.09,Maize
2016,Kodagu,Kharif,817.01,33.02,1785,97,58,36,3991,2.24,Ragi
2016,Kodagu,Kharif,1106.33,27.74,3611,69,53,45,15236.76,4.22,Rice
2016,Kolar,Rabi,497.51,22.72,2637,116,49,42,9343.82,3.54,Maize
2016,Kolar,Rabi,636.22,31.9,4154,93,25,75,8539.32,2.06,Ragi
2016,Kolar,Kharif,888.27,30.74,605,82,36,71,1402.31,2.32,Rice
2016,Koppal,Rabi,431.7,27.21,3996,122,58,67,7251.9,1.81,Maize
2016,Koppal,Kharif,856.72,20.28,3436,110,44,39,10126.13,2.95,Ragi
2016,Koppal,Kharif,633.33,30.42,665,58,24,21,2713.44,4.08,Rice
2016,Mandya,Rabi,804.41,28.93,2990,117,24,50,7528.26,2.52,Maize
2016,Mandya,Kharif,590.55,21.49,4175,84,39,46,9308.23,2.23,Ragi
2016,Mandya,Rabi,927.14,20.41,3962,130,35,21,8581.36,2.17,Rice
2016,Mysuru,Kharif,564.11,22.86,3889,147,70,97,6259.92,1.61,Maize
2016,Mysuru,Rabi,869.96,24.41,3995,137,60,23,14550.5,3.64,Ragi
2016,Mysuru,Kharif,453.66,31.25,2259,145,56,32,4811.03,2.13,Rice
2016,Raichur,Kharif,635.33,33.68,1459,114,59,54,6423.3,4.4,Maize
2016,Raichur,Rabi,785.22,21.76,1026,57,28,91,1924.32,1.88,Ragi
2016,Raichur,Rabi,762.95,27.96,1090,94,24,85,1693.41,1.55,Rice
2016,Ramanagara,Rabi,980.21,27.3,1773,136,61,25,7305.24,4.12,Maize
2016,Ramanagara,Rabi,737.38,24.15,3479,96,76,50,11400.86,3.28,Ragi
2016,Ramanagara,Rabi,432.09,33.01,1455,89,21,29,4708.42,3.24,Rice
2016,Shivamogga,Kharif,752.83,26.07,3483,125,28,40,11205.8,3.22,Maize
2016,Shivamogga,Rabi,1032.58,24.78,4087,103,62,93,13804.55,3.38,Ragi
2016,Shivamogga,Kharif,584.01,21.81,3723,125,55,42,6443.99,1.73,Rice
2016,Tumakuru,Kharif,472.27,31.56,3366,95,41,22,5738.19,1.7,Maize
2016,Tumakuru,Kharif,684.54,30.79,2558,96,41,51,6117.11,2.39,Ragi
2016,Tumakuru,Rabi,737.63,25.31,3181,64,41,39,13919.68,4.38,Rice
2016,Udupi,Rabi,1064.51,21.81,1384,68,53,93,2270.92,1.64,Maize
2016,Udupi,Kharif,429.39,34.36,2765,75,74,48,11000.88,3.98,Ragi
2016,Udupi,Kharif,1107.36,29.01,1963,101,48,71,8266.53,4.21,Rice
2016,Uttara Kannada,Rabi,919.26,24.93,1321,142,57,65,4479.02,3.39,Maize
2016,Uttara Kannada,Rabi,956.37,25.83,2690,71,78,53,7655.96,2.85,Ragi
2016,Uttara Kannada,Rabi,653.76,33.03,1500,70,65,80,3940.53,2.63,Rice
2016,Vijayapura,Kharif,931.04,27.12,3234,100,52,91,13041.14,4.03,Maize
2016,Vijayapura,Rabi,1091.37,28.37,2703,87,37,90,8432.6,3.12,Ragi
2016,Vijayapura,Kharif,533.63,22.51,2860,69,26,89,4604.64,1.61,Rice
2016,Yadgir,Kharif,965.18,20.47,816,78,20,30,3515.85,4.31,Maize
2016,Yadgir,Kharif,833.04,30.64,2770,100,52,82,11392.75,4.11,Ragi
2016,Yadgir,Rabi,560.12,22.51,4738,53,20,40,8593.33,1.81,Rice
2017,Bagalkot,Kharif,810.12,24.58,941,104,43,22,2011.8,2.14,Maize
2017,Bagalkot,Kharif,643.16,29.8,1836,120,23,29,7922.18,4.31,Ragi
2017,Bagalkot,Rabi,1193.39,21.09,4719,141,23,46,8169.69,1.73,Rice
2017,Ballari,Kharif,548.16,22.61,3046,77,37,31,5468.14,1.8,Maize
2017,Ballari,Rabi,1011.5,23.98,2537,53,46,26,3964.91,1.56,Ragi
2017,Ballari,Kharif,682.6,24.45,4827,71,62,36,12304.55,2.55,Rice
2017,Belagavi,Rabi,746,24.68,4723,125,78,84,14256.02,3.02,Maize
2017,Belagavi,Rabi,484.53,29.61,3536,94,51,83,7595.73,2.15,Ragi
2017,Belagavi,Rabi,420.65,22.03,3464,116,52,45,15204.69,4.39,Rice
2017,Bengaluru Rural,Rabi,702.78,25.44,3274,135,47,34,14688.61,4.49,Maize
2017,Bengaluru Rural,Kharif,448.11,28.43,4711,115,61,52,20600.62,4.37,Ragi
2017,Bengaluru Rural,Rabi,944.11,23.46,2085,137,60,81,5985.15,2.87,Rice
2017,Bengaluru Urban,Rabi,953.95,34.87,4508,83,74,66,8498.4,1.89,Maize
2017,Bengaluru Urban,Kharif,669.78,33.58,1741,140,55,54,6646.91,3.82,Ragi
2017,Bengaluru Urban,Rabi,619.63,28.96,1269,104,79,84,4476.43,3.53,Rice
2017,Bidar,Rabi,719.07,33.84,4783,50,25,91,13948.1,2.92,Maize
2017,Bidar,Kharif,445.64,24.23,1931,121,35,95,4412.56,2.29,Ragi
2017,Bidar,Kharif,983.61,31.48,3339,136,53,44,6600.28,1.98,Rice
2017,Chamarajanagar,Kharif,907.74,22.49,1169,87,42,76,4846.42,4.15,Maize
2017,Chamarajanagar,Kharif,529.79,20.19,2094,55,69,51,6657.39,3.18,Ragi
2017,Chamarajanagar,Kharif,1173.7,26.27,4458,135,61,82,19848.49,4.45,Rice
2017,Chikkaballapur,Kharif,434.99,21.85,2498,74,43,31,7933.47,3.18,Maize
2017,Chikkaballapur,Kharif,921.83,32.68,1931,131,75,82,6908.11,3.58,Ragi
2017,Chikkaballapur,Rabi,737.63,24.43,4508,66,68,96,13334.67,2.96,Rice
2017,Chikkamagaluru,Kharif,541.94,28.18,2259,110,32,20,10061.61,4.45,Maize
2017,Chikkamagaluru,Rabi,982.36,21.62,4368,61,75,70,15532.15,3.56,Ragi
2017,Chikkamagaluru,Kharif,1182.72,31.22,3208,55,37,89,10180.39,3.17,Rice
2017,Chitradurga,Kharif,940.34,20.67,4992,139,73,27,14236.14,2.85,Maize
2017,Chitradurga,Kharif,532.16,25.85,4129,76,32,87,15234.28,3.69,Ragi
2017,Chitradurga,Kharif,825.28,33.2,1355,57,68,24,4368.98,3.22,Rice
2017,Dakshina Kannada,Rabi,1024.32,23.26,1543,132,56,58,2952.48,1.91,Maize
2017,Dakshina Kannada,Rabi,542.7,20.44,2523,114,62,42,5047.65,2,Ragi
2017,Dakshina Kannada,Kharif,801.64,21.87,4395,106,58,87,11673.68,2.66,Rice
2017,Davangere,Kharif,461.13,24.19,1071,142,61,71,4595.61,4.29,Maize
2017,Davangere,Rabi,769.18,29.56,2779,148,36,23,9665.53,3.48,Ragi
2017,Davangere,Kharif,1164.27,31.8,3172,89,34,66,7759.41,2.45,Rice
2017,Dharwad,Rabi,449.83,27.64,899,63,37,40,4036.59,4.49,Maize
2017,Dharwad,Kharif,892.18,24.59,2648,84,42,75,8928.23,3.37,Ragi
2017,Dharwad,Kharif,497.11,24.55,4744,97,73,85,8554.08,1.8,Rice
2017,Gadag,Kharif,1101.79,33.16,567,133,70,78,1412.52,2.49,Maize
2017,Gadag,Rabi,1191.22,29.39,4508,105,49,26,13947.52,3.09,Ragi
2017,Gadag,Kharif,581.08,30.95,2262,98,77,68,7456.51,3.3,Rice
2017,Hassan,Rabi,562.35,28.48,3971,62,53,35,17627.03,4.44,Maize
2017,Hassan,Kharif,868.65,28.8,4196,110,77,36,15076.28,3.59,Ragi
2017,Hassan,Kharif,1192.9,31.21,2233,98,23,94,8306.67,3.72,Rice
2017,Haveri,Rabi,1128.54,26.97,2879,95,22,53,5506.29,1.91,Maize
2017,Haveri,Kharif,531.86,22.56,2573,111,26,52,11177.95,4.34,Ragi
2017,Haveri,Rabi,1164.66,20.38,1227,57,75,45,4396.77,3.58,Rice
2017,Kalaburagi,Rabi,931.03,34.45,1171,92,37,85,3724.37,3.18,Maize
2017,Kalaburagi,Kharif,1062.29,31.82,1949,69,61,82,6574.52,3.37,Ragi
2017,Kalaburagi,Kharif,728.88,25.21,1189,146,26,60,4993.21,4.2,Rice
2017,Kodagu,Rabi,667.39,31.77,1163,139,59,77,4213.6,3.62,Maize
2017,Kodagu,Kharif,813.82,26.6,1367,88,25,98,2655.2,1.94,Ragi
2017,Kodagu,Kharif,1060.04,27.47,3759,134,41,29,6507.49,1.73,Rice
2017,Kolar,Kharif,735.16,31.27,2274,98,77,34,3895.41,1.71,Maize
2017,Kolar,Rabi,999.88,26.19,3202,113,20,61,11009.4,3.44,Ragi
2017,Kolar,Rabi,932.23,32.01,4533,111,23,76,15811.07,3.49,Rice
2017,Koppal,Rabi,1102.26,33.19,3291,103,65,36,13531.72,4.11,Maize
2017,Koppal,Kharif,848.15,31.26,3548,58,68,79,11261.15,3.17,Ragi
2017,Koppal,Kharif,531.77,24.95,2824,137,71,28,10647.2,3.77,Rice
2017,Mandya,Kharif,1102.38,33.02,3729,86,69,55,14609.39,3.92,Maize
2017,Mandya,Rabi,658.02,20.34,572,98,62,92,1121.91,1.96,Ragi
2017,Mandya,Rabi,1144.48,21.75,4607,90,48,99,18208.47,3.95,Rice
2017,Mysuru,Rabi,474.34,23.86,648,66,40,55,2503.68,3.86,Maize
2017,Mysuru,Rabi,1060.85,31.73,1512,137,45,67,5482.87,3.63,Ragi
2017,Mysuru,Rabi,989.74,31.53,2040,70,33,70,4551.18,2.23,Rice
2017,Raichur,Rabi,454.13,30.62,2590,100,28,89,8108.29,3.13,Maize
2017,Raichur,Rabi,766.64,27.27,2017,108,78,93,4028.6,2,Ragi
2017,Raichur,Kharif,848.98,27.85,1097,88,66,99,2023.2,1.84,Rice
2017,Ramanagara,Rabi,539.01,30.68,2321,104,31,87,9232.79,3.98,Maize
2017,Ramanagara,Rabi,736.09,33.58,1480,90,61,41,5504.14,3.72,Ragi
2017,Ramanagara,Kharif,651.25,23.81,2399,88,70,96,9494.68,3.96,Rice
2017,Shivamogga,Rabi,788.81,33.8,2921,62,75,99,8944.99,3.06,Maize
2017,Shivamogga,Rabi,434.99,21.66,1022,113,70,25,3368.1,3.3,Ragi
2017,Shivamogga,Kharif,657.77,21.88,869,60,25,45,2540.09,2.92,Rice
2017,Tumakuru,Rabi,572.16,20.18,1400,68,39,94,3113.05,2.22,Maize
2017,Tumakuru,Kharif,451.69,20.64,2885,60,43,22,7542.04,2.61,Ragi
2017,Tumakuru,Rabi,1032.27,28.73,2793,126,46,71,9895.39,3.54,Rice
2017,Udupi,Rabi,1105.16,24.17,1784,95,57,93,3714.04,2.08,Maize
2017,Udupi,Rabi,648.74,31.14,4062,94,27,79,16026.03,3.95,Ragi
2017,Udupi,Rabi,1008.9,22.4,1804,50,20,82,5203.95,2.88,Rice
2017,Uttara Kannada,Kharif,775.71,26.76,3951,89,73,84,11532.63,2.92,Maize
2017,Uttara Kannada,Kharif,888.62,24.21,641,68,68,71,1359.55,2.12,Ragi
2017,Uttara Kannada,Rabi,431.81,29.06,2436,125,68,95,10285.13,4.22,Rice
2017,Vijayapura,Rabi,1172.99,21.91,4749,121,43,33,17205.94,3.62,Maize
2017,Vijayapura,Rabi,1003.17,32.07,3446,121,66,91,5355.15,1.55,Ragi
2017,Vijayapura,Kharif,783.26,20.27,4417,110,26,87,12210.05,2.76,Rice
2017,Yadgir,Kharif,826.42,22.37,2785,61,38,47,9991.74,3.59,Maize
2017,Yadgir,Rabi,890.78,25.45,3322,110,41,90,13924.36,4.19,Ragi
2017,Yadgir,Kharif,621.15,24.69,2711,82,76,29,9293.37,3.43,Rice
2018,Bagalkot,Rabi,1125.26,20.24,1651,94,74,76,6350.59,3.85,Maize
2018,Bagalkot,Kharif,1038.04,29.24,3035,139,79,85,12230.55,4.03,Ragi
2018,Bagalkot,Kharif,797.01,25.71,4787,141,54,69,9521.85,1.99,Rice
2018,Ballari,Kharif,808.9,20.7,1764,118,49,33,4107.49,2.33,Maize
2018,Ballari,Rabi,866.61,27,3914,57,48,35,9867.63,2.52,Ragi
2018,Ballari,Kharif,1105.59,32.36,4545,74,41,73,16658.17,3.67,Rice
2018,Belagavi,Kharif,754.76,29.03,4677,140,30,62,15313.53,3.27,Maize
2018,Belagavi,Kharif,781.19,34.94,864,95,39,61,1450.15,1.68,Ragi
2018,Belagavi,Kharif,689.81,30.89,3308,136,48,41,13838.55,4.18,Rice
2018,Bengaluru Rural,Kharif,710.39,22.4,4958,79,70,87,7784.34,1.57,Maize
2018,Bengaluru Rural,Kharif,790.28,21.95,1410,96,60,38,5649.08,4.01,Ragi
2018,Bengaluru Rural,Rabi,804.36,34.46,3915,136,61,85,10385.01,2.65,Rice
2018,Bengaluru Urban,Rabi,916.59,20.67,3480,98,53,58,13174.31,3.79,Maize
2018,Bengaluru Urban,Kharif,671.82,27.76,3719,96,20,92,9806,2.64,Ragi
2018,Bengaluru Urban,Kharif,964.47,30.33,1641,133,50,38,4305.42,2.62,Rice
2018,Bidar,Kharif,798.59,26.1,2390,131,49,35,10418.15,4.36,Maize
2018,Bidar,Rabi,749.6,28.9,856,67,67,73,1471.67,1.72,Ragi
2018,Bidar,Rabi,821.79,25.88,2880,115,37,44,10014.74,3.48,Rice
2018,Chamarajanagar,Kharif,1053.42,22.72,1635,117,74,37,4271.97,2.61,Maize
2018,Chamarajanagar,Kharif,1187.89,31.31,4311,143,77,42,11551.69,2.68,Ragi
2018,Chamarajanagar,Kharif,1007.26,29.14,2488,82,36,30,10420.05,4.19,Rice
2018,Chikkaballapur,Rabi,726.11,27.04,4851,85,57,58,7688.51,1.58,Maize
2018,Chikkaballapur,Rabi,624.83,30.69,3778,131,33,87,5797.26,1.53,Ragi
2018,Chikkaballapur,Rabi,633.91,26.66,562,68,42,44,879.95,1.57,Rice
2018,Chikkamagaluru,Rabi,1057.74,32.76,3288,77,44,82,7023.11,2.14,Maize
2018,Chikkamagaluru,Kharif,777.83,33.2,3737,89,34,49,8024.17,2.15,Ragi
2018,Chikkamagaluru,Rabi,695.85,20.79,726,133,65,64,2760.76,3.8,Rice
2018,Chitradurga,Rabi,971.24,21.37,4517,146,75,80,9475.81,2.1,Maize
2018,Chitradurga,Kharif,990.98,20.21,1634,125,41,70,3668.54,2.25,Ragi
2018,Chitradurga,Rabi,871.56,29.2,3462,64,22,28,11816.03,3.41,Rice
2018,Dakshina Kannada,Kharif,414.04,24.4,3962,90,75,95,15132.56,3.82,Maize
2018,Dakshina Kannada,Rabi,678.48,25.58,3066,88,74,21,4611.45,1.5,Ragi
2018,Dakshina Kannada,Kharif,461.11,25.74,4264,51,38,24,11100.05,2.6,Rice
2018,Davangere,Rabi,426.94,23.22,936,112,76,81,2572.47,2.75,Maize
2018,Davangere,Kharif,975.83,33,2884,78,63,88,8253.55,2.86,Ragi
2018,Davangere,Rabi,866.61,32.63,3280,123,53,71,10321.97,3.15,Rice
2018,Dharwad,Rabi,623.01,23.16,4252,115,54,24,18591.21,4.37,Maize
2018,Dharwad,Kharif,1198.26,30.15,3734,100,69,78,14881.51,3.99,Ragi
2018,Dharwad,Kharif,821.78,29.49,4137,124,20,87,14204.02,3.43,Rice
2018,Gadag,Rabi,986.79,21.74,4265,126,71,28,16390.34,3.84,Maize
2018,Gadag,Rabi,1131.78,20.17,3261,59,40,41,9294.99,2.85,Ragi
2018,Gadag,Kharif,564.32,25.72,1973,63,48,46,8772.25,4.45,Rice
2018,Hassan,Rabi,1144.49,27.46,2276,131,25,29,4986.15,2.19,Maize
2018,Hassan,Rabi,1166.35,27.94,2196,100,56,99,4887.59,2.23,Ragi
2018,Hassan,Rabi,831.05,20.91,2223,122,20,80,7936.11,3.57,Rice
2018,Haveri,Kharif,1161.14,24.46,2018,88,70,70,3584.37,1.78,Maize
2018,Haveri,Rabi,898.92,29.73,4998,77,20,29,11506.43,2.3,Ragi
2018,Haveri,Rabi,951.82,22.16,3133,52,46,25,10295.29,3.29,Rice
2018,Kalaburagi,Rabi,1068.33,31.77,4732,133,40,81,12449.69,2.63,Maize
2018,Kalaburagi,Rabi,1043.8,20.69,4509,119,72,24,17694.39,3.92,Ragi
2018,Kalaburagi,Kharif,1168.13,31.45,4782,76,35,89,19441.8,4.07,Rice
2018,Kodagu,Rabi,591.33,27.96,892,51,63,82,3079.96,3.45,Maize
2018,Kodagu,Kharif,460.48,25.49,4371,142,78,75,9511.92,2.18,Ragi
2018,Kodagu,Rabi,997.96,27.11,3776,87,73,78,6319.26,1.67,Rice
2018,Kolar,Kharif,990.33,27.82,1514,52,59,82,2581.94,1.71,Maize
2018,Kolar,Rabi,867.56,28.07,3056,65,45,78,7048.85,2.31,Ragi
2018,Kolar,Rabi,835.4,23,2866,143,35,70,9602.11,3.35,Rice
2018,Koppal,Kharif,682.44,33.41,1632,89,47,69,7081.85,4.34,Maize
2018,Koppal,Rabi,1058.53,33.33,2679,51,20,23,8394.69,3.13,Ragi
2018,Koppal,Rabi,864.07,27.75,3371,130,55,67,12730,3.78,Rice
2018,Mandya,Kharif,1125.55,21.99,2711,90,29,51,8889.49,3.28,Maize
2018,Mandya,Rabi,682.77,26.88,766,61,62,70,1236.28,1.61,Ragi
2018,Mandya,Kharif,984.65,22.22,4760,84,36,71,19314.53,4.06,Rice
2018,Mysuru,Kharif,684.95,32.4,1446,114,76,93,5244.7,3.63,Maize
2018,Mysuru,Rabi,673.96,24.05,840,104,78,53,3695.37,4.4,Ragi
2018,Mysuru,Kharif,825.81,22.53,2852,94,42,55,6390.54,2.24,Rice
2018,Raichur,Kharif,1134.74,34.26,2129,128,26,89,6879.58,3.23,Maize
2018,Raichur,Rabi,1193.95,25.79,4869,139,63,62,15685.6,3.22,Ragi
2018,Raichur,Rabi,1008.81,25.58,1100,134,72,35,2945.11,2.68,Rice
2018,Ramanagara,Rabi,1146.34,32.41,1604,111,26,78,5760.97,3.59,Maize
2018,Ramanagara,Rabi,769.37,33.81,3994,98,63,72,14313.64,3.58,Ragi
2018,Ramanagara,Kharif,482.01,27.71,3416,144,34,38,10339.11,3.03,Rice
2018,Shivamogga,Rabi,1075.4,30.14,2510,74,53,60,4812.54,1.92,Maize
2018,Shivamogga,Kharif,1100.41,22.74,4488,72,65,66,10480.91,2.34,Ragi
2018,Shivamogga,Rabi,492.82,20.63,3992,73,64,73,12750,3.19,Rice
2018,Tumakuru,Rabi,452.81,25.23,2514,87,23,74,4608.15,1.83,Maize
2018,Tumakuru,Rabi,1158.15,21.08,4544,77,33,38,19836.13,4.37,Ragi
2018,Tumakuru,Rabi,790.1,21.16,4106,70,33,81,11179.12,2.72,Rice
2018,Udupi,Rabi,703.28,25.06,4096,103,35,78,6381.5,1.56,Maize
2018,Udupi,Rabi,730.91,27.39,4993,67,26,84,13545.36,2.71,Ragi
2018,Udupi,Rabi,812.69,24.01,2601,85,51,87,10420.75,4.01,Rice
2018,Uttara Kannada,Rabi,440.39,29.41,4620,148,38,47,12274.6,2.66,Maize
2018,Uttara Kannada,Kharif,833.59,34.09,1316,94,21,37,2844.47,2.16,Ragi
2018,Uttara Kannada,Kharif,405.35,31.58,1059,122,29,45,3574.78,3.38,Rice
2018,Vijayapura,Rabi,938.16,31.95,3593,102,69,38,8089.29,2.25,Maize
2018,Vijayapura,Rabi,857.4,32.49,874,79,36,74,3686.76,4.22,Ragi
2018,Vijayapura,Kharif,1047.03,30.16,1981,109,56,76,6686.05,3.38,Rice
2018,Yadgir,Kharif,625.98,26.38,3752,147,31,25,6050.9,1.61,Maize
2018,Yadgir,Rabi,1012.44,20,4776,81,25,20,13132.56,2.75,Ragi
2018,Yadgir,Kharif,682.08,32.37,4107,116,41,27,12513.94,3.05,Rice
2019,Bagalkot,Rabi,959.75,26.16,2186,116,51,70,6955.28,3.18,Maize
2019,Bagalkot,Rabi,466.19,23.81,1508,77,60,44,5790.67,3.84,Ragi
2019,Bagalkot,Kharif,926.93,33.97,970,93,39,66,3844.05,3.96,Rice
2019,Ballari,Rabi,1146.86,32.02,798,128,20,74,2811.18,3.52,Maize
2019,Ballari,Kharif,772.66,28.57,4960,90,73,83,11963.97,2.41,Ragi
2019,Ballari,Kharif,965.47,34.51,1705,112,66,29,6785.83,3.98,Rice
2019,Belagavi,Kharif,459.28,25.63,3620,72,72,75,14159.43,3.91,Maize
2019,Belagavi,Kharif,1197.75,28.39,1031,124,77,31,2539.85,2.46,Ragi
2019,Belagavi,Rabi,833.41,34.52,3298,97,25,52,5605.59,1.7,Rice
2019,Bengaluru Rural,Kharif,1090.38,27.98,4187,81,38,90,16196.56,3.87,Maize
2019,Bengaluru Rural,Rabi,676.18,26.21,4884,106,37,36,18057.33,3.7,Ragi
2019,Bengaluru Rural,Kharif,707.84,27.34,4129,149,25,80,11515.06,2.79,Rice
2019,Bengaluru Urban,Rabi,1031.43,24.62,4427,82,64,29,18776.52,4.24,Maize
2019,Bengaluru Urban,Rabi,905.77,25.6,2071,73,52,50,4793.32,2.31,Ragi
2019,Bengaluru Urban,Kharif,842.7,23.82,2859,88,42,79,10657.19,3.73,Rice
2019,Bidar,Kharif,1122.64,33.35,3377,83,42,89,13351.2,3.95,Maize
2019,Bidar,Rabi,1095.68,26.04,2381,105,45,36,10501.89,4.41,Ragi
2019,Bidar,Kharif,1039.77,21.85,726,77,32,69,2610.4,3.6,Rice
2019,Chamarajanagar,Rabi,449.45,21.39,4505,86,26,56,8957.62,1.99,Maize
2019,Chamarajanagar,Rabi,520.38,34.52,3858,56,34,81,10957.27,2.84,Ragi
2019,Chamarajanagar,Kharif,674.71,32.52,2461,117,63,99,10598.18,4.31,Rice
2019,Chikkaballapur,Rabi,440.5,20.59,1477,86,46,91,4758.67,3.22,Maize
2019,Chikkaballapur,Rabi,984.93,34.2,1512,105,45,96,5813.41,3.84,Ragi
2019,Chikkaballapur,Kharif,508.37,23.47,3450,114,52,48,14163.04,4.11,Rice
2019,Chikkamagaluru,Kharif,905.31,20.82,2824,114,34,51,9694.14,3.43,Maize
2019,Chikkamagaluru,Kharif,843.75,31.22,3005,96,55,99,11811.98,3.93,Ragi
2019,Chikkamagaluru,Kharif,689.95,32.95,3461,69,64,30,6334.29,1.83,Rice
2019,Chitradurga,Kharif,837.98,24.12,1947,68,74,25,8186.65,4.2,Maize
2019,Chitradurga,Rabi,1107.48,28.39,3171,78,46,54,12637.91,3.99,Ragi
2019,Chitradurga,Rabi,1014.5,27.51,3575,123,76,52,10014.69,2.8,Rice
2019,Dakshina Kannada,Kharif,449.92,25.03,1384,109,24,37,2354.25,1.7,Maize
2019,Dakshina Kannada,Kharif,1082.04,34.07,4356,67,21,56,7646.13,1.76,Ragi
2019,Dakshina Kannada,Rabi,898.1,34.6,964,141,74,32,2790.81,2.9,Rice
2019,Davangere,Kharif,1018.93,31.22,1863,84,77,93,3636.25,1.95,Maize
2019,Davangere,Rabi,771.19,23.96,1268,92,52,83,3481.58,2.75,Ragi
2019,Davangere,Kharif,1021.43,32.32,3546,144,35,20,10228.68,2.88,Rice
2019,Dharwad,Rabi,838.43,27.82,749,140,42,82,1910.41,2.55,Maize
2019,Dharwad,Rabi,1006.8,20.22,3885,60,57,53,8242.91,2.12,Ragi
2019,Dharwad,Rabi,1018.25,28.23,2005,98,74,29,3407.28,1.7,Rice
2019,Gadag,Rabi,852.55,22.74,3321,87,35,26,6372.32,1.92,Maize
2019,Gadag,Kharif,707.69,26.89,4080,113,33,75,9832.22,2.41,Ragi
2019,Gadag,Kharif,567.25,21.27,2537,118,48,99,7357.5,2.9,Rice
2019,Hassan,Kharif,625.54,25.46,2653,57,45,56,5497.49,2.07,Maize
2019,Hassan,Kharif,837.79,34.88,1187,83,54,48,4145.72,3.49,Ragi
2019,Hassan,Rabi,753.4,34.76,3716,97,34,31,9985.35,2.69,Rice
2019,Haveri,Kharif,683.73,28.26,2966,105,22,36,8036.74,2.71,Maize
2019,Haveri,Rabi,1051.74,29.18,2591,125,42,67,6789.39,2.62,Ragi
2019,Haveri,Rabi,809.84,31.6,3434,114,48,45,5604.7,1.63,Rice
2019,Kalaburagi,Kharif,1076.1,31.94,1326,80,53,31,2685.64,2.03,Maize
2019,Kalaburagi,Kharif,574.57,33.11,2834,53,52,40,6373.69,2.25,Ragi
2019,Kalaburagi,Rabi,699.64,31.97,2553,99,60,61,6643.35,2.6,Rice
2019,Kodagu,Rabi,692.48,25.31,4634,118,60,80,11156.06,2.41,Maize
2019,Kodagu,Rabi,536.09,33.47,2648,79,42,77,10142.93,3.83,Ragi
2019,Kodagu,Rabi,904.46,23.3,609,137,26,73,950.99,1.56,Rice
2019,Kolar,Kharif,452.55,33.31,2314,108,22,53,6385.59,2.76,Maize
2019,Kolar,Rabi,1021.03,21.96,4625,116,77,26,14782.7,3.2,Ragi
2019,Kolar,Rabi,767.72,26.46,1098,124,51,54,2650,2.41,Rice
2019,Koppal,Kharif,589.98,20.74,4291,94,50,34,15764.25,3.67,Maize
2019,Koppal,Rabi,624.84,22.6,3451,53,37,84,9108.07,2.64,Ragi
2019,Koppal,Rabi,750.54,32.59,2348,75,62,44,4653.83,1.98,Rice
2019,Mandya,Rabi,407.98,30.85,1667,76,26,78,5179.32,3.11,Maize
2019,Mandya,Kharif,1099.34,23.05,1004,95,60,98,1889.69,1.88,Ragi
2019,Mandya,Kharif,726.5,33.28,2288,113,20,25,4955.12,2.17,Rice
2019,Mysuru,Rabi,562.93,24.91,948,140,33,71,2976.77,3.14,Maize
2019,Mysuru,Kharif,417.71,34.18,3477,100,71,98,12482.02,3.59,Ragi
2019,Mysuru,Kharif,732.62,26.43,636,99,51,40,1986.05,3.12,Rice
2019,Raichur,Kharif,1018.01,30.54,2020,55,25,90,6758.44,3.35,Maize
2019,Raichur,Rabi,810.34,30.56,1221,108,58,51,5257.04,4.31,Ragi
2019,Raichur,Rabi,1139.62,31.79,2299,64,29,72,7517.37,3.27,Rice
2019,Ramanagara,Rabi,485.65,26.6,2730,79,26,78,10071.34,3.69,Maize
2019,Ramanagara,Kharif,743.97,32.46,4744,91,45,88,8822.29,1.86,Ragi
2019,Ramanagara,Rabi,685.41,31.36,2898,86,53,81,6912.36,2.39,Rice
2019,Shivamogga,Kharif,455.46,29.57,3084,91,49,23,11407.75,3.7,Maize
2019,Shivamogga,Rabi,711.38,23.43,1072,84,55,37,3527.48,3.29,Ragi
2019,Shivamogga,Rabi,1150.73,26.22,3926,136,40,75,10627.7,2.71,Rice
2019,Tumakuru,Rabi,1089.21,33.03,1454,55,79,43,5340.59,3.67,Maize
2019,Tumakuru,Kharif,846.34,28.77,3778,117,36,85,7181.8,1.9,Ragi
2019,Tumakuru,Rabi,731.98,30.69,2205,67,52,32,5862.29,2.66,Rice
2019,Udupi,Rabi,1067.03,29.64,1304,122,29,81,2263.32,1.74,Maize
2019,Udupi,Kharif,683.94,20.78,3423,78,70,73,5460.48,1.6,Ragi
2019,Udupi,Rabi,911.23,34.3,3190,126,66,34,13222.06,4.14,Rice
2019,Uttara Kannada,Rabi,985.19,34.37,4354,108,61,88,9410.47,2.16,Maize
2019,Uttara Kannada,Rabi,771.69,25.69,4075,96,70,22,9982.77,2.45,Ragi
2019,Uttara Kannada,Kharif,814.62,30.65,1807,66,31,56,3229.45,1.79,Rice
2019,Vijayapura,Rabi,1186.85,23.9,1231,145,75,56,5427.69,4.41,Maize
2019,Vijayapura,Kharif,678.02,20.76,2219,71,35,22,3679.76,1.66,Ragi
2019,Vijayapura,Rabi,854.38,24.45,3264,117,60,82,14083.99,4.31,Rice
2019,Yadgir,Kharif,665.76,24.41,1316,118,51,54,2137.84,1.62,Maize
2019,Yadgir,Kharif,889.17,30.18,2542,86,34,71,6234.63,2.45,Ragi
2019,Yadgir,Rabi,819.79,31.63,998,98,46,47,2198.87,2.2,Rice
2020,Bagalkot,Rabi,400.74,33.55,1640,62,47,37,2581.12,1.57,Maize
2020,Bagalkot,Rabi,733.01,25.35,4971,83,36,55,21053.07,4.24,Ragi
2020,Bagalkot,Kharif,629.78,33.2,3760,135,65,52,6195.21,1.65,Rice
2020,Ballari,Rabi,893.68,32.75,2658,102,78,83,5551.86,2.09,Maize
2020,Ballari,Rabi,1170.78,21.62,3771,136,69,45,11069.67,2.94,Ragi
2020,Ballari,Kharif,549.31,20.39,670,100,77,67,1576.93,2.35,Rice
2020,Belagavi,Kharif,490.75,34.95,2910,52,21,59,5966.54,2.05,Maize
2020,Belagavi,Kharif,410.95,21.22,2381,91,55,36,5418.62,2.28,Ragi
2020,Belagavi,Rabi,600.86,29.76,1053,147,69,59,2250.26,2.14,Rice
2020,Bengaluru Rural,Rabi,867.87,25.06,4439,81,26,26,17350.07,3.91,Maize
2020,Bengaluru Rural,Kharif,1180.83,25.17,1329,100,32,76,3338.36,2.51,Ragi
2020,Bengaluru Rural,Kharif,726.17,21.88,1687,134,34,27,3397.42,2.01,Rice
2020,Bengaluru Urban,Rabi,476.29,26.75,589,95,44,75,1479.78,2.51,Maize
2020,Bengaluru Urban,Rabi,623.8,24.98,1425,70,42,50,4970.95,3.49,Ragi
2020,Bengaluru Urban,Kharif,577.43,24.76,516,93,79,78,1175.53,2.28,Rice
2020,Bidar,Rabi,449.63,21.07,2214,60,41,77,7132.62,3.22,Maize
2020,Bidar,Kharif,1102.43,28.37,3766,117,45,31,16492.72,4.38,Ragi
2020,Bidar,Kharif,706.23,32.59,3638,50,52,67,7043.1,1.94,Rice
2020,Chamarajanagar,Kharif,473.05,24.78,3097,141,30,50,5618.04,1.81,Maize
2020,Chamarajanagar,Kharif,448.72,20.46,1878,112,29,82,6842.01,3.64,Ragi
2020,Chamarajanagar,Kharif,630.55,20.1,2485,73,44,93,7426.96,2.99,Rice
2020,Chikkaballapur,Kharif,949.21,32.23,728,148,56,58,3008.36,4.13,Maize
2020,Chikkaballapur,Rabi,937.27,20.48,1418,62,67,95,4402.75,3.1,Ragi
2020,Chikkaballapur,Rabi,899.73,21.22,1579,147,62,39,4510.58,2.86,Rice
2020,Chikkamagaluru,Kharif,773.38,21.15,1577,60,72,67,3151.09,2,Maize
2020,Chikkamagaluru,Kharif,799.44,21.6,1297,149,57,90,2389.62,1.84,Ragi
2020,Chikkamagaluru,Kharif,654.39,28.7,1290,100,60,73,3272.57,2.54,Rice
2020,Chitradurga,Kharif,510.7,34.74,1420,66,64,97,3194.88,2.25,Maize
2020,Chitradurga,Kharif,824.05,27.02,4139,148,43,94,11308.28,2.73,Ragi
2020,Chitradurga,Kharif,752.53,33.2,1605,131,59,90,4841.58,3.02,Rice
2020,Dakshina Kannada,Rabi,781.47,29.45,1801,135,65,48,7178.71,3.99,Maize
2020,Dakshina Kannada,Rabi,556.16,30.18,1192,73,75,93,2943.4,2.47,Ragi
2020,Dakshina Kannada,Kharif,655.3,27.05,4899,68,52,92,14733.61,3.01,Rice
2020,Davangere,Kharif,1181.44,26.07,4578,86,36,67,8070.78,1.76,Maize
2020,Davangere,Rabi,866.17,32.19,4103,134,43,93,10178.82,2.48,Ragi
2020,Davangere,Kharif,592.24,21.42,3278,57,56,75,8013.91,2.44,Rice
2020,Dharwad,Rabi,725.27,22.15,2861,77,76,36,10425.93,3.64,Maize
2020,Dharwad,Rabi,958.27,33.5,3186,54,21,28,12350.76,3.88,Ragi
2020,Dharwad,Rabi,471.9,29.01,3169,66,51,53,7994.99,2.52,Rice
2020,Gadag,Rabi,836.74,33.89,2077,85,76,64,8544.67,4.11,Maize
2020,Gadag,Rabi,618.96,33.68,3093,68,79,28,5544.27,1.79,Ragi
2020,Gadag,Rabi,613.93,32.19,610,113,43,26,1065.8,1.75,Rice
2020,Hassan,Rabi,576.39,29.38,723,140,28,35,2324.32,3.21,Maize
2020,Hassan,Kharif,447.67,29.07,4233,147,23,38,16047.63,3.79,Ragi
2020,Hassan,Kharif,731.31,34.37,3656,60,36,25,11418.94,3.12,Rice
2020,Haveri,Kharif,878.27,21.23,4468,103,36,30,15372.21,3.44,Maize
2020,Haveri,Kharif,910.68,24.61,878,94,72,95,3581.4,4.08,Ragi
2020,Haveri,Rabi,631.55,31.75,2311,96,69,80,9035.4,3.91,Rice
2020,Kalaburagi,Kharif,947.45,34.23,4729,61,67,61,9115.95,1.93,Maize
2020,Kalaburagi,Kharif,628.72,30.09,2369,70,49,32,4760.78,2.01,Ragi
2020,Kalaburagi,Rabi,814.85,23.69,2017,60,59,31,5192.6,2.57,Rice
2020,Kodagu,Kharif,681.23,29.16,2225,141,77,93,3498.44,1.57,Maize
2020,Kodagu,Rabi,879.57,33.54,773,54,30,39,2048.18,2.65,Ragi
2020,Kodagu,Kharif,1099.1,20.19,1404,130,40,69,3060.82,2.18,Rice
2020,Kolar,Kharif,810.38,24.22,3159,105,40,55,12530.76,3.97,Maize
2020,Kolar,Kharif,986.29,33.14,1945,69,37,88,7134.95,3.67,Ragi
2020,Kolar,Rabi,563.39,26.28,3736,90,74,56,8065.67,2.16,Rice
2020,Koppal,Kharif,447.69,30.38,3697,95,48,31,7098.1,1.92,Maize
2020,Koppal,Kharif,838.87,26.04,1691,61,43,59,5172.49,3.06,Ragi
2020,Koppal,Rabi,862.69,32.49,2479,119,29,73,9699.08,3.91,Rice
2020,Mandya,Rabi,921.67,31.71,820,66,64,21,3177,3.87,Maize
2020,Mandya,Rabi,448.81,24.32,1631,68,36,69,2902.88,1.78,Ragi
2020,Mandya,Kharif,602.87,27.06,805,75,37,60,2396.24,2.98,Rice
2020,Mysuru,Rabi,493.82,22.54,2682,97,61,64,6853.62,2.56,Maize
2020,Mysuru,Kharif,805.67,29.57,2988,101,67,28,13313.1,4.46,Ragi
2020,Mysuru,Rabi,616.52,21.22,2359,145,39,81,10563,4.48,Rice
2020,Raichur,Kharif,942.04,28.2,3397,119,56,66,9937.14,2.93,Maize
2020,Raichur,Kharif,749.64,29.42,994,104,64,24,3421.72,3.44,Ragi
2020,Raichur,Rabi,589.54,21.45,2976,149,37,95,6062.39,2.04,Rice
2020,Ramanagara,Kharif,470.23,22.58,2014,124,36,20,6151.22,3.05,Maize
2020,Ramanagara,Rabi,626.63,26,773,82,28,63,3042.22,3.94,Ragi
2020,Ramanagara,Rabi,707.79,26.54,1962,111,33,41,6439.58,3.28,Rice
2020,Shivamogga,Rabi,691.86,29.61,2466,137,68,57,7147.81,2.9,Maize
2020,Shivamogga,Kharif,845.17,25.38,2393,72,48,38,10132,4.23,Ragi
2020,Shivamogga,Rabi,1118.35,32.15,1743,64,50,99,5663.69,3.25,Rice
2020,Tumakuru,Kharif,768.54,27.48,1180,76,23,50,2896.65,2.45,Maize
2020,Tumakuru,Kharif,915.92,24.32,871,124,37,86,2087.22,2.4,Ragi
2020,Tumakuru,Kharif,501.9,21.89,3713,113,78,61,14630.35,3.94,Rice
2020,Udupi,Rabi,501.46,25.88,1172,130,39,45,2329.92,1.99,Maize
2020,Udupi,Kharif,567.06,20.88,1143,100,75,32,3608.56,3.16,Ragi
2020,Udupi,Kharif,544.41,23.94,1692,102,75,77,5204.21,3.08,Rice
2020,Uttara Kannada,Kharif,980.3,21.69,3439,127,66,37,9365.55,2.72,Maize
2020,Uttara Kannada,Rabi,437.76,34.42,4069,140,62,86,14394.04,3.54,Ragi
2020,Uttara Kannada,Kharif,1071.08,30.07,1110,131,63,22,3986.09,3.59,Rice
2020,Vijayapura,Rabi,980.89,25.5,1629,141,28,74,3163,1.94,Maize
2020,Vijayapura,Kharif,650.61,29.54,3433,100,32,77,9251.39,2.69,Ragi
2020,Vijayapura,Rabi,545.97,34.48,4804,96,34,82,13376.99,2.78,Rice
2020,Yadgir,Kharif,777.39,28.3,2440,53,46,71,7834.5,3.21,Maize
2020,Yadgir,Rabi,993.82,20.38,3659,56,34,43,9383.49,2.56,Ragi
2020,Yadgir,Kharif,686.25,28.91,1875,84,47,91,6050.21,3.23,Rice
2021,Bagalkot,Kharif,423.16,23.59,3906,97,56,28,6238.54,1.6,Maize
2021,Bagalkot,Rabi,811.09,31.95,2544,122,74,56,6395.48,2.51,Ragi
2021,Bagalkot,Rabi,1081.48,32.26,1028,121,38,72,1584.13,1.54,Rice
2021,Ballari,Rabi,1052.6,28.96,4775,94,45,99,12801.33,2.68,Maize
2021,Ballari,Kharif,565.59,32.77,2297,130,71,43,4026.17,1.75,Ragi
2021,Ballari,Kharif,454.75,33.46,737,130,45,40,1369.45,1.86,Rice
2021,Belagavi,Kharif,947.1,20.38,4172,146,44,59,14894.63,3.57,Maize
2021,Belagavi,Kharif,980.23,25.41,2621,145,45,81,4616.14,1.76,Ragi
2021,Belagavi,Kharif,544.13,21.65,1965,121,45,89,8156.82,4.15,Rice
2021,Bengaluru Rural,Kharif,462.29,34.33,3257,68,65,88,7298.56,2.24,Maize
2021,Bengaluru Rural,Kharif,535.05,32.81,2051,112,47,33,3157.9,1.54,Ragi
2021,Bengaluru Rural,Kharif,1127.54,22.85,2005,87,68,61,7947.32,3.96,Rice
2021,Bengaluru Urban,Rabi,509.62,28.06,740,116,37,69,1520.52,2.05,Maize
2021,Bengaluru Urban,Rabi,633.09,26.26,4268,108,51,80,11227.4,2.63,Ragi
2021,Bengaluru Urban,Rabi,414.62,33.56,3238,118,72,23,5523.85,1.71,Rice
2021,Bidar,Rabi,549.55,26.68,1377,62,22,91,4081.91,2.96,Maize
2021,Bidar,Rabi,479.38,26.43,3137,96,21,94,10620.33,3.39,Ragi
2021,Bidar,Kharif,907.65,29.32,3497,110,52,36,6512.25,1.86,Rice
2021,Chamarajanagar,Rabi,1112.35,23.94,1193,80,61,76,3479.68,2.92,Maize
2021,Chamarajanagar,Kharif,723.97,34.98,4614,129,38,67,7681.84,1.66,Ragi
2021,Chamarajanagar,Rabi,445.79,33.96,4722,145,36,63,7798.49,1.65,Rice
2021,Chikkaballapur,Kharif,1086.57,22.56,848,71,63,64,2383.11,2.81,Maize
2021,Chikkaballapur,Rabi,1144.54,20.37,4624,142,52,99,16600.47,3.59,Ragi
2021,Chikkaballapur,Rabi,1067.98,30.66,4136,135,31,52,7599.94,1.84,Rice
2021,Chikkamagaluru,Kharif,605.98,31.62,2759,92,68,50,7329.73,2.66,Maize
2021,Chikkamagaluru,Kharif,750.17,24.15,1251,116,75,66,3971.32,3.17,Ragi
2021,Chikkamagaluru,Kharif,623.71,22.05,3067,103,22,25,11298.94,3.68,Rice
2021,Chitradurga,Kharif,545.41,27.56,1593,59,62,91,3932.21,2.47,Maize
2021,Chitradurga,Rabi,638.36,26.83,3258,91,68,90,6485.57,1.99,Ragi
2021,Chitradurga,Rabi,755.7,20.41,2709,113,74,53,7714.7,2.85,Rice
2021,Dakshina Kannada,Rabi,479.6,31.5,808,70,45,72,3554.25,4.4,Maize
2021,Dakshina Kannada,Rabi,813.3,24.27,3735,129,54,33,11397.83,3.05,Ragi
2021,Dakshina Kannada,Rabi,665.94,24.73,4997,125,27,35,9093.89,1.82,Rice
2021,Davangere,Rabi,639.73,34.43,3857,115,71,62,11983.33,3.11,Maize
2021,Davangere,Rabi,944.54,30,2251,90,55,92,6827.09,3.03,Ragi
2021,Davangere,Kharif,1173.82,30.73,3510,73,72,93,15343.63,4.37,Rice
2021,Dharwad,Kharif,983.1,24.52,2821,84,73,31,9303.99,3.3,Maize
2021,Dharwad,Kharif,1112.19,21.72,2620,105,26,89,3960.16,1.51,Ragi
2021,Dharwad,Kharif,755.02,24.24,3208,79,65,38,5591.1,1.74,Rice
2021,Gadag,Rabi,593.28,30.22,2564,106,65,60,9353.35,3.65,Maize
2021,Gadag,Rabi,470.86,30.15,2542,143,55,72,4301.79,1.69,Ragi
2021,Gadag,Rabi,647.58,34.62,3357,96,35,48,9175.82,2.73,Rice
2021,Hassan,Rabi,698.4,23.14,2376,84,43,89,8523.63,3.59,Maize
2021,Hassan,Kharif,660.94,27.03,4234,68,73,78,8230.37,1.94,Ragi
2021,Hassan,Rabi,1008.32,30.15,2298,57,20,83,5521.86,2.4,Rice
2021,Haveri,Kharif,977.93,20.11,824,75,68,43,2494.58,3.03,Maize
2021,Haveri,Kharif,1092.98,33.07,3083,120,44,35,8493.78,2.76,Ragi
2021,Haveri,Kharif,835.84,21.88,1792,79,29,71,4245.58,2.37,Rice
2021,Kalaburagi,Kharif,544.53,34.22,1832,56,73,99,3950.37,2.16,Maize
2021,Kalaburagi,Kharif,1004.95,25.91,725,116,35,25,2410.36,3.32,Ragi
2021,Kalaburagi,Rabi,701.76,32.03,4810,114,35,56,13485.28,2.8,Rice
2021,Kodagu,Rabi,479.66,20.24,3826,85,77,23,16800.18,4.39,Maize
2021,Kodagu,Kharif,955.93,20.16,3529,74,27,57,9465.73,2.68,Ragi
2021,Kodagu,Rabi,674.62,32.78,1862,86,48,60,5916.79,3.18,Rice
2021,Kolar,Rabi,576.26,21.55,581,50,58,33,1891.22,3.26,Maize
2021,Kolar,Rabi,819.36,30,4239,64,47,90,9755.77,2.3,Ragi
2021,Kolar,Rabi,634.12,28.18,4326,86,25,70,8220.48,1.9,Rice
2021,Koppal,Rabi,721.36,27.54,664,62,35,84,2668.19,4.02,Maize
2021,Koppal,Kharif,892.05,22.64,913,57,39,71,2775.13,3.04,Ragi
2021,Koppal,Kharif,526.76,20.93,4426,54,35,49,17562.85,3.97,Rice
2021,Mandya,Kharif,957.25,33.86,2579,109,26,76,10215.35,3.96,Maize
2021,Mandya,Kharif,908.52,25.34,1703,122,60,98,3313.22,1.95,Ragi
2021,Mandya,Kharif,516.82,34.07,2960,50,33,49,12588.71,4.25,Rice
2021,Mysuru,Rabi,916.43,22.34,3420,85,62,61,10742.69,3.14,Maize
2021,Mysuru,Rabi,730.81,20.6,1401,84,45,30,3253.07,2.32,Ragi
2021,Mysuru,Kharif,534.05,24.65,501,115,45,46,1508.03,3.01,Rice
2021,Raichur,Kharif,405.88,30.38,2762,112,33,43,9622.89,3.48,Maize
2021,Raichur,Kharif,694.6,34.69,3810,72,26,58,10524.02,2.76,Ragi
2021,Raichur,Kharif,735.47,30.52,1418,58,52,91,3874.25,2.73,Rice
2021,Ramanagara,Rabi,830.03,20.21,814,83,45,37,1850.14,2.27,Maize
2021,Ramanagara,Kharif,570.51,33.01,2052,95,76,96,8962.17,4.37,Ragi
2021,Ramanagara,Rabi,1158.7,21.37,2822,127,64,64,5599.82,1.98,Rice
2021,Shivamogga,Rabi,474.17,27.98,863,53,39,31,3421.73,3.96,Maize
2021,Shivamogga,Kharif,642.22,27.99,1462,79,22,68,4668.53,3.19,Ragi
2021,Shivamogga,Kharif,645.01,23.98,1046,144,71,50,3753.65,3.59,Rice
2021,Tumakuru,Rabi,1188.61,31.87,3926,124,23,41,12972.1,3.3,Maize
2021,Tumakuru,Rabi,835.68,20.62,2849,148,45,63,10639.52,3.73,Ragi
2021,Tumakuru,Rabi,649.75,30.88,4772,121,30,83,18557.84,3.89,Rice
2021,Udupi,Kharif,484.93,32.56,3279,52,21,96,7277.61,2.22,Maize
2021,Udupi,Kharif,1062.38,25.67,609,63,33,44,2706.12,4.44,Ragi
2021,Udupi,Kharif,891.35,23.55,569,109,63,70,1678.83,2.95,Rice
2021,Uttara Kannada,Rabi,509.64,32.93,1890,126,49,26,7462.24,3.95,Maize
2021,Uttara Kannada,Rabi,1127.79,32.78,1227,94,68,25,2034.03,1.66,Ragi
2021,Uttara Kannada,Kharif,580.67,22.64,4775,145,31,43,19571.29,4.1,Rice
2021,Vijayapura,Kharif,1093.65,23.66,2940,83,45,38,12936.6,4.4,Maize
2021,Vijayapura,Kharif,811.16,30.35,2936,94,63,28,11780.26,4.01,Ragi
2021,Vijayapura,Kharif,927.99,25.83,2289,110,52,55,4335.91,1.89,Rice
2021,Yadgir,Kharif,908.73,31.49,4314,132,32,59,7496.18,1.74,Maize
2021,Yadgir,Kharif,415.56,22.83,4664,65,33,43,12794.4,2.74,Ragi
2021,Yadgir,Kharif,964.49,27.82,1967,115,43,67,3686.04,1.87,Rice
2022,Bagalkot,Kharif,1111,20.93,1664,89,53,82,4742.72,2.85,Maize
2022,Bagalkot,Kharif,853.21,29.74,4966,66,63,88,11957.48,2.41,Ragi
2022,Bagalkot,Kharif,794.78,33.85,1609,83,45,72,2490.02,1.55,Rice
2022,Ballari,Rabi,570.56,31.73,1041,65,40,73,2197.83,2.11,Maize
2022,Ballari,Kharif,474.02,25.99,4369,109,47,61,12044.41,2.76,Ragi
2022,Ballari,Rabi,508.6,34.66,2424,115,67,64,10648.78,4.39,Rice
2022,Belagavi,Kharif,946.74,28.91,1794,115,55,33,6753.48,3.76,Maize
2022,Belagavi,Kharif,758.38,26.08,2103,139,59,48,9363.12,4.45,Ragi
2022,Belagavi,Kharif,800.5,33.68,2059,62,21,25,3994.14,1.94,Rice
2022,Bengaluru Rural,Kharif,1186.45,27.41,1387,105,61,26,5697.87,4.11,Maize
2022,Bengaluru Rural,Kharif,800.83,28.59,4249,80,28,56,8122.73,1.91,Ragi
2022,Bengaluru Rural,Rabi,409.53,22.1,1780,83,42,72,6492.03,3.65,Rice
2022,Bengaluru Urban,Kharif,1060.03,32.87,3507,88,34,37,10138.27,2.89,Maize
2022,Bengaluru Urban,Rabi,1157.5,24.13,4784,116,32,57,12887.53,2.69,Ragi
2022,Bengaluru Urban,Rabi,570.13,21.46,2486,57,42,78,4208.09,1.69,Rice
2022,Bidar,Kharif,802.1,23.87,530,136,36,20,1910.17,3.6,Maize
2022,Bidar,Kharif,439.61,28.99,3286,127,67,87,8297.23,2.53,Ragi
2022,Bidar,Kharif,1171.94,24.1,3275,104,79,63,8839.14,2.7,Rice
2022,Chamarajanagar,Kharif,501.78,33.72,837,76,21,66,2494.79,2.98,Maize
2022,Chamarajanagar,Kharif,430.44,30.93,4915,142,39,54,15158.86,3.08,Ragi
2022,Chamarajanagar,Rabi,498.95,28.75,995,102,39,79,3685.76,3.7,Rice
2022,Chikkaballapur,Kharif,405.89,27.77,691,88,78,71,1114.3,1.61,Maize
2022,Chikkaballapur,Kharif,1136.62,34.53,4826,114,65,27,15065.12,3.12,Ragi
2022,Chikkaballapur,Rabi,618.93,34.7,4218,66,22,99,13872.06,3.29,Rice
2022,Chikkamagaluru,Rabi,931.47,25.15,4876,79,74,60,7593.38,1.56,Maize
2022,Chikkamagaluru,Kharif,748.23,27.88,2573,102,31,22,5400.43,2.1,Ragi
2022,Chikkamagaluru,Rabi,804.84,22.44,1041,62,59,88,4558.79,4.38,Rice
2022,Chitradurga,Rabi,697.38,20.27,651,70,21,33,2349.85,3.61,Maize
2022,Chitradurga,Kharif,904.95,22.45,4830,68,55,45,15440.6,3.2,Ragi
2022,Chitradurga,Kharif,958.67,24.41,4167,102,33,89,14651.83,3.52,Rice
2022,Dakshina Kannada,Rabi,898.36,26.7,1100,68,35,77,4217.35,3.83,Maize
2022,Dakshina Kannada,Kharif,531.65,26.09,2044,106,38,59,8747.82,4.28,Ragi
2022,Dakshina Kannada,Kharif,834.35,21.94,4481,74,53,70,11773.66,2.63,Rice
2022,Davangere,Rabi,422.5,25.63,1181,135,63,24,3992.09,3.38,Maize
2022,Davangere,Kharif,1058.4,23.53,4516,80,65,96,15611.1,3.46,Ragi
2022,Davangere,Kharif,906.54,30.82,1552,130,25,51,3525.3,2.27,Rice
2022,Dharwad,Rabi,515.09,21.57,2583,104,32,99,7151.89,2.77,Maize
2022,Dharwad,Kharif,513.11,21.95,3896,72,55,20,13364.4,3.43,Ragi
2022,Dharwad,Rabi,641.27,22.82,1856,81,41,96,4475.2,2.41,Rice
2022,Gadag,Rabi,1042.54,22.3,1492,111,37,73,3878.68,2.6,Maize
2022,Gadag,Kharif,521.13,31.98,1805,123,31,30,6537.14,3.62,Ragi
2022,Gadag,Rabi,1111,30.39,1117,59,71,72,2491.56,2.23,Rice
2022,Hassan,Kharif,694.98,31.55,4485,149,78,27,17638.63,3.93,Maize
2022,Hassan,Kharif,1157.72,26.1,4878,121,73,44,18612.05,3.82,Ragi
2022,Hassan,Kharif,920.09,31.13,1718,103,49,59,2739.42,1.59,Rice
2022,Haveri,Rabi,835.3,31.11,1813,101,72,51,6836.43,3.77,Maize
2022,Haveri,Rabi,533.43,31.96,1564,69,70,47,5724.76,3.66,Ragi
2022,Haveri,Rabi,1093.46,33.41,1371,81,59,97,5839.61,4.26,Rice
2022,Kalaburagi,Rabi,425.07,21.79,1728,63,26,22,5818.02,3.37,Maize
2022,Kalaburagi,Rabi,565.23,31.03,1938,99,51,98,7944.55,4.1,Ragi
2022,Kalaburagi,Rabi,467.03,29.65,1420,77,67,81,5378.4,3.79,Rice
2022,Kodagu,Rabi,807.33,20.37,832,102,38,46,2263.62,2.72,Maize
2022,Kodagu,Rabi,826.65,34.94,3670,73,25,64,14318.9,3.9,Ragi
2022,Kodagu,Rabi,1178.28,20.07,1464,128,39,44,4008.48,2.74,Rice
2022,Kolar,Rabi,554.67,34.26,1915,71,46,80,5220.48,2.73,Maize
2022,Kolar,Rabi,589.99,34.68,1420,79,72,63,3775.93,2.66,Ragi
2022,Kolar,Kharif,948,30.62,3325,112,62,65,8578.42,2.58,Rice
2022,Koppal,Rabi,858.22,23.58,2473,53,56,33,9599.85,3.88,Maize
2022,Koppal,Kharif,667.24,21.6,3093,126,67,27,6855.74,2.22,Ragi
2022,Koppal,Rabi,444.35,28.31,2273,108,26,67,7418.41,3.26,Rice
2022,Mandya,Kharif,881.81,24.83,566,136,78,33,2168.17,3.83,Maize
2022,Mandya,Rabi,1047.36,30.09,4170,57,24,84,12475.34,2.99,Ragi
2022,Mandya,Kharif,461.93,27.69,1652,131,30,99,4179.4,2.53,Rice
2022,Mysuru,Rabi,445.6,28.82,1048,61,34,26,4214.05,4.02,Maize
2022,Mysuru,Rabi,1055.6,24.9,4754,80,22,98,12117.2,2.55,Ragi
2022,Mysuru,Kharif,865.95,22.8,1917,127,77,68,3958.02,2.06,Rice
2022,Raichur,Kharif,656.05,31.45,4809,83,24,74,18787.55,3.91,Maize
2022,Raichur,Rabi,435.61,24.34,3661,131,42,32,10447.97,2.85,Ragi
2022,Raichur,Rabi,684.85,31.83,3247,147,72,92,7146.88,2.2,Rice
2022,Ramanagara,Rabi,909.92,32.03,3737,124,56,75,10834.03,2.9,Maize
2022,Ramanagara,Rabi,992.3,21.77,622,125,28,75,2344.7,3.77,Ragi
2022,Ramanagara,Rabi,414.42,21.53,3935,98,34,34,10748.44,2.73,Rice
2022,Shivamogga,Kharif,502.25,28.73,3642,128,22,76,8739.43,2.4,Maize
2022,Shivamogga,Kharif,907.94,32.88,2573,106,48,77,6520.78,2.53,Ragi
2022,Shivamogga,Rabi,966.87,30.98,1629,144,25,54,3293.66,2.02,Rice
2022,Tumakuru,Kharif,949.34,23.65,4525,142,36,35,17627.9,3.9,Maize
2022,Tumakuru,Kharif,1024.56,33.65,3868,75,45,27,10244.4,2.65,Ragi
2022,Tumakuru,Kharif,546.74,20.1,600,67,40,64,1740.63,2.9,Rice
2022,Udupi,Kharif,563.41,29.4,4613,145,27,59,11884.14,2.58,Maize
2022,Udupi,Kharif,784.15,27.29,3476,135,40,73,11114.7,3.2,Ragi
2022,Udupi,Rabi,1093.61,30.04,3522,87,76,33,10017.47,2.84,Rice
2022,Uttara Kannada,Kharif,936.69,29.97,3793,130,30,78,10841.39,2.86,Maize
2022,Uttara Kannada,Rabi,1169.29,31.63,1237,136,57,72,4163.51,3.37,Ragi
2022,Uttara Kannada,Rabi,1090.85,25.11,4393,137,27,46,18444.18,4.2,Rice
2022,Vijayapura,Rabi,474.01,21.51,3397,99,61,66,7123.62,2.1,Maize
2022,Vijayapura,Rabi,401.75,29.58,1570,57,43,99,3020.26,1.92,Ragi
2022,Vijayapura,Rabi,1042.16,31.82,1681,90,54,25,4020.35,2.39,Rice
2022,Yadgir,Rabi,967.44,20.32,2172,55,74,74,5987.77,2.76,Maize
2022,Yadgir,Rabi,670.99,28.46,4698,118,33,63,9935.98,2.11,Ragi
2022,Yadgir,Kharif,594.77,26.87,1811,93,74,37,6842.97,3.78,Rice
2023,Bagalkot,Kharif,962.1,34.34,2724,113,33,35,8428.11,3.09,Maize
2023,Bagalkot,Kharif,1162.96,29.63,2321,78,29,31,5557.52,2.39,Ragi
2023,Bagalkot,Kharif,1055.52,25.4,2160,77,31,39,6744.16,3.12,Rice
2023,Ballari,Rabi,1099.04,27.53,1602,60,57,64,4506.33,2.81,Maize
2023,Ballari,Kharif,439.32,22.87,2688,114,63,83,10406.7,3.87,Ragi
2023,Ballari,Kharif,1140.47,27.55,2255,68,74,78,7861.69,3.49,Rice
2023,Belagavi,Rabi,903.9,25.4,2310,58,65,41,6277.28,2.72,Maize
2023,Belagavi,Kharif,489.91,24.03,4857,76,53,66,14460.29,2.98,Ragi
2023,Belagavi,Kharif,1139.73,27.76,1186,83,60,48,2195.52,1.85,Rice
2023,Bengaluru Rural,Kharif,1037.03,28.75,3182,93,29,64,13939.24,4.38,Maize
2023,Bengaluru Rural,Rabi,663.26,24.72,2923,117,77,96,8875,3.04,Ragi
2023,Bengaluru Rural,Rabi,663.62,26.61,4238,149,36,28,17252.26,4.07,Rice
2023,Bengaluru Urban,Kharif,865.16,34.22,2632,131,36,43,4371.99,1.66,Maize
2023,Bengaluru Urban,Rabi,538.94,30.35,1912,64,22,34,6571.14,3.44,Ragi
2023,Bengaluru Urban,Kharif,885.11,30.16,4539,100,50,55,13967.91,3.08,Rice
2023,Bidar,Rabi,531.78,26.45,3779,62,70,32,8925.14,2.36,Maize
2023,Bidar,Rabi,762.73,34.84,1624,132,20,63,2702.72,1.66,Ragi
2023,Bidar,Kharif,662.6,21.69,2043,98,31,90,8396.88,4.11,Rice
2023,Chamarajanagar,Kharif,1041.53,32.77,4823,119,58,91,14223.99,2.95,Maize
2023,Chamarajanagar,Kharif,572.29,24.38,1799,105,23,97,3630.87,2.02,Ragi
2023,Chamarajanagar,Kharif,430.23,29.65,3259,125,61,95,7455.06,2.29,Rice
2023,Chikkaballapur,Rabi,975.97,31.31,4460,100,32,55,9621.01,2.16,Maize
2023,Chikkaballapur,Kharif,644.96,29.83,852,86,53,80,1889.55,2.22,Ragi
2023,Chikkaballapur,Kharif,924.96,27.07,2678,66,61,59,8609.46,3.21,Rice
2023,Chikkamagaluru,Kharif,725.66,30.17,4572,107,40,46,9967.89,2.18,Maize
2023,Chikkamagaluru,Kharif,957.96,21.36,2962,136,41,20,8864.05,2.99,Ragi
2023,Chikkamagaluru,Kharif,1158.29,21.04,3717,139,76,53,10664.97,2.87,Rice
2023,Chitradurga,Rabi,1004.8,26.78,1575,78,23,87,2566.48,1.63,Maize
2023,Chitradurga,Rabi,1070.68,29.81,2289,82,37,40,5324.88,2.33,Ragi
2023,Chitradurga,Rabi,894.87,24.65,510,109,24,52,896.27,1.76,Rice
2023,Dakshina Kannada,Rabi,627.1,27.23,4433,140,38,26,16219.18,3.66,Maize
2023,Dakshina Kannada,Kharif,888.03,25.74,555,138,21,84,1339.53,2.41,Ragi
2023,Dakshina Kannada,Kharif,945.38,23.12,2447,104,31,22,9535.58,3.9,Rice
2023,Davangere,Rabi,693.03,20.79,1298,59,36,70,4886.71,3.76,Maize
2023,Davangere,Kharif,886.29,26.05,1097,96,29,98,3871.77,3.53,Ragi
2023,Davangere,Kharif,868.52,20.13,3416,72,53,73,12922.79,3.78,Rice
2023,Dharwad,Rabi,1046.1,31.57,534,134,25,99,2267.05,4.25,Maize
2023,Dharwad,Kharif,441.87,31.74,2776,70,27,93,11205.41,4.04,Ragi
2023,Dharwad,Rabi,464.05,27.12,2874,62,70,78,4396.95,1.53,Rice
2023,Gadag,Kharif,412.4,22.5,2166,82,30,25,7191.09,3.32,Maize
2023,Gadag,Kharif,416.85,20.55,2826,73,76,48,11890.75,4.21,Ragi
2023,Gadag,Kharif,1068.71,21.52,2006,60,31,36,7076.52,3.53,Rice
2023,Hassan,Kharif,1105.76,26.51,1332,66,28,79,4985.4,3.74,Maize
2023,Hassan,Kharif,979.94,21.71,940,117,21,41,2871.66,3.05,Ragi
2023,Hassan,Rabi,536.87,21.7,3747,96,27,43,12029.97,3.21,Rice
2023,Haveri,Rabi,1090.37,23.99,4824,74,77,70,15786.29,3.27,Maize
2023,Haveri,Kharif,1146.22,21.17,4721,143,30,69,16828.74,3.56,Ragi
2023,Haveri,Rabi,763.37,32.95,3548,122,79,30,15082.13,4.25,Rice
2023,Kalaburagi,Kharif,445.68,21.66,4437,70,72,75,9575.79,2.16,Maize
2023,Kalaburagi,Kharif,1030.72,32.27,2670,133,55,90,11677.88,4.37,Ragi
2023,Kalaburagi,Kharif,628.46,34.42,1282,132,29,61,3126.2,2.44,Rice
2023,Kodagu,Rabi,774.88,28.87,3578,132,40,58,14886.35,4.16,Maize
2023,Kodagu,Kharif,742.14,28.94,2537,61,39,88,4487.84,1.77,Ragi
2023,Kodagu,Rabi,504.36,20.19,3263,86,67,67,6401.65,1.96,Rice
2023,Kolar,Rabi,452.66,30.39,2274,91,27,76,7312.48,3.22,Maize
2023,Kolar,Kharif,497.99,28.01,608,66,55,40,2516.14,4.14,Ragi
2023,Kolar,Kharif,553.02,27.76,4894,97,48,39,20673.48,4.22,Rice
2023,Koppal,Rabi,708.88,30.35,2403,77,61,34,7947.5,3.31,Maize
2023,Koppal,Rabi,988.38,34.88,2366,90,31,88,8014.68,3.39,Ragi
2023,Koppal,Kharif,647.89,27.61,2077,148,33,96,5615.7,2.7,Rice
2023,Mandya,Kharif,656.24,33.6,3561,96,67,70,7384.54,2.07,Maize
2023,Mandya,Kharif,724.57,20.62,3248,67,73,95,8255.98,2.54,Ragi
2023,Mandya,Kharif,841.35,32.62,2158,127,69,81,9690.6,4.49,Rice
2023,Mysuru,Rabi,1013.48,24.02,4227,148,40,56,13832.49,3.27,Maize
2023,Mysuru,Rabi,601.72,27.36,2526,120,41,25,4361.39,1.73,Ragi
2023,Mysuru,Kharif,609.82,26.54,725,62,40,90,1428.76,1.97,Rice
2023,Raichur,Rabi,1048.88,22.96,2277,131,63,45,4874.17,2.14,Maize
2023,Raichur,Rabi,631.94,32.79,2280,62,69,27,6071.35,2.66,Ragi
2023,Raichur,Rabi,816.26,34.63,4031,149,49,92,17725.56,4.4,Rice
2023,Ramanagara,Rabi,442.77,26.69,3846,80,58,23,6338.4,1.65,Maize
2023,Ramanagara,Rabi,706.18,31.36,744,51,39,40,1798.21,2.42,Ragi
2023,Ramanagara,Rabi,1089.5,29.81,1267,65,43,50,3845.06,3.03,Rice
2023,Shivamogga,Kharif,445.68,30.09,1248,58,42,40,3857.91,3.09,Maize
2023,Shivamogga,Kharif,872.14,26.34,4171,122,26,44,8770.08,2.1,Ragi
2023,Shivamogga,Rabi,1025.55,22.93,4811,87,28,34,8468.54,1.76,Rice
2023,Tumakuru,Kharif,1121.3,33.89,3868,124,20,54,5907.58,1.53,Maize
2023,Tumakuru,Kharif,600.29,30.04,4588,103,45,68,19108.18,4.16,Ragi
2023,Tumakuru,Kharif,988.37,21.2,3487,105,57,62,8990.86,2.58,Rice
2023,Udupi,Rabi,1005.43,24.98,2696,135,57,60,10065.05,3.73,Maize
2023,Udupi,Rabi,504.25,25.18,2164,146,73,56,8489.6,3.92,Ragi
2023,Udupi,Kharif,857.83,26.63,1588,149,63,76,4033.77,2.54,Rice
2023,Uttara Kannada,Kharif,427.44,27.46,3970,136,41,61,7799.18,1.96,Maize
2023,Uttara Kannada,Kharif,410.73,20.29,996,94,63,66,4401.21,4.42,Ragi
2023,Uttara Kannada,Rabi,941.68,31.68,3490,83,29,80,6606.72,1.89,Rice
2023,Vijayapura,Kharif,1101.93,20.6,3914,58,74,33,15321.35,3.91,Maize
2023,Vijayapura,Rabi,1157.52,23.61,4576,137,77,87,10158.02,2.22,Ragi
2023,Vijayapura,Rabi,937.83,27.63,1836,57,25,72,6725.94,3.66,Rice
2023,Yadgir,Rabi,407.82,21.13,2652,56,36,53,8239.71,3.11,Maize
2023,Yadgir,Rabi,403.91,34.05,2685,85,70,95,4883.57,1.82,Ragi
2023,Yadgir,Kharif,554.27,22.87,3683,67,69,43,14018.58,3.81,Rice
2024,Bagalkot,Kharif,970.5722452,35.17163664,2718.39618,52,57,39,9215.042652,3.389882136,Maize
2024,Bagalkot,Kharif,1263.283472,30.83330168,2230.961456,77,43,88,5745.987965,2.575565772,Ragi
2024,Bagalkot,Kharif,1037.312652,25.88813585,2247.766609,119,70,49,8050.362585,3.581493984,Rice
2024,Ballari,Rabi,1078.023048,27.52571852,1667.900338,93,29,26,4301.601357,2.579051792,Maize
2024,Ballari,Kharif,468.1730899,22.78896963,2647.264068,70,75,55,7931.236023,2.996012419,Ragi
2024,Ballari,Kharif,1174.292875,27.80381071,2280.608742,77,27,57,5551.47196,2.434206209,Rice
2024,Belagavi,Rabi,905.7496997,26.56333208,2353.525357,103,40,99,5815.858347,2.471126274,Maize
2024,Belagavi,Kharif,488.7503277,23.57353185,4643.784685,103,75,71,18090.83546,3.895709359,Ragi
2024,Belagavi,Kharif,1187.681773,28.90059621,1219.325196,114,25,34,4472.698278,3.668175065,Rice
2024,Bengaluru Rural,Kharif,1065.374968,29.09706567,3332.747674,149,40,65,12042.09759,3.613264119,Maize
2024,Bengaluru Rural,Rabi,683.0573791,24.79989544,3004.652088,70,76,42,7335.953391,2.441531723,Ragi
2024,Bengaluru Rural,Rabi,688.7230549,27.67003074,4208.711594,148,58,31,12655.46774,3.006969583,Rice
2024,Bengaluru Urban,Kharif,834.3199822,35.26114039,2601.243977,62,43,63,5310.567915,2.041549337,Maize
2024,Bengaluru Urban,Rabi,549.2197977,31.51530105,1978.338558,106,52,34,4242.185011,2.144317004,Ragi
2024,Bengaluru Urban,Kharif,853.8448801,30.98038219,4553.592798,98,78,68,13544.74457,2.974518181,Rice
2024,Bidar,Rabi,537.7621883,26.0839437,3907.581464,103,37,40,11084.82389,2.836747997,Maize
2024,Bidar,Rabi,754.6233188,36.04827115,1565.603654,59,75,34,5227.019107,3.338660518,Ragi
2024,Bidar,Kharif,691.4489771,21.31822386,1945.178226,102,47,33,6645.500597,3.416396764,Rice
2024,Chamarajanagar,Kharif,1113.666878,32.79638814,4767.229863,93,76,61,15848.0258,3.324367873,Maize
2024,Chamarajanagar,Kharif,530.08099,25.31465517,1864.13904,96,71,99,6556.397814,3.517118452,Ragi
2024,Chamarajanagar,Kharif,454.2299245,30.68486356,3206.408925,102,51,34,11356.15005,3.541703605,Rice
2024,Chikkaballapur,Rabi,978.9374223,30.84317284,4447.899832,123,31,82,8993.110101,2.021877839,Maize
2024,Chikkaballapur,Kharif,628.0816459,29.55539142,879.426838,95,67,87,2297.945006,2.613003046,Ragi
2024,Chikkaballapur,Kharif,925.6034791,27.99413065,2669.285763,62,61,46,10474.96933,3.924259242,Rice
2024,Chikkamagaluru,Kharif,796.7282245,31.60081119,4716.364401,86,46,72,9803.261503,2.078563205,Maize
2024,Chikkamagaluru,Kharif,893.3247923,21.05791093,2842.27961,73,29,71,6132.348419,2.157545795,Ragi
2024,Chikkamagaluru,Kharif,1080.590142,20.93763453,3865.973734,51,65,82,10347.52377,2.676563391,Rice
2024,Chitradurga,Rabi,930.626502,27.66155152,1635.27537,135,76,92,4855.024651,2.968934003,Maize
2024,Chitradurga,Rabi,1172.983302,31.17220964,2302.136546,130,71,72,8484.021408,3.685281581,Ragi
2024,Chitradurga,Rabi,825.2724461,25.24527087,502.3165685,149,61,76,1195.085862,2.379148801,Rice
2024,Dakshina Kannada,Rabi,679.568982,26.75029708,4514.391084,63,51,71,15966.19329,3.536732417,Maize
2024,Dakshina Kannada,Kharif,860.6052652,25.41196612,551.9670118,59,61,62,1329.608171,2.408854411,Ragi
2024,Dakshina Kannada,Kharif,986.8087475,23.59187578,2475.838506,84,45,26,6786.476137,2.741081909,Rice
2024,Davangere,Rabi,752.4389923,20.71136268,1249.301803,74,44,61,3527.675487,2.823717598,Maize
2024,Davangere,Kharif,803.0670263,26.80815345,1063.530773,52,30,23,3131.380707,2.944325436,Ragi
2024,Davangere,Kharif,785.908411,19.98961939,3459.022297,66,42,88,7710.312088,2.229043766,Rice
2024,Dharwad,Rabi,1014.325252,31.43218972,527.2856835,61,53,24,1652.204,3.133413349,Maize
2024,Dharwad,Kharif,410.627767,31.23135488,2798.852514,103,76,94,5942.662016,2.123249434,Ragi
2024,Dharwad,Rabi,465.1876712,28.06485631,2895.202421,73,71,99,5974.67466,2.063646609,Rice
2024,Gadag,Kharif,382.9633354,22.92026771,2115.56725,78,59,60,6496.621456,3.070865015,Maize
2024,Gadag,Kharif,438.6276367,20.40539062,2808.323827,92,42,23,6403.820633,2.280299933,Ragi
2024,Gadag,Kharif,1042.159283,21.56391884,2041.257536,74,48,21,7037.155973,3.447461111,Rice
2024,Hassan,Kharif,1050.56573,27.70080566,1374.770325,149,50,86,3398.995037,2.472409373,Maize
2024,Hassan,Kharif,1063.799131,22.02827746,944.2921447,109,26,40,1952.818765,2.068023944,Ragi
2024,Hassan,Rabi,529.8795014,22.43638032,3882.672747,139,59,89,11394.16001,2.934617658,Rice
2024,Haveri,Rabi,1002.919405,24.53017943,4708.331463,114,52,62,17009.23172,3.612581624,Maize
2024,Haveri,Kharif,1128.103071,21.31324074,4524.103769,133,40,88,13518.57172,2.988121495,Ragi
2024,Haveri,Rabi,742.8529453,33.42056093,3438.54609,77,21,28,10339.5646,3.00695827,Rice
2024,Kalaburagi,Kharif,435.0392221,22.08881773,4531.647019,65,37,47,17792.80133,3.926343172,Maize
2024,Kalaburagi,Kharif,974.8989134,33.40656763,2560.525555,96,66,45,7472.938489,2.91851744,Ragi
2024,Kalaburagi,Kharif,679.7989993,35.12101541,1309.785998,130,52,22,4999.442791,3.816992087,Rice
2024,Kodagu,Rabi,813.5577795,28.59467231,3406.087402,141,56,92,9573.797837,2.81079042,Maize
2024,Kodagu,Kharif,667.9445055,29.8160131,2485.142808,107,53,68,7392.36617,2.974624294,Ragi
2024,Kodagu,Rabi,468.0195095,20.89177209,3138.085952,125,39,36,11280.41276,3.594679347,Rice
2024,Kolar,Rabi,474.1564955,29.9071491,2233.095321,76,54,82,4492.365349,2.011721267,Maize
2024,Kolar,Kharif,505.9164815,28.91673875,636.0848309,102,70,74,1685.106818,2.649185668,Ragi
2024,Kolar,Kharif,605.7249794,27.5216167,4956.06178,91,69,42,16119.70011,3.252522028,Rice
2024,Koppal,Rabi,649.4294514,30.94538178,2336.662676,108,73,53,8311.420834,3.556962209,Maize
2024,Koppal,Rabi,1073.453329,36.12738625,2451.902731,96,37,88,9480.496171,3.866587385,Ragi
2024,Koppal,Kharif,646.9479374,27.12762871,2029.023614,143,65,34,4132.41539,2.036652192,Rice
2024,Mandya,Kharif,678.5278466,33.42559594,3433.198135,83,43,66,10306.54443,3.002024359,Maize
2024,Mandya,Kharif,658.4889479,20.59063784,3137.491929,86,27,22,11988.97814,3.821198083,Ragi
2024,Mandya,Kharif,911.1880207,33.71591377,2208.148726,55,49,47,8012.816072,3.628748363,Rice
2024,Mysuru,Rabi,1109.109442,24.99557123,4056.995623,56,63,22,9349.378948,2.30450802,Maize
2024,Mysuru,Rabi,639.4182062,27.77413087,2406.353821,145,72,23,9523.863902,3.95779865,Ragi
2024,Mysuru,Kharif,566.7256619,26.633321,722.3233115,145,29,50,2608.342653,3.611045928,Rice
2024,Raichur,Rabi,1151.525804,22.80975977,2252.115657,74,42,64,6160.346734,2.735359844,Maize
2024,Raichur,Rabi,607.352549,33.38048604,2292.556267,82,71,78,5137.400876,2.240905033,Ragi
2024,Raichur,Rabi,801.6445244,34.10574171,4125.702405,104,68,64,9458.381178,2.292550516,Rice
2024,Ramanagara,Rabi,445.1366755,27.69559397,3959.263736,107,30,94,14081.38986,3.556567786,Maize
2024,Ramanagara,Rabi,666.8749417,31.7937608,741.8687681,56,21,56,2329.488246,3.140027382,Ragi
2024,Ramanagara,Rabi,1184.03935,31.27806167,1252.251548,106,77,84,2641.97959,2.109783449,Rice
2024,Shivamogga,Kharif,421.1763721,30.14577795,1291.806699,61,45,28,4926.401177,3.813574571,Maize
2024,Shivamogga,Kharif,864.8060377,26.3659434,4185.79192,65,55,36,12633.83377,3.018266079,Ragi
2024,Shivamogga,Rabi,1080.989753,22.95436347,4883.253145,129,52,84,11455.55081,2.345885103,Rice
2024,Tumakuru,Kharif,1188.067973,33.24557304,3966.235196,92,66,22,8502.568877,2.143737942,Maize
2024,Tumakuru,Kharif,602.2899465,29.47151444,4518.62678,149,32,45,17057.24699,3.774874055,Ragi
2024,Tumakuru,Kharif,1071.028369,21.90743239,3489.87384,126,59,72,8857.473433,2.538049752,Rice
2024,Udupi,Rabi,1058.863328,25.46811802,2737.862462,56,44,50,8474.812746,3.095412156,Maize
2024,Udupi,Rabi,483.7555687,26.39524058,2186.097398,149,23,45,4551.967381,2.082234481,Ragi
2024,Udupi,Kharif,818.5663402,27.06826717,1530.879153,100,61,42,6041.467687,3.946404049,Rice
2024,Uttara Kannada,Kharif,429.4557251,27.99795659,3957.024104,122,38,49,9279.235533,2.34500354,Maize
2024,Uttara Kannada,Kharif,375.379079,20.9202578,995.6607887,81,37,29,2138.604973,2.147925275,Ragi
2024,Uttara Kannada,Rabi,951.5235438,31.66600093,3573.155838,124,56,91,8455.466603,2.366386182,Rice
2024,Vijayapura,Kharif,1098.207125,21.46794559,3988.352024,57,49,83,9258.140635,2.321294755,Maize
2024,Vijayapura,Rabi,1115.176027,24.52570481,4697.265618,146,38,41,12328.21358,2.624551086,Ragi
2024,Vijayapura,Rabi,961.742763,28.03653241,1899.563417,136,77,34,4232.627098,2.228210472,Rice
2024,Yadgir,Rabi,424.516094,21.32675971,2767.724812,138,42,75,7277.917237,2.629566786,Maize
2024,Yadgir,Rabi,385.7461056,34.62939199,2588.82811,121,78,93,10149.51649,3.920506136,Ragi
2024,Yadgir,Kharif,596.9478759,23.74994788,3850.738156,94,73,39,9779.138152,2.539548979,Rice
2025,Bagalkot,Kharif,988.2951356,34.2886882,2762.076453,135,35,66,6253.120179,2.26392002,Maize
2025,Bagalkot,Kharif,1126.829967,30.79541579,2404.049398,108,20,72,7026.011368,2.922573627,Ragi
2025,Bagalkot,Kharif,1096.325411,25.07983252,2166.438061,53,31,72,5861.648677,2.705661787,Rice
2025,Ballari,Rabi,1169.107244,27.58611684,1675.249504,116,43,20,5572.782982,3.326539102,Maize
2025,Ballari,Kharif,405.8909997,22.53633003,2598.780355,78,53,21,6132.411324,2.359726674,Ragi
2025,Ballari,Kharif,1157.776301,28.69076953,2235.529414,78,72,77,6344.923929,2.838219837,Rice
2025,Belagavi,Rabi,971.9530212,25.21821395,2217.768919,147,76,38,6790.715852,3.061958256,Maize
2025,Belagavi,Kharif,491.4974149,24.07493503,5016.54073,147,27,81,17564.97223,3.501411266,Ragi
2025,Belagavi,Kharif,1232.625613,28.00355331,1230.001037,77,37,97,2890.038484,2.349622803,Rice
2025,Bengaluru Rural,Kharif,935.9111205,29.74572617,3090.703184,126,76,91,9262.760841,2.996975216,Maize
2025,Bengaluru Rural,Rabi,726.5014503,24.70257517,3006.514386,128,67,31,11943.33982,3.97248717,Ragi
2025,Bengaluru Rural,Rabi,604.201623,26.08195606,4104.638119,136,24,45,13853.6683,3.375125383,Rice
2025,Bengaluru Urban,Kharif,877.5384279,33.61093853,2571.955163,93,45,46,7254.185889,2.820494693,Maize
2025,Bengaluru Urban,Rabi,561.9654773,31.75225642,1851.88847,139,49,48,5605.431089,3.026872936,Ragi
2025,Bengaluru Urban,Kharif,925.5373407,29.71768598,4734.837034,53,73,34,10580.09106,2.234520636,Rice
2025,Bidar,Rabi,496.4925648,27.76343935,3824.130793,139,32,65,12711.8285,3.324109239,Maize
2025,Bidar,Rabi,726.813558,35.44331707,1619.87128,58,38,20,3634.938896,2.24396774,Ragi
2025,Bidar,Kharif,727.1166539,21.76597734,2092.902142,54,48,79,5092.664908,2.433302927,Rice
2025,Chamarajanagar,Kharif,1009.518944,33.92859987,5055.217048,105,22,76,12874.37801,2.546750791,Maize
2025,Chamarajanagar,Kharif,542.99016,24.82323181,1811.8653,145,45,22,6621.579145,3.654564799,Ragi
2025,Chamarajanagar,Kharif,456.9338176,29.81665885,3319.950811,133,59,37,11892.85064,3.582237,Rice
2025,Chikkaballapur,Rabi,953.5106825,31.66199053,4569.639391,99,78,71,13419.53161,2.936671903,Maize
2025,Chikkaballapur,Kharif,701.7748279,29.2467303,815.5249689,124,77,79,1784.851529,2.18859213,Ragi
2025,Chikkaballapur,Kharif,903.22487,26.91544237,2731.812298,64,77,53,8414.58829,3.080221982,Rice
2025,Chikkamagaluru,Kharif,673.9765463,31.15160357,4588.259524,81,31,79,11223.29195,2.446089174,Maize
2025,Chikkamagaluru,Kharif,926.9568211,21.9864955,3033.288064,77,21,45,10733.48184,3.538563306,Ragi
2025,Chikkamagaluru,Kharif,1144.042591,20.86350155,3697.64957,71,30,91,10169.08494,2.750148369,Rice
2025,Chitradurga,Rabi,1093.0432,27.69520143,1516.534967,66,63,38,6035.291093,3.979658382,Maize
2025,Chitradurga,Rabi,1011.043853,30.00408883,2344.999803,108,47,41,4963.182175,2.116495775,Ragi
2025,Chitradurga,Rabi,946.3106169,25.35434652,508.1048872,139,37,52,1787.320455,3.517621066,Rice
2025,Dakshina Kannada,Rabi,663.5916642,26.85375148,4474.027561,120,32,57,12758.59379,2.8517021,Maize
2025,Dakshina Kannada,Kharif,817.3725189,25.50743222,534.31377,106,56,54,1505.419638,2.817482391,Ragi
2025,Dakshina Kannada,Kharif,970.3028177,22.92134375,2462.187546,75,41,86,8645.917385,3.511477995,Rice
2025,Davangere,Rabi,678.7495717,21.01509366,1249.349108,74,31,29,3988.098741,3.192141185,Maize
2025,Davangere,Kharif,908.1032378,25.87761172,1102.839049,59,21,34,2675.481752,2.425994759,Ragi
2025,Davangere,Kharif,875.5283745,19.91764692,3246.970004,94,56,30,10009.39998,3.082689389,Rice
2025,Dharwad,Rabi,1106.097398,31.08234668,559.0322193,132,26,43,1912.136505,3.42044061,Maize
2025,Dharwad,Kharif,483.1006408,32.40170707,2879.2704,60,45,96,7807.92641,2.711772542,Ragi
2025,Dharwad,Rabi,471.4486253,27.43179824,2931.803093,126,45,23,10709.28322,3.652797574,Rice
2025,Gadag,Kharif,399.8677989,22.4961708,2196.260204,102,43,32,6359.701668,2.8956959,Maize
2025,Gadag,Kharif,454.7758399,21.19626125,2744.702751,121,31,92,9616.156676,3.503533005,Ragi
2025,Gadag,Kharif,1168.55465,22.30665861,2065.563564,117,35,76,6888.256544,3.334807344,Rice
2025,Hassan,Kharif,1113.817501,27.07979026,1316.773126,144,42,56,4781.654759,3.631342912,Maize
2025,Hassan,Kharif,1020.106098,21.98560075,985.233405,77,59,67,3431.260945,3.482688394,Ragi
2025,Hassan,Rabi,499.4984179,22.03451782,3891.275182,124,79,90,7991.596914,2.053721862,Rice
2025,Haveri,Rabi,985.4341898,25.07523028,4661.495198,114,28,20,12118.71624,2.599748734,Maize
2025,Haveri,Kharif,1249.463546,21.51884294,4698.940194,98,51,79,11193.8984,2.382217679,Ragi
2025,Haveri,Rabi,780.7239015,33.40903217,3529.927102,96,34,31,13712.14154,3.884539581,Rice
2025,Kalaburagi,Kharif,443.956455,21.37457684,4434.823643,101,56,40,15228.5288,3.433852172,Maize
2025,Kalaburagi,Kharif,1040.373421,33.59242106,2695.89773,137,32,30,7642.446579,2.834842915,Ragi
2025,Kalaburagi,Kharif,596.6584313,33.89524668,1240.775069,103,24,63,4514.31496,3.638302441,Rice
2025,Kodagu,Rabi,784.7151702,28.60730417,3681.734946,109,30,77,8803.788946,2.391206612,Maize
2025,Kodagu,Kharif,725.6563666,29.47897009,2416.315769,106,29,63,5728.989031,2.370960412,Ragi
2025,Kodagu,Rabi,515.3968209,20.35202009,3314.00519,96,71,97,7588.868323,2.289938575,Rice
2025,Kolar,Rabi,475.0523221,31.0306512,2217.717338,80,32,53,6430.476727,2.899592575,Maize
2025,Kolar,Kharif,534.0030508,27.5587809,632.0634485,95,60,44,2474.968007,3.91569551,Ragi
2025,Kolar,Kharif,523.8638946,27.35472986,4730.000801,75,72,23,9928.15698,2.09897575,Rice
2025,Koppal,Rabi,770.2939838,31.72809061,2506.219613,54,65,83,7525.773733,3.002838895,Maize
2025,Koppal,Rabi,939.36874,35.64805944,2421.391097,133,69,35,8760.651783,3.618024282,Ragi
2025,Koppal,Kharif,684.3666397,28.96970569,1975.740439,101,34,29,7483.050635,3.787466453,Rice
2025,Mandya,Kharif,673.2522486,33.56496062,3705.818691,124,61,85,14292.34543,3.856730893,Maize
2025,Mandya,Kharif,736.6271395,21.20836135,3336.281786,103,75,54,8962.221367,2.68629029,Ragi
2025,Mandya,Kharif,839.2230099,34.13004663,2149.007118,82,26,25,7132.995595,3.319205197,Rice
2025,Mysuru,Rabi,1039.90899,24.32913115,4426.871475,99,59,38,9574.059539,2.162714592,Maize
2025,Mysuru,Rabi,592.9698197,28.14677119,2506.946579,87,47,78,8823.928706,3.519791279,Ragi
2025,Mysuru,Kharif,563.6780269,26.30591349,725.9886494,76,51,72,2219.554606,3.057285548,Rice
2025,Raichur,Rabi,1124.32296,23.04568158,2179.411588,147,54,27,6211.700054,2.850172995,Maize
2025,Raichur,Rabi,676.6617058,33.62518701,2354.902514,64,34,97,5578.832417,2.369029029,Ragi
2025,Raichur,Rabi,766.0362562,34.39704901,3933.87168,145,67,29,10327.44865,2.625263224,Rice
2025,Ramanagara,Rabi,443.0187115,26.68917095,3794.795168,110,55,86,11877.98437,3.130072597,Maize
2025,Ramanagara,Rabi,671.539486,31.5173073,776.1292799,70,40,57,2840.71082,3.660100056,Ragi
2025,Ramanagara,Rabi,1012.742223,30.82109489,1319.127809,95,25,48,5090.796533,3.859214019,Rice
2025,Shivamogga,Kharif,456.3342024,30.50108361,1234.277654,118,20,34,3540.748861,2.868681006,Maize
2025,Shivamogga,Kharif,858.8279172,26.7120082,4034.594592,55,23,42,10765.70313,2.668348178,Ragi
2025,Shivamogga,Rabi,1098.896486,23.44797231,4911.256098,87,30,65,11915.2063,2.426101605,Rice
2025,Tumakuru,Kharif,1162.879736,33.62094782,3678.377112,111,63,47,8355.28777,2.271460352,Maize
2025,Tumakuru,Kharif,652.7486828,30.10183935,4579.794397,135,45,45,14594.92208,3.18680727,Ragi
2025,Tumakuru,Kharif,1059.317401,20.86558895,3591.889173,111,56,29,9217.742834,2.566265937,Rice
2025,Udupi,Rabi,956.1597028,25.70576165,2825.623251,131,42,66,8903.02183,3.150817019,Maize
2025,Udupi,Rabi,527.9350081,26.1754136,2079.2297,127,48,23,7897.746634,3.798400261,Ragi
2025,Udupi,Kharif,797.0754118,27.74044482,1565.986486,123,40,74,4630.06007,2.956641141,Rice
2025,Uttara Kannada,Kharif,403.8030102,27.40697515,3835.344973,95,67,85,10952.49219,2.855673289,Maize
2025,Uttara Kannada,Kharif,389.2099226,20.07050284,968.8346066,62,64,86,2587.105343,2.670327138,Ragi
2025,Uttara Kannada,Rabi,969.3566175,32.78090938,3447.050632,144,64,26,11126.96034,3.227965449,Rice
2025,Vijayapura,Kharif,1010.948533,20.78763939,3876.097791,143,68,74,12903.1693,3.328907059,Maize
2025,Vijayapura,Rabi,1165.707249,24.4240678,4432.629919,52,46,99,17108.58875,3.859692566,Ragi
2025,Vijayapura,Rabi,1012.312052,28.77707625,1747.307385,143,58,50,5314.586788,3.041586634,Rice
2025,Yadgir,Rabi,383.0315765,21.63621564,2632.344047,55,59,93,8844.961305,3.360108385,Maize
2025,Yadgir,Rabi,407.3966858,34.62856248,2813.19264,142,32,38,11225.32267,3.990243152,Ragi
2025,Yadgir,Kharif,600.7668527,22.45164978,3575.719583,57,42,47,11290.6231,3.157580687,Rice
2026,Bagalkot,Kharif,1043.135086,35.8724631,2616.612655,93,78,47,10458.873,3.997104033,Maize
2026,Bagalkot,Kharif,1155.597403,29.88450706,2276.980853,82,35,38,8109.52887,3.561527037,Ragi
2026,Bagalkot,Kharif,1048.592287,26.14843014,2230.221325,130,49,39,6094.063868,2.73249287,Rice
2026,Ballari,Rabi,1180.801077,28.40187229,1523.279464,124,23,32,5624.412411,3.69230502,Maize
2026,Ballari,Kharif,398.0143434,23.82525261,2785.974367,126,59,96,9994.923617,3.587586352,Ragi
2026,Ballari,Kharif,1089.349126,27.19611275,2223.681578,99,35,62,6794.78803,3.055647939,Rice
2026,Belagavi,Rabi,828.2125808,26.5441077,2238.741425,60,50,30,4644.966388,2.074811471,Maize
2026,Belagavi,Kharif,505.0630612,24.55018121,4810.793754,144,72,67,13046.62956,2.711949468,Ragi
2026,Belagavi,Kharif,1094.141957,27.86638358,1215.059708,77,61,34,4494.568091,3.699051216,Rice
2026,Bengaluru Rural,Kharif,1051.694582,28.821723,3218.046636,119,44,36,11220.19321,3.486647176,Maize
2026,Bengaluru Rural,Rabi,726.9323749,25.21046144,3063.528004,90,63,73,9605.048993,3.13529009,Ragi
2026,Bengaluru Rural,Rabi,614.4030497,26.40900549,4317.611881,65,31,69,15403.08126,3.567500204,Rice
2026,Bengaluru Urban,Kharif,862.1727978,34.22845126,2602.509961,117,45,47,5592.967628,2.149066752,Maize
2026,Bengaluru Urban,Rabi,592.3457418,30.70907446,1843.284874,148,56,23,5782.638268,3.13713759,Ragi
2026,Bengaluru Urban,Kharif,963.6103662,30.68253999,4345.2812,97,67,41,10836.48929,2.493852249,Rice
2026,Bidar,Rabi,510.516951,26.6111476,3591.423476,105,52,58,8272.22123,2.303326602,Maize
2026,Bidar,Rabi,702.5879395,36.41842572,1691.196574,113,47,53,4503.406852,2.662852397,Ragi
2026,Bidar,Kharif,653.336181,22.35706892,2019.034853,108,28,63,7871.177655,3.898485281,Rice
2026,Chamarajanagar,Kharif,1139.894229,32.60256575,4830.988313,139,31,61,11279.83208,2.334891195,Maize
2026,Chamarajanagar,Kharif,622.947355,25.57546194,1859.621218,111,24,59,6400.001314,3.441561782,Ragi
2026,Chamarajanagar,Kharif,409.2780722,30.87963966,3303.256975,125,73,31,9399.838062,2.84562725,Rice
2026,Chikkaballapur,Rabi,1010.699654,32.71554436,4424.935007,60,71,21,14732.81356,3.329498295,Maize
2026,Chikkaballapur,Kharif,657.5884289,30.89670512,833.2047702,138,73,47,2872.383762,3.447392364,Ragi
2026,Chikkaballapur,Kharif,961.0205992,28.30943676,2732.145139,67,47,93,7886.99524,2.886740945,Rice
2026,Chikkamagaluru,Kharif,736.7482524,30.89315971,4422.459172,68,75,86,14792.49643,3.344857659,Maize
2026,Chikkamagaluru,Kharif,943.3412703,21.89620494,2934.770225,136,54,90,8885.641647,3.027712892,Ragi
2026,Chikkamagaluru,Kharif,1265.430842,20.9604084,3642.132961,104,24,91,10687.138,2.934307483,Rice
2026,Chitradurga,Rabi,1011.313624,28.02584082,1612.984775,131,53,95,4180.982674,2.592078201,Maize
2026,Chitradurga,Rabi,1088.862291,30.79689931,2355.348785,75,65,29,8178.943423,3.472497779,Ragi
2026,Chitradurga,Rabi,939.8442143,24.63124418,510.4100875,55,53,76,1099.991685,2.155113529,Rice
2026,Dakshina Kannada,Rabi,664.6580297,26.89804183,4398.578704,53,32,56,11211.17336,2.548817268,Maize
2026,Dakshina Kannada,Kharif,799.3045038,26.54139778,547.9221843,78,58,96,1635.952575,2.985738892,Ragi
2026,Dakshina Kannada,Kharif,917.9231728,24.11611089,2558.545615,108,61,83,8016.626101,3.133274644,Rice
2026,Davangere,Rabi,635.1531001,20.44290626,1298.735677,147,64,98,3316.749722,2.553829682,Maize
2026,Davangere,Kharif,954.6044311,27.14437958,1052.428893,66,67,59,3491.396776,3.31746572,Ragi
2026,Davangere,Kharif,851.3814232,20.96337164,3406.24073,92,77,79,12647.11816,3.712925528,Rice
2026,Dharwad,Rabi,1052.491125,31.98480427,523.1810456,129,33,67,1186.15884,2.267205301,Maize
2026,Dharwad,Kharif,420.3146608,32.73405356,2829.265385,115,30,38,7017.30114,2.480255538,Ragi
2026,Dharwad,Rabi,468.4536814,26.92750397,2872.054655,83,61,91,8510.282681,2.96313396,Rice
2026,Gadag,Kharif,395.1887183,22.37128473,2229.383027,57,57,52,6632.848395,2.975194623,Maize
2026,Gadag,Kharif,393.738825,20.8129197,2789.598392,62,23,63,6241.156366,2.237295656,Ragi
2026,Gadag,Kharif,961.8636491,21.72723557,2007.528155,57,72,56,5493.981966,2.73668987,Rice
2026,Hassan,Kharif,1179.798704,26.28288826,1303.421288,143,52,55,2846.630307,2.183967941,Maize
2026,Hassan,Kharif,992.4327511,21.76437942,970.7554892,145,26,40,2871.047886,2.957539687,Ragi
2026,Hassan,Rabi,556.1205099,22.41410218,3822.164493,149,75,21,9369.172958,2.451274134,Rice
2026,Haveri,Rabi,1109.834818,23.88641203,4830.388149,143,60,50,14167.67897,2.933031162,Maize
2026,Haveri,Kharif,1047.573737,21.56566384,4814.005437,114,27,49,18365.31618,3.814976201,Ragi
2026,Haveri,Rabi,789.0568912,33.79054617,3487.509545,92,56,95,7725.933085,2.215315251,Rice
2026,Kalaburagi,Kharif,420.3283016,21.58847996,4561.372349,88,70,63,9573.507772,2.09882181,Maize
2026,Kalaburagi,Kharif,1079.173816,31.72728132,2642.542296,130,29,31,6134.223641,2.321334137,Ragi
2026,Kalaburagi,Kharif,590.5497534,35.02047671,1238.027848,108,62,70,3931.44046,3.175567066,Rice
2026,Kodagu,Rabi,773.0057889,28.8728222,3399.245821,133,76,68,12914.01983,3.79908383,Maize
2026,Kodagu,Kharif,747.8940112,28.88436257,2493.362909,137,34,43,5015.8924,2.011697688,Ragi
2026,Kodagu,Rabi,489.0192498,20.87971671,3100.440831,135,57,43,11079.97447,3.573677122,Rice
2026,Kolar,Rabi,479.1473581,30.02678722,2284.723439,142,34,79,8957.93489,3.920796162,Maize
2026,Kolar,Kharif,529.0597852,27.95653678,591.4733569,135,24,30,2291.65582,3.874486979,Ragi
2026,Kolar,Kharif,541.6956031,27.2888002,4845.291154,93,48,32,19044.77623,3.930574165,Rice
2026,Koppal,Rabi,676.1267658,30.4723989,2418.397972,58,38,91,5258.195378,2.174247348,Maize
2026,Koppal,Rabi,943.9211962,34.45697433,2469.290727,86,73,93,6467.925529,2.61934549,Ragi
2026,Koppal,Kharif,601.1466021,28.761414,2128.470837,123,70,91,8282.76856,3.891417452,Rice
2026,Mandya,Kharif,653.5125116,32.98410125,3459.660782,85,29,83,11393.8162,3.293333339,Maize
2026,Mandya,Kharif,712.0848859,21.00240751,3408.023091,141,31,39,12312.92773,3.612923797,Ragi
2026,Mandya,Kharif,899.7310234,34.01152927,2080.478023,77,73,91,6457.727734,3.103963447,Rice
2026,Mysuru,Rabi,968.3046264,23.83195702,4349.937811,91,23,92,12815.1175,2.946046141,Maize
2026,Mysuru,Rabi,567.7795645,28.24513115,2451.036333,92,50,90,8357.473136,3.409771216,Ragi
2026,Mysuru,Kharif,663.1462151,26.17316816,744.0573527,134,37,97,2343.246786,3.149282481,Rice
2026,Raichur,Rabi,1006.880321,23.07053362,2295.370242,137,35,47,8725.81687,3.801485577,Maize
2026,Raichur,Rabi,675.381834,32.52827573,2299.553487,91,59,21,4723.608144,2.054141455,Ragi
2026,Raichur,Rabi,887.1506817,34.61836817,3868.030219,115,55,62,14347.81518,3.709333786,Rice
2026,Ramanagara,Rabi,460.2541625,27.17462854,3997.887958,104,44,27,14768.67449,3.694119157,Maize
2026,Ramanagara,Rabi,660.1155911,32.03169277,743.9635331,121,42,32,2791.695506,3.752462832,Ragi
2026,Ramanagara,Rabi,1137.765106,30.35311036,1207.729192,97,31,54,3699.720224,3.063369046,Rice
2026,Shivamogga,Kharif,402.1388399,30.24303325,1225.53913,140,53,42,4512.123829,3.681746031,Maize
2026,Shivamogga,Kharif,856.3816413,26.46543012,4351.285,71,55,65,9939.787564,2.284333838,Ragi
2026,Shivamogga,Rabi,1051.47934,22.80629894,4577.749421,76,56,34,13488.20806,2.946471469,Rice
2026,Tumakuru,Kharif,1223.505218,34.81874278,3996.183046,142,22,21,8204.021638,2.052964427,Maize
2026,Tumakuru,Kharif,578.9314674,30.02233599,4463.34615,116,28,80,11977.92309,2.683619573,Ragi
2026,Tumakuru,Kharif,948.699032,21.99421539,3612.076085,62,72,95,11217.6069,3.105584331,Rice
2026,Udupi,Rabi,1089.70407,25.73168172,2606.398307,94,37,83,10026.94329,3.847049494,Maize
2026,Udupi,Rabi,526.2277469,25.64151032,2100.837501,59,62,71,4633.600974,2.20559704,Ragi
2026,Udupi,Kharif,936.564272,27.90124079,1620.693102,149,54,55,5829.315849,3.596804258,Rice
2026,Uttara Kannada,Kharif,414.9250189,27.66982694,3877.712887,58,76,86,9237.372983,2.382170432,Maize
2026,Uttara Kannada,Kharif,379.4939401,20.30379366,971.4650937,103,74,88,2870.058493,2.954360904,Ragi
2026,Uttara Kannada,Rabi,1009.35538,31.70325975,3344.376094,76,53,86,8301.973432,2.48236837,Rice
2026,Vijayapura,Kharif,1073.843298,21.44119062,3953.156266,83,60,66,9814.233089,2.482632213,Maize
2026,Vijayapura,Rabi,1059.432761,23.25015297,4480.282201,50,33,21,13132.70048,2.931221715,Ragi
2026,Vijayapura,Rabi,855.4302081,27.44598016,1877.135923,81,23,63,6663.43432,3.549787866,Rice
2026,Yadgir,Rabi,413.7086547,20.80067253,2547.516006,138,48,83,7542.336562,2.960663071,Maize
2026,Yadgir,Rabi,410.0466779,33.85528812,2704.057948,142,60,97,5593.6686,2.068620092,Ragi
2026,Yadgir,Kharif,560.973564,22.91739684,3592.912539,120,64,47,7344.61518,2.044195371,Rice
